browser	Set up job	﻿2026-10-04T00:40:58.4381695Z Current runner version: '2.337.0'
browser	Set up job	2026-10-04T00:40:58.4408045Z ##[group]Runner Image Provisioner
browser	Set up job	2026-10-04T00:40:58.4409031Z Hosted Compute Agent
browser	Set up job	2026-10-04T00:40:58.4409619Z Version: 20260901.588
browser	Set up job	2026-10-04T00:40:58.4410339Z Commit: f88ec8081b781fac6c440065ac7ff9e710ce3d0b
browser	Set up job	2026-10-04T00:40:58.4411123Z Build Date: 2026-09-01T19:56:44Z
browser	Set up job	2026-10-04T00:40:58.4411873Z Worker ID: {8aa1aa63-114f-4afe-81db-77fe723b51a1}
browser	Set up job	2026-10-04T00:40:58.4412593Z Azure Region: eastus
browser	Set up job	2026-10-04T00:40:58.4413157Z ##[endgroup]
browser	Set up job	2026-10-04T00:40:58.4414852Z ##[group]Operating System
browser	Set up job	2026-10-04T00:40:58.4415544Z Ubuntu
browser	Set up job	2026-10-04T00:40:58.4416166Z 26.04.1
browser	Set up job	2026-10-04T00:40:58.4417164Z LTS
browser	Set up job	2026-10-04T00:40:58.4417776Z ##[endgroup]
browser	Set up job	2026-10-04T00:40:58.4418344Z ##[group]Runner Image
browser	Set up job	2026-10-04T00:40:58.4419042Z Image: ubuntu-26.04
browser	Set up job	2026-10-04T00:40:58.4419641Z Version: 20260927.149.1
browser	Set up job	2026-10-04T00:40:58.4420695Z Included Software: https://github.com/actions/runner-images/blob/ubuntu26/20260927.149/images/ubuntu/Ubuntu2604-Readme.md
browser	Set up job	2026-10-04T00:40:58.4422490Z Image Release: https://github.com/actions/runner-images/releases/tag/ubuntu26%2F20260927.149
browser	Set up job	2026-10-04T00:40:58.4423572Z ##[endgroup]
browser	Set up job	2026-10-04T00:40:58.4424647Z ##[group]GITHUB_TOKEN Permissions
browser	Set up job	2026-10-04T00:40:58.4427215Z Contents: read
browser	Set up job	2026-10-04T00:40:58.4427844Z Metadata: read
browser	Set up job	2026-10-04T00:40:58.4428549Z ##[endgroup]
browser	Set up job	2026-10-04T00:40:58.4430580Z Secret source: Actions
browser	Set up job	2026-10-04T00:40:58.4431665Z Cache mode: write
browser	Set up job	2026-10-04T00:40:58.4432372Z Prepare workflow directory
browser	Set up job	2026-10-04T00:40:58.4758192Z Prepare all required actions
browser	Set up job	2026-10-04T00:40:58.4805431Z Getting action download info
browser	Set up job	2026-10-04T00:40:58.6526498Z Download action repository 'actions/checkout@3d3c42e5aac5ba805825da76410c181273ba90b1' (SHA:3d3c42e5aac5ba805825da76410c181273ba90b1)
browser	Set up job	2026-10-04T00:40:58.7502988Z Download action repository 'actions/setup-python@5fda3b95a4ea91299a34e894583c3862153e4b97' (SHA:5fda3b95a4ea91299a34e894583c3862153e4b97)
browser	Set up job	2026-10-04T00:40:58.8048619Z Download action repository 'actions/setup-node@820762786026740c76f36085b0efc47a31fe5020' (SHA:820762786026740c76f36085b0efc47a31fe5020)
browser	Set up job	2026-10-04T00:40:58.8790784Z Download action repository 'actions/upload-artifact@043fb46d1a93c77aae656e7c1c64a875d1fc6a0a' (SHA:043fb46d1a93c77aae656e7c1c64a875d1fc6a0a)
browser	Set up job	2026-10-04T00:40:59.0541536Z Complete job name: browser
browser	Run actions/checkout@3d3c42e5aac5ba805825da76410c181273ba90b1	﻿2026-10-04T00:40:59.1523971Z ##[group]Run actions/checkout@3d3c42e5aac5ba805825da76410c181273ba90b1
browser	Run actions/checkout@3d3c42e5aac5ba805825da76410c181273ba90b1	2026-10-04T00:40:59.1525092Z with:
browser	Run actions/checkout@3d3c42e5aac5ba805825da76410c181273ba90b1	2026-10-04T00:40:59.1525613Z   repository: kl3574/Learning_Workbench
browser	Run actions/checkout@3d3c42e5aac5ba805825da76410c181273ba90b1	2026-10-04T00:40:59.1529568Z   token: ***
browser	Run actions/checkout@3d3c42e5aac5ba805825da76410c181273ba90b1	2026-10-04T00:40:59.1530069Z   ssh-strict: true
browser	Run actions/checkout@3d3c42e5aac5ba805825da76410c181273ba90b1	2026-10-04T00:40:59.1530557Z   ssh-user: git
browser	Run actions/checkout@3d3c42e5aac5ba805825da76410c181273ba90b1	2026-10-04T00:40:59.1531044Z   persist-credentials: true
browser	Run actions/checkout@3d3c42e5aac5ba805825da76410c181273ba90b1	2026-10-04T00:40:59.1531586Z   clean: true
browser	Run actions/checkout@3d3c42e5aac5ba805825da76410c181273ba90b1	2026-10-04T00:40:59.1532095Z   sparse-checkout-cone-mode: true
browser	Run actions/checkout@3d3c42e5aac5ba805825da76410c181273ba90b1	2026-10-04T00:40:59.1532683Z   fetch-depth: 1
browser	Run actions/checkout@3d3c42e5aac5ba805825da76410c181273ba90b1	2026-10-04T00:40:59.1533162Z   fetch-tags: false
browser	Run actions/checkout@3d3c42e5aac5ba805825da76410c181273ba90b1	2026-10-04T00:40:59.1533647Z   show-progress: true
browser	Run actions/checkout@3d3c42e5aac5ba805825da76410c181273ba90b1	2026-10-04T00:40:59.1534139Z   lfs: false
browser	Run actions/checkout@3d3c42e5aac5ba805825da76410c181273ba90b1	2026-10-04T00:40:59.1534610Z   submodules: false
browser	Run actions/checkout@3d3c42e5aac5ba805825da76410c181273ba90b1	2026-10-04T00:40:59.1535105Z   set-safe-directory: true
browser	Run actions/checkout@3d3c42e5aac5ba805825da76410c181273ba90b1	2026-10-04T00:40:59.1535651Z   allow-unsafe-pr-checkout: false
browser	Run actions/checkout@3d3c42e5aac5ba805825da76410c181273ba90b1	2026-10-04T00:40:59.1536649Z ##[endgroup]
browser	Run actions/checkout@3d3c42e5aac5ba805825da76410c181273ba90b1	2026-10-04T00:40:59.2586187Z Syncing repository: kl3574/Learning_Workbench
browser	Run actions/checkout@3d3c42e5aac5ba805825da76410c181273ba90b1	2026-10-04T00:40:59.2589396Z ##[group]Getting Git version info
browser	Run actions/checkout@3d3c42e5aac5ba805825da76410c181273ba90b1	2026-10-04T00:40:59.2591314Z Working directory is '$RUNNER_HOME/work/Learning_Workbench/Learning_Workbench'
browser	Run actions/checkout@3d3c42e5aac5ba805825da76410c181273ba90b1	2026-10-04T00:40:59.2593615Z [command]/usr/bin/git version
browser	Run actions/checkout@3d3c42e5aac5ba805825da76410c181273ba90b1	2026-10-04T00:40:59.2594693Z git version 2.55.0
browser	Run actions/checkout@3d3c42e5aac5ba805825da76410c181273ba90b1	2026-10-04T00:40:59.2598126Z ##[endgroup]
browser	Run actions/checkout@3d3c42e5aac5ba805825da76410c181273ba90b1	2026-10-04T00:40:59.2605896Z Temporarily overriding HOME='$RUNNER_HOME/work/_temp/06fc60e1-3bb0-4d74-bbe8-d8ac4b882da5' before making global git config changes
browser	Run actions/checkout@3d3c42e5aac5ba805825da76410c181273ba90b1	2026-10-04T00:40:59.2608645Z Adding repository directory to the temporary git global config as a safe directory
browser	Run actions/checkout@3d3c42e5aac5ba805825da76410c181273ba90b1	2026-10-04T00:40:59.2610738Z [command]/usr/bin/git config --global --add safe.directory $RUNNER_HOME/work/Learning_Workbench/Learning_Workbench
browser	Run actions/checkout@3d3c42e5aac5ba805825da76410c181273ba90b1	2026-10-04T00:40:59.2661096Z Deleting the contents of '$RUNNER_HOME/work/Learning_Workbench/Learning_Workbench'
browser	Run actions/checkout@3d3c42e5aac5ba805825da76410c181273ba90b1	2026-10-04T00:40:59.2664883Z ##[group]Determining repository object format
browser	Run actions/checkout@3d3c42e5aac5ba805825da76410c181273ba90b1	2026-10-04T00:40:59.2666896Z ##[endgroup]
browser	Run actions/checkout@3d3c42e5aac5ba805825da76410c181273ba90b1	2026-10-04T00:40:59.2668163Z ##[group]Initializing the repository
browser	Run actions/checkout@3d3c42e5aac5ba805825da76410c181273ba90b1	2026-10-04T00:40:59.2671775Z [command]/usr/bin/git init $RUNNER_HOME/work/Learning_Workbench/Learning_Workbench
browser	Run actions/checkout@3d3c42e5aac5ba805825da76410c181273ba90b1	2026-10-04T00:40:59.2814874Z hint: Using 'master' as the name for the initial branch. This default branch name
browser	Run actions/checkout@3d3c42e5aac5ba805825da76410c181273ba90b1	2026-10-04T00:40:59.2816915Z hint: will change to "main" in Git 3.0. To configure the initial branch name
browser	Run actions/checkout@3d3c42e5aac5ba805825da76410c181273ba90b1	2026-10-04T00:40:59.2818600Z hint: to use in all of your new repositories, which will suppress this warning,
browser	Run actions/checkout@3d3c42e5aac5ba805825da76410c181273ba90b1	2026-10-04T00:40:59.2819941Z hint: call:
browser	Run actions/checkout@3d3c42e5aac5ba805825da76410c181273ba90b1	2026-10-04T00:40:59.2820710Z hint:
browser	Run actions/checkout@3d3c42e5aac5ba805825da76410c181273ba90b1	2026-10-04T00:40:59.2821644Z hint: 	git config --global init.defaultBranch <name>
browser	Run actions/checkout@3d3c42e5aac5ba805825da76410c181273ba90b1	2026-10-04T00:40:59.2822757Z hint:
browser	Run actions/checkout@3d3c42e5aac5ba805825da76410c181273ba90b1	2026-10-04T00:40:59.2823806Z hint: Names commonly chosen instead of 'master' are 'main', 'trunk' and
browser	Run actions/checkout@3d3c42e5aac5ba805825da76410c181273ba90b1	2026-10-04T00:40:59.2825476Z hint: 'development'. The just-created branch can be renamed via this command:
browser	Run actions/checkout@3d3c42e5aac5ba805825da76410c181273ba90b1	2026-10-04T00:40:59.2827090Z hint:
browser	Run actions/checkout@3d3c42e5aac5ba805825da76410c181273ba90b1	2026-10-04T00:40:59.2828335Z hint: 	git branch -m <name>
browser	Run actions/checkout@3d3c42e5aac5ba805825da76410c181273ba90b1	2026-10-04T00:40:59.2829598Z hint:
browser	Run actions/checkout@3d3c42e5aac5ba805825da76410c181273ba90b1	2026-10-04T00:40:59.2830851Z hint: Disable this message with "git config set advice.defaultBranchName false"
browser	Run actions/checkout@3d3c42e5aac5ba805825da76410c181273ba90b1	2026-10-04T00:40:59.2833097Z Initialized empty Git repository in $RUNNER_HOME/work/Learning_Workbench/Learning_Workbench/.git/
browser	Run actions/checkout@3d3c42e5aac5ba805825da76410c181273ba90b1	2026-10-04T00:40:59.2836982Z [command]/usr/bin/git remote add origin https://github.com/kl3574/Learning_Workbench
browser	Run actions/checkout@3d3c42e5aac5ba805825da76410c181273ba90b1	2026-10-04T00:40:59.2886935Z ##[endgroup]
browser	Run actions/checkout@3d3c42e5aac5ba805825da76410c181273ba90b1	2026-10-04T00:40:59.2888368Z ##[group]Disabling automatic garbage collection
browser	Run actions/checkout@3d3c42e5aac5ba805825da76410c181273ba90b1	2026-10-04T00:40:59.2891146Z [command]/usr/bin/git config --local gc.auto 0
browser	Run actions/checkout@3d3c42e5aac5ba805825da76410c181273ba90b1	2026-10-04T00:40:59.2928669Z ##[endgroup]
browser	Run actions/checkout@3d3c42e5aac5ba805825da76410c181273ba90b1	2026-10-04T00:40:59.2930449Z ##[group]Setting up auth
browser	Run actions/checkout@3d3c42e5aac5ba805825da76410c181273ba90b1	2026-10-04T00:40:59.2935044Z Removing SSH command configuration
browser	Run actions/checkout@3d3c42e5aac5ba805825da76410c181273ba90b1	2026-10-04T00:40:59.2943924Z [command]/usr/bin/git config --local --name-only --get-regexp core\.sshCommand
browser	Run actions/checkout@3d3c42e5aac5ba805825da76410c181273ba90b1	2026-10-04T00:40:59.2972491Z [command]/usr/bin/git submodule foreach --recursive sh -c "git config --local --name-only --get-regexp 'core\.sshCommand' && git config --local --unset-all 'core.sshCommand' || :"
browser	Run actions/checkout@3d3c42e5aac5ba805825da76410c181273ba90b1	2026-10-04T00:40:59.3450363Z Removing HTTP extra header
browser	Run actions/checkout@3d3c42e5aac5ba805825da76410c181273ba90b1	2026-10-04T00:40:59.3459426Z [command]/usr/bin/git config --local --name-only --get-regexp http\.https\:\/\/github\.com\/\.extraheader
browser	Run actions/checkout@3d3c42e5aac5ba805825da76410c181273ba90b1	2026-10-04T00:40:59.3503379Z [command]/usr/bin/git submodule foreach --recursive sh -c "git config --local --name-only --get-regexp 'http\.https\:\/\/github\.com\/\.extraheader' && git config --local --unset-all 'http.https://github.com/.extraheader' || :"
browser	Run actions/checkout@3d3c42e5aac5ba805825da76410c181273ba90b1	2026-10-04T00:40:59.3771803Z Removing includeIf entries pointing to credentials config files
browser	Run actions/checkout@3d3c42e5aac5ba805825da76410c181273ba90b1	2026-10-04T00:40:59.3777311Z [command]/usr/bin/git config --local --name-only --get-regexp ^includeIf\.gitdir:
browser	Run actions/checkout@3d3c42e5aac5ba805825da76410c181273ba90b1	2026-10-04T00:40:59.3810100Z [command]/usr/bin/git submodule foreach --recursive git config --local --show-origin --name-only --get-regexp remote.origin.url
browser	Run actions/checkout@3d3c42e5aac5ba805825da76410c181273ba90b1	2026-10-04T00:40:59.4089999Z [command]/usr/bin/git config --file $RUNNER_HOME/work/_temp/git-credentials-d7be5687-019e-4e2e-b576-511ea7d9e873.config http.https://github.com/.extraheader AUTHORIZATION: basic ***
browser	Run actions/checkout@3d3c42e5aac5ba805825da76410c181273ba90b1	2026-10-04T00:40:59.4129607Z [command]/usr/bin/git config --local includeIf.gitdir:$RUNNER_HOME/work/Learning_Workbench/Learning_Workbench/.git.path $RUNNER_HOME/work/_temp/git-credentials-d7be5687-019e-4e2e-b576-511ea7d9e873.config
browser	Run actions/checkout@3d3c42e5aac5ba805825da76410c181273ba90b1	2026-10-04T00:40:59.4166413Z [command]/usr/bin/git config --local includeIf.gitdir:$RUNNER_HOME/work/Learning_Workbench/Learning_Workbench/.git/worktrees/*.path $RUNNER_HOME/work/_temp/git-credentials-d7be5687-019e-4e2e-b576-511ea7d9e873.config
browser	Run actions/checkout@3d3c42e5aac5ba805825da76410c181273ba90b1	2026-10-04T00:40:59.4206491Z [command]/usr/bin/git config --local includeIf.gitdir:/github/workspace/.git.path /github/runner_temp/git-credentials-d7be5687-019e-4e2e-b576-511ea7d9e873.config
browser	Run actions/checkout@3d3c42e5aac5ba805825da76410c181273ba90b1	2026-10-04T00:40:59.4240440Z [command]/usr/bin/git config --local includeIf.gitdir:/github/workspace/.git/worktrees/*.path /github/runner_temp/git-credentials-d7be5687-019e-4e2e-b576-511ea7d9e873.config
browser	Run actions/checkout@3d3c42e5aac5ba805825da76410c181273ba90b1	2026-10-04T00:40:59.4270895Z ##[endgroup]
browser	Run actions/checkout@3d3c42e5aac5ba805825da76410c181273ba90b1	2026-10-04T00:40:59.4272278Z ##[group]Fetching the repository
browser	Run actions/checkout@3d3c42e5aac5ba805825da76410c181273ba90b1	2026-10-04T00:40:59.4279321Z [command]/usr/bin/git -c protocol.version=2 fetch --no-tags --prune --no-recurse-submodules --depth=1 origin +339d5a61f9be9a8306b1a6851286c765c6aeb21e:refs/remotes/pull/56/merge
browser	Run actions/checkout@3d3c42e5aac5ba805825da76410c181273ba90b1	2026-10-04T00:41:04.5324439Z From https://github.com/kl3574/Learning_Workbench
browser	Run actions/checkout@3d3c42e5aac5ba805825da76410c181273ba90b1	2026-10-04T00:41:04.5325752Z  * [new ref]           339d5a61f9be9a8306b1a6851286c765c6aeb21e -> pull/56/merge
browser	Run actions/checkout@3d3c42e5aac5ba805825da76410c181273ba90b1	2026-10-04T00:41:04.5334921Z ##[endgroup]
browser	Run actions/checkout@3d3c42e5aac5ba805825da76410c181273ba90b1	2026-10-04T00:41:04.5335991Z ##[group]Determining the checkout info
browser	Run actions/checkout@3d3c42e5aac5ba805825da76410c181273ba90b1	2026-10-04T00:41:04.5338091Z ##[endgroup]
browser	Run actions/checkout@3d3c42e5aac5ba805825da76410c181273ba90b1	2026-10-04T00:41:04.5339341Z [command]/usr/bin/git sparse-checkout disable
browser	Run actions/checkout@3d3c42e5aac5ba805825da76410c181273ba90b1	2026-10-04T00:41:04.5397580Z [command]/usr/bin/git config --local --unset-all extensions.worktreeConfig
browser	Run actions/checkout@3d3c42e5aac5ba805825da76410c181273ba90b1	2026-10-04T00:41:04.5432525Z ##[group]Checking out the ref
browser	Run actions/checkout@3d3c42e5aac5ba805825da76410c181273ba90b1	2026-10-04T00:41:04.5436442Z [command]/usr/bin/git checkout --progress --force refs/remotes/pull/56/merge
browser	Run actions/checkout@3d3c42e5aac5ba805825da76410c181273ba90b1	2026-10-04T00:41:05.5908502Z Updating files:  54% (10018/18368)
browser	Run actions/checkout@3d3c42e5aac5ba805825da76410c181273ba90b1	2026-10-04T00:41:05.6106453Z Updating files:  55% (10103/18368)
browser	Run actions/checkout@3d3c42e5aac5ba805825da76410c181273ba90b1	2026-10-04T00:41:05.6296875Z Updating files:  56% (10287/18368)
browser	Run actions/checkout@3d3c42e5aac5ba805825da76410c181273ba90b1	2026-10-04T00:41:05.6413918Z Updating files:  57% (10470/18368)
browser	Run actions/checkout@3d3c42e5aac5ba805825da76410c181273ba90b1	2026-10-04T00:41:05.6542217Z Updating files:  58% (10654/18368)
browser	Run actions/checkout@3d3c42e5aac5ba805825da76410c181273ba90b1	2026-10-04T00:41:05.6700193Z Updating files:  59% (10838/18368)
browser	Run actions/checkout@3d3c42e5aac5ba805825da76410c181273ba90b1	2026-10-04T00:41:05.6865783Z Updating files:  60% (11021/18368)
browser	Run actions/checkout@3d3c42e5aac5ba805825da76410c181273ba90b1	2026-10-04T00:41:05.7127243Z Updating files:  61% (11205/18368)
browser	Run actions/checkout@3d3c42e5aac5ba805825da76410c181273ba90b1	2026-10-04T00:41:05.7337778Z Updating files:  62% (11389/18368)
browser	Run actions/checkout@3d3c42e5aac5ba805825da76410c181273ba90b1	2026-10-04T00:41:05.7545880Z Updating files:  63% (11572/18368)
browser	Run actions/checkout@3d3c42e5aac5ba805825da76410c181273ba90b1	2026-10-04T00:41:05.7726872Z Updating files:  64% (11756/18368)
browser	Run actions/checkout@3d3c42e5aac5ba805825da76410c181273ba90b1	2026-10-04T00:41:05.7859257Z Updating files:  65% (11940/18368)
browser	Run actions/checkout@3d3c42e5aac5ba805825da76410c181273ba90b1	2026-10-04T00:41:05.8052820Z Updating files:  66% (12123/18368)
browser	Run actions/checkout@3d3c42e5aac5ba805825da76410c181273ba90b1	2026-10-04T00:41:05.8212308Z Updating files:  67% (12307/18368)
browser	Run actions/checkout@3d3c42e5aac5ba805825da76410c181273ba90b1	2026-10-04T00:41:05.8422549Z Updating files:  68% (12491/18368)
browser	Run actions/checkout@3d3c42e5aac5ba805825da76410c181273ba90b1	2026-10-04T00:41:05.8671490Z Updating files:  69% (12674/18368)
browser	Run actions/checkout@3d3c42e5aac5ba805825da76410c181273ba90b1	2026-10-04T00:41:05.8833098Z Updating files:  70% (12858/18368)
browser	Run actions/checkout@3d3c42e5aac5ba805825da76410c181273ba90b1	2026-10-04T00:41:05.8952043Z Updating files:  71% (13042/18368)
browser	Run actions/checkout@3d3c42e5aac5ba805825da76410c181273ba90b1	2026-10-04T00:41:05.9118226Z Updating files:  72% (13225/18368)
browser	Run actions/checkout@3d3c42e5aac5ba805825da76410c181273ba90b1	2026-10-04T00:41:05.9503942Z Updating files:  73% (13409/18368)
browser	Run actions/checkout@3d3c42e5aac5ba805825da76410c181273ba90b1	2026-10-04T00:41:05.9643481Z Updating files:  74% (13593/18368)
browser	Run actions/checkout@3d3c42e5aac5ba805825da76410c181273ba90b1	2026-10-04T00:41:05.9802279Z Updating files:  75% (13776/18368)
browser	Run actions/checkout@3d3c42e5aac5ba805825da76410c181273ba90b1	2026-10-04T00:41:05.9996653Z Updating files:  76% (13960/18368)
browser	Run actions/checkout@3d3c42e5aac5ba805825da76410c181273ba90b1	2026-10-04T00:41:06.0456608Z Updating files:  77% (14144/18368)
browser	Run actions/checkout@3d3c42e5aac5ba805825da76410c181273ba90b1	2026-10-04T00:41:06.0586300Z Updating files:  78% (14328/18368)
browser	Run actions/checkout@3d3c42e5aac5ba805825da76410c181273ba90b1	2026-10-04T00:41:06.0688032Z Updating files:  79% (14511/18368)
browser	Run actions/checkout@3d3c42e5aac5ba805825da76410c181273ba90b1	2026-10-04T00:41:06.0868981Z Updating files:  80% (14695/18368)
browser	Run actions/checkout@3d3c42e5aac5ba805825da76410c181273ba90b1	2026-10-04T00:41:06.1051543Z Updating files:  81% (14879/18368)
browser	Run actions/checkout@3d3c42e5aac5ba805825da76410c181273ba90b1	2026-10-04T00:41:06.1210248Z Updating files:  82% (15062/18368)
browser	Run actions/checkout@3d3c42e5aac5ba805825da76410c181273ba90b1	2026-10-04T00:41:06.1840109Z Updating files:  83% (15246/18368)
browser	Run actions/checkout@3d3c42e5aac5ba805825da76410c181273ba90b1	2026-10-04T00:41:06.2363082Z Updating files:  84% (15430/18368)
browser	Run actions/checkout@3d3c42e5aac5ba805825da76410c181273ba90b1	2026-10-04T00:41:06.2703652Z Updating files:  85% (15613/18368)
browser	Run actions/checkout@3d3c42e5aac5ba805825da76410c181273ba90b1	2026-10-04T00:41:06.3347486Z Updating files:  86% (15797/18368)
browser	Run actions/checkout@3d3c42e5aac5ba805825da76410c181273ba90b1	2026-10-04T00:41:06.3987639Z Updating files:  87% (15981/18368)
browser	Run actions/checkout@3d3c42e5aac5ba805825da76410c181273ba90b1	2026-10-04T00:41:06.4146748Z Updating files:  88% (16164/18368)
browser	Run actions/checkout@3d3c42e5aac5ba805825da76410c181273ba90b1	2026-10-04T00:41:06.4289712Z Updating files:  89% (16348/18368)
browser	Run actions/checkout@3d3c42e5aac5ba805825da76410c181273ba90b1	2026-10-04T00:41:06.5219580Z Updating files:  90% (16532/18368)
browser	Run actions/checkout@3d3c42e5aac5ba805825da76410c181273ba90b1	2026-10-04T00:41:06.5513740Z Updating files:  91% (16715/18368)
browser	Run actions/checkout@3d3c42e5aac5ba805825da76410c181273ba90b1	2026-10-04T00:41:06.5651418Z Updating files:  92% (16899/18368)
browser	Run actions/checkout@3d3c42e5aac5ba805825da76410c181273ba90b1	2026-10-04T00:41:06.5669353Z Updating files:  93% (17083/18368)
browser	Run actions/checkout@3d3c42e5aac5ba805825da76410c181273ba90b1	2026-10-04T00:41:06.5819178Z Updating files:  93% (17103/18368)
browser	Run actions/checkout@3d3c42e5aac5ba805825da76410c181273ba90b1	2026-10-04T00:41:06.6058239Z Updating files:  94% (17266/18368)
browser	Run actions/checkout@3d3c42e5aac5ba805825da76410c181273ba90b1	2026-10-04T00:41:06.6190130Z Updating files:  95% (17450/18368)
browser	Run actions/checkout@3d3c42e5aac5ba805825da76410c181273ba90b1	2026-10-04T00:41:06.6331283Z Updating files:  96% (17634/18368)
browser	Run actions/checkout@3d3c42e5aac5ba805825da76410c181273ba90b1	2026-10-04T00:41:06.6474733Z Updating files:  97% (17817/18368)
browser	Run actions/checkout@3d3c42e5aac5ba805825da76410c181273ba90b1	2026-10-04T00:41:06.6636297Z Updating files:  98% (18001/18368)
browser	Run actions/checkout@3d3c42e5aac5ba805825da76410c181273ba90b1	2026-10-04T00:41:06.6774816Z Updating files:  99% (18185/18368)
browser	Run actions/checkout@3d3c42e5aac5ba805825da76410c181273ba90b1	2026-10-04T00:41:06.6775785Z Updating files: 100% (18368/18368)
browser	Run actions/checkout@3d3c42e5aac5ba805825da76410c181273ba90b1	2026-10-04T00:41:06.6777457Z Updating files: 100% (18368/18368), done.
browser	Run actions/checkout@3d3c42e5aac5ba805825da76410c181273ba90b1	2026-10-04T00:41:06.7029340Z Note: switching to 'refs/remotes/pull/56/merge'.
browser	Run actions/checkout@3d3c42e5aac5ba805825da76410c181273ba90b1	2026-10-04T00:41:06.7029839Z 
browser	Run actions/checkout@3d3c42e5aac5ba805825da76410c181273ba90b1	2026-10-04T00:41:06.7030236Z You are in 'detached HEAD' state. You can look around, make experimental
browser	Run actions/checkout@3d3c42e5aac5ba805825da76410c181273ba90b1	2026-10-04T00:41:06.7030908Z changes and commit them, and you can discard any commits you make in this
browser	Run actions/checkout@3d3c42e5aac5ba805825da76410c181273ba90b1	2026-10-04T00:41:06.7031544Z state without impacting any branches by switching back to a branch.
browser	Run actions/checkout@3d3c42e5aac5ba805825da76410c181273ba90b1	2026-10-04T00:41:06.7031922Z 
browser	Run actions/checkout@3d3c42e5aac5ba805825da76410c181273ba90b1	2026-10-04T00:41:06.7032156Z If you want to create a new branch to retain commits you create, you may
browser	Run actions/checkout@3d3c42e5aac5ba805825da76410c181273ba90b1	2026-10-04T00:41:06.7032708Z do so (now or later) by using -c with the switch command. Example:
browser	Run actions/checkout@3d3c42e5aac5ba805825da76410c181273ba90b1	2026-10-04T00:41:06.7033026Z 
browser	Run actions/checkout@3d3c42e5aac5ba805825da76410c181273ba90b1	2026-10-04T00:41:06.7033160Z   git switch -c <new-branch-name>
browser	Run actions/checkout@3d3c42e5aac5ba805825da76410c181273ba90b1	2026-10-04T00:41:06.7033382Z 
browser	Run actions/checkout@3d3c42e5aac5ba805825da76410c181273ba90b1	2026-10-04T00:41:06.7033511Z Or undo this operation with:
browser	Run actions/checkout@3d3c42e5aac5ba805825da76410c181273ba90b1	2026-10-04T00:41:06.7033704Z 
browser	Run actions/checkout@3d3c42e5aac5ba805825da76410c181273ba90b1	2026-10-04T00:41:06.7033813Z   git switch -
browser	Run actions/checkout@3d3c42e5aac5ba805825da76410c181273ba90b1	2026-10-04T00:41:06.7033961Z 
browser	Run actions/checkout@3d3c42e5aac5ba805825da76410c181273ba90b1	2026-10-04T00:41:06.7034269Z Turn off this advice by setting config variable advice.detachedHead to false
browser	Run actions/checkout@3d3c42e5aac5ba805825da76410c181273ba90b1	2026-10-04T00:41:06.7034650Z 
browser	Run actions/checkout@3d3c42e5aac5ba805825da76410c181273ba90b1	2026-10-04T00:41:06.7035160Z HEAD is now at 339d5a61 Merge 4ecc27a883782855a6e5611d7610979e4b4b05ca into e2877101d9c2bda0f793a460db63ef496350c6b4
browser	Run actions/checkout@3d3c42e5aac5ba805825da76410c181273ba90b1	2026-10-04T00:41:06.7170797Z ##[endgroup]
browser	Run actions/checkout@3d3c42e5aac5ba805825da76410c181273ba90b1	2026-10-04T00:41:06.7231436Z [command]/usr/bin/git log -1 --format=%H
browser	Run actions/checkout@3d3c42e5aac5ba805825da76410c181273ba90b1	2026-10-04T00:41:06.7259887Z 339d5a61f9be9a8306b1a6851286c765c6aeb21e
browser	Run actions/setup-python@5fda3b95a4ea91299a34e894583c3862153e4b97	﻿2026-10-04T00:41:06.7534176Z ##[group]Run actions/setup-python@5fda3b95a4ea91299a34e894583c3862153e4b97
browser	Run actions/setup-python@5fda3b95a4ea91299a34e894583c3862153e4b97	2026-10-04T00:41:06.7534611Z with:
browser	Run actions/setup-python@5fda3b95a4ea91299a34e894583c3862153e4b97	2026-10-04T00:41:06.7534827Z   python-version: 3.12.13
browser	Run actions/setup-python@5fda3b95a4ea91299a34e894583c3862153e4b97	2026-10-04T00:41:06.7535068Z   check-latest: false
browser	Run actions/setup-python@5fda3b95a4ea91299a34e894583c3862153e4b97	2026-10-04T00:41:06.7537786Z   token: ***
browser	Run actions/setup-python@5fda3b95a4ea91299a34e894583c3862153e4b97	2026-10-04T00:41:06.7538024Z   update-environment: true
browser	Run actions/setup-python@5fda3b95a4ea91299a34e894583c3862153e4b97	2026-10-04T00:41:06.7538274Z   allow-prereleases: false
browser	Run actions/setup-python@5fda3b95a4ea91299a34e894583c3862153e4b97	2026-10-04T00:41:06.7538508Z   freethreaded: false
browser	Run actions/setup-python@5fda3b95a4ea91299a34e894583c3862153e4b97	2026-10-04T00:41:06.7538724Z ##[endgroup]
browser	Run actions/setup-python@5fda3b95a4ea91299a34e894583c3862153e4b97	2026-10-04T00:41:06.8712107Z ##[group]Installed versions
browser	Run actions/setup-python@5fda3b95a4ea91299a34e894583c3862153e4b97	2026-10-04T00:41:06.8726070Z Version 3.12.13 was not found in the local cache
browser	Run actions/setup-python@5fda3b95a4ea91299a34e894583c3862153e4b97	2026-10-04T00:41:07.3738654Z Version 3.12.13 is available for downloading
browser	Run actions/setup-python@5fda3b95a4ea91299a34e894583c3862153e4b97	2026-10-04T00:41:07.3739544Z Download from "https://github.com/actions/python-versions/releases/download/3.12.13-27650778726/python-3.12.13-linux-26.04-x64.tar.gz"
browser	Run actions/setup-python@5fda3b95a4ea91299a34e894583c3862153e4b97	2026-10-04T00:41:08.0505327Z Extract downloaded archive
browser	Run actions/setup-python@5fda3b95a4ea91299a34e894583c3862153e4b97	2026-10-04T00:41:08.0637002Z [command]/usr/bin/tar xz --warning=no-unknown-keyword --overwrite -C $RUNNER_HOME/work/_temp/4b277e4d-7022-4d76-82fd-9742cbe2460b -f $RUNNER_HOME/work/_temp/93e8dfc6-6e7a-4647-9b38-da9d6008076d
browser	Run actions/setup-python@5fda3b95a4ea91299a34e894583c3862153e4b97	2026-10-04T00:41:09.2489348Z Execute installation script
browser	Run actions/setup-python@5fda3b95a4ea91299a34e894583c3862153e4b97	2026-10-04T00:41:09.2629168Z Check if Python hostedtoolcache folder exist...
browser	Run actions/setup-python@5fda3b95a4ea91299a34e894583c3862153e4b97	2026-10-04T00:41:09.2630038Z Create Python 3.12.13 folder
browser	Run actions/setup-python@5fda3b95a4ea91299a34e894583c3862153e4b97	2026-10-04T00:41:09.2658579Z Copy Python binaries to hostedtoolcache folder
browser	Run actions/setup-python@5fda3b95a4ea91299a34e894583c3862153e4b97	2026-10-04T00:41:09.7283257Z Create additional symlinks (Required for the UsePythonVersion Azure Pipelines task and the setup-python GitHub Action)
browser	Run actions/setup-python@5fda3b95a4ea91299a34e894583c3862153e4b97	2026-10-04T00:41:09.7415934Z Upgrading pip...
browser	Run actions/setup-python@5fda3b95a4ea91299a34e894583c3862153e4b97	2026-10-04T00:41:11.4556983Z Collecting pip
browser	Run actions/setup-python@5fda3b95a4ea91299a34e894583c3862153e4b97	2026-10-04T00:41:11.4742192Z Downloading pip-26.2.1-py3-none-any.whl.metadata (4.6 kB)
browser	Run actions/setup-python@5fda3b95a4ea91299a34e894583c3862153e4b97	2026-10-04T00:41:11.4814918Z Downloading pip-26.2.1-py3-none-any.whl (1.8 MB)
browser	Run actions/setup-python@5fda3b95a4ea91299a34e894583c3862153e4b97	2026-10-04T00:41:11.5063694Z ━━━━━━━━━━━━━━━━━━━━━━━━━━━━━━━━━━━━━━━━ 1.8/1.8 MB 94.4 MB/s eta 0:00:00
browser	Run actions/setup-python@5fda3b95a4ea91299a34e894583c3862153e4b97	2026-10-04T00:41:11.5064233Z 
browser	Run actions/setup-python@5fda3b95a4ea91299a34e894583c3862153e4b97	2026-10-04T00:41:11.5256971Z Installing collected packages: pip
browser	Run actions/setup-python@5fda3b95a4ea91299a34e894583c3862153e4b97	2026-10-04T00:41:11.5259172Z Attempting uninstall: pip
browser	Run actions/setup-python@5fda3b95a4ea91299a34e894583c3862153e4b97	2026-10-04T00:41:11.5280452Z Found existing installation: pip 25.0.1
browser	Run actions/setup-python@5fda3b95a4ea91299a34e894583c3862153e4b97	2026-10-04T00:41:11.5614498Z Uninstalling pip-25.0.1:
browser	Run actions/setup-python@5fda3b95a4ea91299a34e894583c3862153e4b97	2026-10-04T00:41:11.5670650Z Successfully uninstalled pip-25.0.1
browser	Run actions/setup-python@5fda3b95a4ea91299a34e894583c3862153e4b97	2026-10-04T00:41:12.4528854Z Successfully installed pip-26.2.1
browser	Run actions/setup-python@5fda3b95a4ea91299a34e894583c3862153e4b97	2026-10-04T00:41:12.4980913Z Create complete file
browser	Run actions/setup-python@5fda3b95a4ea91299a34e894583c3862153e4b97	2026-10-04T00:41:12.5037318Z Successfully set up CPython (3.12.13)
browser	Run actions/setup-python@5fda3b95a4ea91299a34e894583c3862153e4b97	2026-10-04T00:41:12.5038622Z ##[endgroup]
browser	Run actions/setup-node@820762786026740c76f36085b0efc47a31fe5020	﻿2026-10-04T00:41:12.5253688Z ##[group]Run actions/setup-node@820762786026740c76f36085b0efc47a31fe5020
browser	Run actions/setup-node@820762786026740c76f36085b0efc47a31fe5020	2026-10-04T00:41:12.5254310Z with:
browser	Run actions/setup-node@820762786026740c76f36085b0efc47a31fe5020	2026-10-04T00:41:12.5254517Z   node-version: 24.21.0
browser	Run actions/setup-node@820762786026740c76f36085b0efc47a31fe5020	2026-10-04T00:41:12.5254743Z   check-latest: false
browser	Run actions/setup-node@820762786026740c76f36085b0efc47a31fe5020	2026-10-04T00:41:12.5257463Z   token: ***
browser	Run actions/setup-node@820762786026740c76f36085b0efc47a31fe5020	2026-10-04T00:41:12.5257709Z   package-manager-cache: true
browser	Run actions/setup-node@820762786026740c76f36085b0efc47a31fe5020	2026-10-04T00:41:12.5257956Z env:
browser	Run actions/setup-node@820762786026740c76f36085b0efc47a31fe5020	2026-10-04T00:41:12.5258208Z   pythonLocation: /opt/hostedtoolcache/Python/3.12.13/x64
browser	Run actions/setup-node@820762786026740c76f36085b0efc47a31fe5020	2026-10-04T00:41:12.5258655Z   PKG_CONFIG_PATH: /opt/hostedtoolcache/Python/3.12.13/x64/lib/pkgconfig
browser	Run actions/setup-node@820762786026740c76f36085b0efc47a31fe5020	2026-10-04T00:41:12.5259086Z   Python_ROOT_DIR: /opt/hostedtoolcache/Python/3.12.13/x64
browser	Run actions/setup-node@820762786026740c76f36085b0efc47a31fe5020	2026-10-04T00:41:12.5259463Z   Python2_ROOT_DIR: /opt/hostedtoolcache/Python/3.12.13/x64
browser	Run actions/setup-node@820762786026740c76f36085b0efc47a31fe5020	2026-10-04T00:41:12.5259836Z   Python3_ROOT_DIR: /opt/hostedtoolcache/Python/3.12.13/x64
browser	Run actions/setup-node@820762786026740c76f36085b0efc47a31fe5020	2026-10-04T00:41:12.5260215Z   LD_LIBRARY_PATH: /opt/hostedtoolcache/Python/3.12.13/x64/lib
browser	Run actions/setup-node@820762786026740c76f36085b0efc47a31fe5020	2026-10-04T00:41:12.5260533Z ##[endgroup]
browser	Run actions/setup-node@820762786026740c76f36085b0efc47a31fe5020	2026-10-04T00:41:12.6498909Z Found in cache @ /opt/hostedtoolcache/node/24.21.0/x64
browser	Run actions/setup-node@820762786026740c76f36085b0efc47a31fe5020	2026-10-04T00:41:12.6513338Z ##[group]Environment details
browser	Run actions/setup-node@820762786026740c76f36085b0efc47a31fe5020	2026-10-04T00:41:13.1081622Z node: v24.21.0
browser	Run actions/setup-node@820762786026740c76f36085b0efc47a31fe5020	2026-10-04T00:41:13.1082366Z npm: 11.19.0
browser	Run actions/setup-node@820762786026740c76f36085b0efc47a31fe5020	2026-10-04T00:41:13.1082902Z yarn: 1.22.22
browser	Run actions/setup-node@820762786026740c76f36085b0efc47a31fe5020	2026-10-04T00:41:13.1118992Z ##[endgroup]
browser	Run python -m pip install uv==0.11.21	﻿2026-10-04T00:41:13.1227033Z ##[group]Run python -m pip install uv==0.11.21
browser	Run python -m pip install uv==0.11.21	2026-10-04T00:41:13.1227458Z [36;1mpython -m pip install uv==0.11.21[0m
browser	Run python -m pip install uv==0.11.21	2026-10-04T00:41:13.1419817Z shell: /usr/bin/bash -e {0}
browser	Run python -m pip install uv==0.11.21	2026-10-04T00:41:13.1420167Z env:
browser	Run python -m pip install uv==0.11.21	2026-10-04T00:41:13.1420539Z   pythonLocation: /opt/hostedtoolcache/Python/3.12.13/x64
browser	Run python -m pip install uv==0.11.21	2026-10-04T00:41:13.1421174Z   PKG_CONFIG_PATH: /opt/hostedtoolcache/Python/3.12.13/x64/lib/pkgconfig
browser	Run python -m pip install uv==0.11.21	2026-10-04T00:41:13.1421795Z   Python_ROOT_DIR: /opt/hostedtoolcache/Python/3.12.13/x64
browser	Run python -m pip install uv==0.11.21	2026-10-04T00:41:13.1422347Z   Python2_ROOT_DIR: /opt/hostedtoolcache/Python/3.12.13/x64
browser	Run python -m pip install uv==0.11.21	2026-10-04T00:41:13.1422901Z   Python3_ROOT_DIR: /opt/hostedtoolcache/Python/3.12.13/x64
browser	Run python -m pip install uv==0.11.21	2026-10-04T00:41:13.1423457Z   LD_LIBRARY_PATH: /opt/hostedtoolcache/Python/3.12.13/x64/lib
browser	Run python -m pip install uv==0.11.21	2026-10-04T00:41:13.1423923Z ##[endgroup]
browser	Run python -m pip install uv==0.11.21	2026-10-04T00:41:13.7889790Z Collecting uv==0.11.21
browser	Run python -m pip install uv==0.11.21	2026-10-04T00:41:13.8117623Z   Downloading uv-0.11.21-py3-none-manylinux_2_17_x86_64.manylinux2014_x86_64.whl.metadata (11 kB)
browser	Run python -m pip install uv==0.11.21	2026-10-04T00:41:13.8199930Z Downloading uv-0.11.21-py3-none-manylinux_2_17_x86_64.manylinux2014_x86_64.whl (25.1 MB)
browser	Run python -m pip install uv==0.11.21	2026-10-04T00:41:14.1123221Z    ━━━━━━━━━━━━━━━━━━━━━━━━━━━━━━━━━━━━━━━━ 25.1/25.1 MB 89.9 MB/s  0:00:00
browser	Run python -m pip install uv==0.11.21	2026-10-04T00:41:14.1565852Z Installing collected packages: uv
browser	Run python -m pip install uv==0.11.21	2026-10-04T00:41:14.8423504Z Successfully installed uv-0.11.21
browser	Run uv sync --frozen	﻿2026-10-04T00:41:14.8936471Z ##[group]Run uv sync --frozen
browser	Run uv sync --frozen	2026-10-04T00:41:14.8936852Z [36;1muv sync --frozen[0m
browser	Run uv sync --frozen	2026-10-04T00:41:14.8996720Z shell: /usr/bin/bash -e {0}
browser	Run uv sync --frozen	2026-10-04T00:41:14.8996985Z env:
browser	Run uv sync --frozen	2026-10-04T00:41:14.8997258Z   pythonLocation: /opt/hostedtoolcache/Python/3.12.13/x64
browser	Run uv sync --frozen	2026-10-04T00:41:14.8997706Z   PKG_CONFIG_PATH: /opt/hostedtoolcache/Python/3.12.13/x64/lib/pkgconfig
browser	Run uv sync --frozen	2026-10-04T00:41:14.8998142Z   Python_ROOT_DIR: /opt/hostedtoolcache/Python/3.12.13/x64
browser	Run uv sync --frozen	2026-10-04T00:41:14.8998528Z   Python2_ROOT_DIR: /opt/hostedtoolcache/Python/3.12.13/x64
browser	Run uv sync --frozen	2026-10-04T00:41:14.8998945Z   Python3_ROOT_DIR: /opt/hostedtoolcache/Python/3.12.13/x64
browser	Run uv sync --frozen	2026-10-04T00:41:14.8999339Z   LD_LIBRARY_PATH: /opt/hostedtoolcache/Python/3.12.13/x64/lib
browser	Run uv sync --frozen	2026-10-04T00:41:14.8999659Z ##[endgroup]
browser	Run uv sync --frozen	2026-10-04T00:41:14.9591147Z Using CPython 3.12.13 interpreter at: /opt/hostedtoolcache/Python/3.12.13/x64/bin/python3.12
browser	Run uv sync --frozen	2026-10-04T00:41:14.9591824Z Creating virtual environment at: .venv
browser	Run uv sync --frozen	2026-10-04T00:41:15.0525101Z Downloading mypy (14.6MiB)
browser	Run uv sync --frozen	2026-10-04T00:41:15.0529674Z Downloading pydantic-core (2.0MiB)
browser	Run uv sync --frozen	2026-10-04T00:41:15.0533104Z Downloading pygments (1.2MiB)
browser	Run uv sync --frozen	2026-10-04T00:41:15.0536682Z Downloading ast-serialize (1.3MiB)
browser	Run uv sync --frozen	2026-10-04T00:41:15.0598115Z Downloading ruff (9.9MiB)
browser	Run uv sync --frozen	2026-10-04T00:41:15.2878763Z  Downloaded ast-serialize
browser	Run uv sync --frozen	2026-10-04T00:41:15.3106912Z  Downloaded pydantic-core
browser	Run uv sync --frozen	2026-10-04T00:41:15.5372307Z  Downloaded ruff
browser	Run uv sync --frozen	2026-10-04T00:41:15.5530511Z  Downloaded pygments
browser	Run uv sync --frozen	2026-10-04T00:41:15.7162867Z  Downloaded mypy
browser	Run uv sync --frozen	2026-10-04T00:41:15.7407848Z Prepared 37 packages in 778ms
browser	Run uv sync --frozen	2026-10-04T00:41:15.7909921Z Installed 37 packages in 50ms
browser	Run uv sync --frozen	2026-10-04T00:41:15.7913052Z  + annotated-doc==0.0.5
browser	Run uv sync --frozen	2026-10-04T00:41:15.7913574Z  + annotated-types==0.8.0
browser	Run uv sync --frozen	2026-10-04T00:41:15.7914016Z  + anyio==4.15.1
browser	Run uv sync --frozen	2026-10-04T00:41:15.7914556Z  + ast-serialize==0.11.2
browser	Run uv sync --frozen	2026-10-04T00:41:15.7914980Z  + attrs==26.1.0
browser	Run uv sync --frozen	2026-10-04T00:41:15.7915353Z  + certifi==2026.7.22
browser	Run uv sync --frozen	2026-10-04T00:41:15.7915754Z  + click==8.5.0
browser	Run uv sync --frozen	2026-10-04T00:41:15.7916148Z  + defusedxml==0.7.1
browser	Run uv sync --frozen	2026-10-04T00:41:15.7916837Z  + fastapi==0.141.1
browser	Run uv sync --frozen	2026-10-04T00:41:15.7917252Z  + h11==0.16.0
browser	Run uv sync --frozen	2026-10-04T00:41:15.7917631Z  + httpcore==1.0.9
browser	Run uv sync --frozen	2026-10-04T00:41:15.7918052Z  + httpx==0.28.1
browser	Run uv sync --frozen	2026-10-04T00:41:15.7918481Z  + idna==3.19
browser	Run uv sync --frozen	2026-10-04T00:41:15.7918874Z  + iniconfig==2.3.0
browser	Run uv sync --frozen	2026-10-04T00:41:15.7919282Z  + jsonschema==4.26.0
browser	Run uv sync --frozen	2026-10-04T00:41:15.7919789Z  + jsonschema-specifications==2025.9.1
browser	Run uv sync --frozen	2026-10-04T00:41:15.7920410Z  + librt==0.15.0
browser	Run uv sync --frozen	2026-10-04T00:41:15.7920827Z  + markdown-it-py==4.2.0
browser	Run uv sync --frozen	2026-10-04T00:41:15.7921280Z  + mdurl==0.1.2
browser	Run uv sync --frozen	2026-10-04T00:41:15.7921700Z  + mypy==2.3.1
browser	Run uv sync --frozen	2026-10-04T00:41:15.7922098Z  + mypy-extensions==1.1.0
browser	Run uv sync --frozen	2026-10-04T00:41:15.7922537Z  + packaging==26.3
browser	Run uv sync --frozen	2026-10-04T00:41:15.7922926Z  + pathspec==1.1.1
browser	Run uv sync --frozen	2026-10-04T00:41:15.7923309Z  + pluggy==1.6.0
browser	Run uv sync --frozen	2026-10-04T00:41:15.7923692Z  + pydantic==2.13.5
browser	Run uv sync --frozen	2026-10-04T00:41:15.7924135Z  + pydantic-core==2.46.5
browser	Run uv sync --frozen	2026-10-04T00:41:15.7924606Z  + pygments==2.21.0
browser	Run uv sync --frozen	2026-10-04T00:41:15.7925060Z  + pypdf==6.18.1
browser	Run uv sync --frozen	2026-10-04T00:41:15.7925432Z  + pytest==9.1.1
browser	Run uv sync --frozen	2026-10-04T00:41:15.7925831Z  + python-multipart==0.0.32
browser	Run uv sync --frozen	2026-10-04T00:41:15.7926582Z  + referencing==0.37.0
browser	Run uv sync --frozen	2026-10-04T00:41:15.7927042Z  + rpds-py==2026.6.3
browser	Run uv sync --frozen	2026-10-04T00:41:15.7927473Z  + ruff==0.16.7
browser	Run uv sync --frozen	2026-10-04T00:41:15.7927843Z  + starlette==1.6.0
browser	Run uv sync --frozen	2026-10-04T00:41:15.7928241Z  + typing-extensions==4.16.0
browser	Run uv sync --frozen	2026-10-04T00:41:15.7928696Z  + typing-inspection==0.4.4
browser	Run uv sync --frozen	2026-10-04T00:41:15.7929132Z  + uvicorn==0.53.0
browser	Install fixed official Ubuntu document sandbox dependencies	﻿2026-10-04T00:41:15.8040116Z ##[group]Run sudo apt-get update
browser	Install fixed official Ubuntu document sandbox dependencies	2026-10-04T00:41:15.8040458Z [36;1msudo apt-get update[0m
browser	Install fixed official Ubuntu document sandbox dependencies	2026-10-04T00:41:15.8041092Z [36;1msudo apt-get install -y bubblewrap=0.11.1-1ubuntu0.3 apparmor=5.0.2-0ubuntu1~26.04.1 libapparmor1=5.0.2-0ubuntu1~26.04.1 libseccomp2=2.6.0-2ubuntu5[0m
browser	Install fixed official Ubuntu document sandbox dependencies	2026-10-04T00:41:15.8041846Z [36;1mdpkg-query -W bubblewrap apparmor libapparmor1 libseccomp2[0m
browser	Install fixed official Ubuntu document sandbox dependencies	2026-10-04T00:41:15.8042272Z [36;1mtest -f /etc/apparmor.d/bwrap-userns-restrict[0m
browser	Install fixed official Ubuntu document sandbox dependencies	2026-10-04T00:41:15.8042587Z [36;1mbwrap --version[0m
browser	Install fixed official Ubuntu document sandbox dependencies	2026-10-04T00:41:15.8100514Z shell: /usr/bin/bash -e {0}
browser	Install fixed official Ubuntu document sandbox dependencies	2026-10-04T00:41:15.8100777Z env:
browser	Install fixed official Ubuntu document sandbox dependencies	2026-10-04T00:41:15.8101058Z   pythonLocation: /opt/hostedtoolcache/Python/3.12.13/x64
browser	Install fixed official Ubuntu document sandbox dependencies	2026-10-04T00:41:15.8101512Z   PKG_CONFIG_PATH: /opt/hostedtoolcache/Python/3.12.13/x64/lib/pkgconfig
browser	Install fixed official Ubuntu document sandbox dependencies	2026-10-04T00:41:15.8101946Z   Python_ROOT_DIR: /opt/hostedtoolcache/Python/3.12.13/x64
browser	Install fixed official Ubuntu document sandbox dependencies	2026-10-04T00:41:15.8102329Z   Python2_ROOT_DIR: /opt/hostedtoolcache/Python/3.12.13/x64
browser	Install fixed official Ubuntu document sandbox dependencies	2026-10-04T00:41:15.8102715Z   Python3_ROOT_DIR: /opt/hostedtoolcache/Python/3.12.13/x64
browser	Install fixed official Ubuntu document sandbox dependencies	2026-10-04T00:41:15.8103134Z   LD_LIBRARY_PATH: /opt/hostedtoolcache/Python/3.12.13/x64/lib
browser	Install fixed official Ubuntu document sandbox dependencies	2026-10-04T00:41:15.8103462Z ##[endgroup]
browser	Install fixed official Ubuntu document sandbox dependencies	2026-10-04T00:41:16.1998193Z Get:1 file:/etc/apt/apt-mirrors.txt Mirrorlist [144 B]
browser	Install fixed official Ubuntu document sandbox dependencies	2026-10-04T00:41:16.3522359Z Hit:2 http://azure.archive.ubuntu.com/ubuntu resolute InRelease
browser	Install fixed official Ubuntu document sandbox dependencies	2026-10-04T00:41:16.3523522Z Get:6 https://packages.microsoft.com/ubuntu/26.04/prod resolute InRelease [3964 B]
browser	Install fixed official Ubuntu document sandbox dependencies	2026-10-04T00:41:16.3555347Z Get:3 http://azure.archive.ubuntu.com/ubuntu resolute-updates InRelease [137 kB]
browser	Install fixed official Ubuntu document sandbox dependencies	2026-10-04T00:41:16.3612122Z Get:4 http://azure.archive.ubuntu.com/ubuntu resolute-backports InRelease [137 kB]
browser	Install fixed official Ubuntu document sandbox dependencies	2026-10-04T00:41:16.3899364Z Get:5 http://azure.archive.ubuntu.com/ubuntu resolute-security InRelease [137 kB]
browser	Install fixed official Ubuntu document sandbox dependencies	2026-10-04T00:41:16.4166815Z Get:7 https://packages.microsoft.com/ubuntu/26.04/prod resolute/main arm64 Packages [66.8 kB]
browser	Install fixed official Ubuntu document sandbox dependencies	2026-10-04T00:41:16.4235364Z Get:8 http://azure.archive.ubuntu.com/ubuntu resolute-updates/main amd64v3 Packages [718 kB]
browser	Install fixed official Ubuntu document sandbox dependencies	2026-10-04T00:41:16.4580127Z Get:9 http://azure.archive.ubuntu.com/ubuntu resolute-updates/main Translation-en [167 kB]
browser	Install fixed official Ubuntu document sandbox dependencies	2026-10-04T00:41:16.4605096Z Get:27 https://packages.microsoft.com/ubuntu/26.04/prod resolute/main amd64 Packages [76.6 kB]
browser	Install fixed official Ubuntu document sandbox dependencies	2026-10-04T00:41:16.4891240Z Get:10 http://azure.archive.ubuntu.com/ubuntu resolute-updates/main amd64 Components [98.1 kB]
browser	Install fixed official Ubuntu document sandbox dependencies	2026-10-04T00:41:16.4900394Z Get:28 https://packages.microsoft.com/ubuntu/26.04/prod resolute/main armhf Packages [850 B]
browser	Install fixed official Ubuntu document sandbox dependencies	2026-10-04T00:41:16.4917502Z Get:11 http://azure.archive.ubuntu.com/ubuntu resolute-updates/universe amd64v3 Packages [316 kB]
browser	Install fixed official Ubuntu document sandbox dependencies	2026-10-04T00:41:16.4943524Z Get:12 http://azure.archive.ubuntu.com/ubuntu resolute-updates/universe Translation-en [101 kB]
browser	Install fixed official Ubuntu document sandbox dependencies	2026-10-04T00:41:16.5320847Z Get:13 http://azure.archive.ubuntu.com/ubuntu resolute-updates/universe amd64 Components [201 kB]
browser	Install fixed official Ubuntu document sandbox dependencies	2026-10-04T00:41:16.5371582Z Get:14 http://azure.archive.ubuntu.com/ubuntu resolute-updates/restricted amd64v3 Packages [487 kB]
browser	Install fixed official Ubuntu document sandbox dependencies	2026-10-04T00:41:16.5383815Z Get:15 http://azure.archive.ubuntu.com/ubuntu resolute-updates/restricted Translation-en [97.7 kB]
browser	Install fixed official Ubuntu document sandbox dependencies	2026-10-04T00:41:16.5401626Z Get:16 http://azure.archive.ubuntu.com/ubuntu resolute-updates/multiverse amd64v3 Packages [11.9 kB]
browser	Install fixed official Ubuntu document sandbox dependencies	2026-10-04T00:41:16.5969252Z Get:17 http://azure.archive.ubuntu.com/ubuntu resolute-updates/multiverse Translation-en [3276 B]
browser	Install fixed official Ubuntu document sandbox dependencies	2026-10-04T00:41:16.6392310Z Get:18 http://azure.archive.ubuntu.com/ubuntu resolute-backports/universe amd64 Components [1060 B]
browser	Install fixed official Ubuntu document sandbox dependencies	2026-10-04T00:41:16.6467323Z Get:19 http://azure.archive.ubuntu.com/ubuntu resolute-security/main amd64v3 Packages [551 kB]
browser	Install fixed official Ubuntu document sandbox dependencies	2026-10-04T00:41:16.6521310Z Get:20 http://azure.archive.ubuntu.com/ubuntu resolute-security/main Translation-en [129 kB]
browser	Install fixed official Ubuntu document sandbox dependencies	2026-10-04T00:41:16.6531610Z Get:21 http://azure.archive.ubuntu.com/ubuntu resolute-security/main amd64 Components [46.7 kB]
browser	Install fixed official Ubuntu document sandbox dependencies	2026-10-04T00:41:16.6539640Z Get:22 http://azure.archive.ubuntu.com/ubuntu resolute-security/universe amd64v3 Packages [192 kB]
browser	Install fixed official Ubuntu document sandbox dependencies	2026-10-04T00:41:16.6927488Z Get:23 http://azure.archive.ubuntu.com/ubuntu resolute-security/universe Translation-en [60.4 kB]
browser	Install fixed official Ubuntu document sandbox dependencies	2026-10-04T00:41:16.6939847Z Get:24 http://azure.archive.ubuntu.com/ubuntu resolute-security/universe amd64 Components [55.5 kB]
browser	Install fixed official Ubuntu document sandbox dependencies	2026-10-04T00:41:16.6953302Z Get:25 http://azure.archive.ubuntu.com/ubuntu resolute-security/restricted amd64v3 Packages [447 kB]
browser	Install fixed official Ubuntu document sandbox dependencies	2026-10-04T00:41:16.7007149Z Get:26 http://azure.archive.ubuntu.com/ubuntu resolute-security/restricted Translation-en [89.7 kB]
browser	Install fixed official Ubuntu document sandbox dependencies	2026-10-04T00:41:19.8740306Z Fetched 4332 kB in 1s (6538 kB/s)
browser	Install fixed official Ubuntu document sandbox dependencies	2026-10-04T00:41:20.4720290Z Reading package lists...
browser	Install fixed official Ubuntu document sandbox dependencies	2026-10-04T00:41:20.5058769Z Reading package lists...
browser	Install fixed official Ubuntu document sandbox dependencies	2026-10-04T00:41:20.6288736Z Building dependency tree...
browser	Install fixed official Ubuntu document sandbox dependencies	2026-10-04T00:41:20.6295726Z Reading state information...
browser	Install fixed official Ubuntu document sandbox dependencies	2026-10-04T00:41:20.6593127Z bubblewrap is already the newest version (0.11.1-1ubuntu0.3).
browser	Install fixed official Ubuntu document sandbox dependencies	2026-10-04T00:41:20.6593862Z bubblewrap set to manually installed.
browser	Install fixed official Ubuntu document sandbox dependencies	2026-10-04T00:41:20.6594517Z apparmor is already the newest version (5.0.2-0ubuntu1~26.04.1).
browser	Install fixed official Ubuntu document sandbox dependencies	2026-10-04T00:41:20.6595219Z apparmor set to manually installed.
browser	Install fixed official Ubuntu document sandbox dependencies	2026-10-04T00:41:20.6595865Z libapparmor1 is already the newest version (5.0.2-0ubuntu1~26.04.1).
browser	Install fixed official Ubuntu document sandbox dependencies	2026-10-04T00:41:20.6596773Z libapparmor1 set to manually installed.
browser	Install fixed official Ubuntu document sandbox dependencies	2026-10-04T00:41:20.6597415Z libseccomp2 is already the newest version (2.6.0-2ubuntu5).
browser	Install fixed official Ubuntu document sandbox dependencies	2026-10-04T00:41:20.6598022Z libseccomp2 set to manually installed.
browser	Install fixed official Ubuntu document sandbox dependencies	2026-10-04T00:41:20.7087444Z Solving dependencies...
browser	Install fixed official Ubuntu document sandbox dependencies	2026-10-04T00:41:20.8201716Z 0 upgraded, 0 newly installed, 0 to remove and 25 not upgraded.
browser	Install fixed official Ubuntu document sandbox dependencies	2026-10-04T00:41:20.8339819Z apparmor	5.0.2-0ubuntu1~26.04.1
browser	Install fixed official Ubuntu document sandbox dependencies	2026-10-04T00:41:20.8340342Z bubblewrap	0.11.1-1ubuntu0.3
browser	Install fixed official Ubuntu document sandbox dependencies	2026-10-04T00:41:20.8340769Z libapparmor1:amd64	5.0.2-0ubuntu1~26.04.1
browser	Install fixed official Ubuntu document sandbox dependencies	2026-10-04T00:41:20.8341121Z libseccomp2:amd64	2.6.0-2ubuntu5
browser	Install fixed official Ubuntu document sandbox dependencies	2026-10-04T00:41:20.8516535Z bubblewrap 0.11.1
browser	Run npm ci --prefix apps/web	﻿2026-10-04T00:41:20.8564724Z ##[group]Run npm ci --prefix apps/web
browser	Run npm ci --prefix apps/web	2026-10-04T00:41:20.8565091Z [36;1mnpm ci --prefix apps/web[0m
browser	Run npm ci --prefix apps/web	2026-10-04T00:41:20.8622734Z shell: /usr/bin/bash -e {0}
browser	Run npm ci --prefix apps/web	2026-10-04T00:41:20.8622987Z env:
browser	Run npm ci --prefix apps/web	2026-10-04T00:41:20.8623254Z   pythonLocation: /opt/hostedtoolcache/Python/3.12.13/x64
browser	Run npm ci --prefix apps/web	2026-10-04T00:41:20.8623894Z   PKG_CONFIG_PATH: /opt/hostedtoolcache/Python/3.12.13/x64/lib/pkgconfig
browser	Run npm ci --prefix apps/web	2026-10-04T00:41:20.8624357Z   Python_ROOT_DIR: /opt/hostedtoolcache/Python/3.12.13/x64
browser	Run npm ci --prefix apps/web	2026-10-04T00:41:20.8624742Z   Python2_ROOT_DIR: /opt/hostedtoolcache/Python/3.12.13/x64
browser	Run npm ci --prefix apps/web	2026-10-04T00:41:20.8625144Z   Python3_ROOT_DIR: /opt/hostedtoolcache/Python/3.12.13/x64
browser	Run npm ci --prefix apps/web	2026-10-04T00:41:20.8625544Z   LD_LIBRARY_PATH: /opt/hostedtoolcache/Python/3.12.13/x64/lib
browser	Run npm ci --prefix apps/web	2026-10-04T00:41:20.8625863Z ##[endgroup]
browser	Run npm ci --prefix apps/web	2026-10-04T00:41:27.7278699Z 
browser	Run npm ci --prefix apps/web	2026-10-04T00:41:27.7279423Z added 257 packages, and audited 258 packages in 7s
browser	Run npm ci --prefix apps/web	2026-10-04T00:41:27.7279872Z 
browser	Run npm ci --prefix apps/web	2026-10-04T00:41:27.7281543Z 118 packages are looking for funding
browser	Run npm ci --prefix apps/web	2026-10-04T00:41:27.7282705Z   run `npm fund` for details
browser	Run npm ci --prefix apps/web	2026-10-04T00:41:27.7294916Z 
browser	Run npm ci --prefix apps/web	2026-10-04T00:41:27.7295231Z found 0 vulnerabilities
browser	Run npm --prefix apps/web exec -- playwright install --with-deps chromium	﻿2026-10-04T00:41:27.7774791Z ##[group]Run npm --prefix apps/web exec -- playwright install --with-deps chromium
browser	Run npm --prefix apps/web exec -- playwright install --with-deps chromium	2026-10-04T00:41:27.7775408Z [36;1mnpm --prefix apps/web exec -- playwright install --with-deps chromium[0m
browser	Run npm --prefix apps/web exec -- playwright install --with-deps chromium	2026-10-04T00:41:27.7833403Z shell: /usr/bin/bash -e {0}
browser	Run npm --prefix apps/web exec -- playwright install --with-deps chromium	2026-10-04T00:41:27.7833666Z env:
browser	Run npm --prefix apps/web exec -- playwright install --with-deps chromium	2026-10-04T00:41:27.7833951Z   pythonLocation: /opt/hostedtoolcache/Python/3.12.13/x64
browser	Run npm --prefix apps/web exec -- playwright install --with-deps chromium	2026-10-04T00:41:27.7834397Z   PKG_CONFIG_PATH: /opt/hostedtoolcache/Python/3.12.13/x64/lib/pkgconfig
browser	Run npm --prefix apps/web exec -- playwright install --with-deps chromium	2026-10-04T00:41:27.7834853Z   Python_ROOT_DIR: /opt/hostedtoolcache/Python/3.12.13/x64
browser	Run npm --prefix apps/web exec -- playwright install --with-deps chromium	2026-10-04T00:41:27.7835257Z   Python2_ROOT_DIR: /opt/hostedtoolcache/Python/3.12.13/x64
browser	Run npm --prefix apps/web exec -- playwright install --with-deps chromium	2026-10-04T00:41:27.7835640Z   Python3_ROOT_DIR: /opt/hostedtoolcache/Python/3.12.13/x64
browser	Run npm --prefix apps/web exec -- playwright install --with-deps chromium	2026-10-04T00:41:27.7836032Z   LD_LIBRARY_PATH: /opt/hostedtoolcache/Python/3.12.13/x64/lib
browser	Run npm --prefix apps/web exec -- playwright install --with-deps chromium	2026-10-04T00:41:27.7836795Z ##[endgroup]
browser	Run npm --prefix apps/web exec -- playwright install --with-deps chromium	2026-10-04T00:41:28.5415033Z Installing dependencies...
browser	Run npm --prefix apps/web exec -- playwright install --with-deps chromium	2026-10-04T00:41:28.5505457Z Switching to root user to install dependencies...
browser	Run npm --prefix apps/web exec -- playwright install --with-deps chromium	2026-10-04T00:41:28.6243607Z Get:1 file:/etc/apt/apt-mirrors.txt Mirrorlist [144 B]
browser	Run npm --prefix apps/web exec -- playwright install --with-deps chromium	2026-10-04T00:41:28.6598447Z Hit:6 https://packages.microsoft.com/ubuntu/26.04/prod resolute InRelease
browser	Run npm --prefix apps/web exec -- playwright install --with-deps chromium	2026-10-04T00:41:28.7338834Z Hit:2 http://azure.archive.ubuntu.com/ubuntu resolute InRelease
browser	Run npm --prefix apps/web exec -- playwright install --with-deps chromium	2026-10-04T00:41:28.7340151Z Hit:3 http://azure.archive.ubuntu.com/ubuntu resolute-updates InRelease
browser	Run npm --prefix apps/web exec -- playwright install --with-deps chromium	2026-10-04T00:41:28.7341274Z Hit:4 http://azure.archive.ubuntu.com/ubuntu resolute-backports InRelease
browser	Run npm --prefix apps/web exec -- playwright install --with-deps chromium	2026-10-04T00:41:28.7342396Z Hit:5 http://azure.archive.ubuntu.com/ubuntu resolute-security InRelease
browser	Run npm --prefix apps/web exec -- playwright install --with-deps chromium	2026-10-04T00:41:29.5175336Z Reading package lists...
browser	Run npm --prefix apps/web exec -- playwright install --with-deps chromium	2026-10-04T00:41:29.5423881Z Reading package lists...
browser	Run npm --prefix apps/web exec -- playwright install --with-deps chromium	2026-10-04T00:41:29.6644637Z Building dependency tree...
browser	Run npm --prefix apps/web exec -- playwright install --with-deps chromium	2026-10-04T00:41:29.6652049Z Reading state information...
browser	Run npm --prefix apps/web exec -- playwright install --with-deps chromium	2026-10-04T00:41:29.6947904Z libasound2t64 is already the newest version (1.2.15.3-1ubuntu1.1).
browser	Run npm --prefix apps/web exec -- playwright install --with-deps chromium	2026-10-04T00:41:29.6948748Z libasound2t64 set to manually installed.
browser	Run npm --prefix apps/web exec -- playwright install --with-deps chromium	2026-10-04T00:41:29.6949477Z libatk-bridge2.0-0t64 is already the newest version (2.60.4-0ubuntu0.1).
browser	Run npm --prefix apps/web exec -- playwright install --with-deps chromium	2026-10-04T00:41:29.6950281Z libatk-bridge2.0-0t64 set to manually installed.
browser	Run npm --prefix apps/web exec -- playwright install --with-deps chromium	2026-10-04T00:41:29.6951041Z libatk1.0-0t64 is already the newest version (2.60.4-0ubuntu0.1).
browser	Run npm --prefix apps/web exec -- playwright install --with-deps chromium	2026-10-04T00:41:29.6951706Z libatk1.0-0t64 set to manually installed.
browser	Run npm --prefix apps/web exec -- playwright install --with-deps chromium	2026-10-04T00:41:29.6952419Z libatspi2.0-0t64 is already the newest version (2.60.4-0ubuntu0.1).
browser	Run npm --prefix apps/web exec -- playwright install --with-deps chromium	2026-10-04T00:41:29.6953137Z libatspi2.0-0t64 set to manually installed.
browser	Run npm --prefix apps/web exec -- playwright install --with-deps chromium	2026-10-04T00:41:29.6953933Z libcairo2 is already the newest version (1.18.4-3).
browser	Run npm --prefix apps/web exec -- playwright install --with-deps chromium	2026-10-04T00:41:29.6954788Z libcairo2 set to manually installed.
browser	Run npm --prefix apps/web exec -- playwright install --with-deps chromium	2026-10-04T00:41:29.6955586Z libcups2t64 is already the newest version (2.4.16-1ubuntu1.3).
browser	Run npm --prefix apps/web exec -- playwright install --with-deps chromium	2026-10-04T00:41:29.6956751Z libcups2t64 set to manually installed.
browser	Run npm --prefix apps/web exec -- playwright install --with-deps chromium	2026-10-04T00:41:29.6957674Z libdbus-1-3 is already the newest version (1.16.2-2ubuntu4).
browser	Run npm --prefix apps/web exec -- playwright install --with-deps chromium	2026-10-04T00:41:29.6958428Z libdbus-1-3 set to manually installed.
browser	Run npm --prefix apps/web exec -- playwright install --with-deps chromium	2026-10-04T00:41:29.6959222Z libdrm2 is already the newest version (2.4.131-1).
browser	Run npm --prefix apps/web exec -- playwright install --with-deps chromium	2026-10-04T00:41:29.6959945Z libdrm2 set to manually installed.
browser	Run npm --prefix apps/web exec -- playwright install --with-deps chromium	2026-10-04T00:41:29.6960535Z libgbm1 is already the newest version (26.0.8-1ubuntu0.3).
browser	Run npm --prefix apps/web exec -- playwright install --with-deps chromium	2026-10-04T00:41:29.6961507Z libgbm1 set to manually installed.
browser	Run npm --prefix apps/web exec -- playwright install --with-deps chromium	2026-10-04T00:41:29.6962093Z libglib2.0-0t64 is already the newest version (2.88.0-1ubuntu0.1).
browser	Run npm --prefix apps/web exec -- playwright install --with-deps chromium	2026-10-04T00:41:29.6962758Z libglib2.0-0t64 set to manually installed.
browser	Run npm --prefix apps/web exec -- playwright install --with-deps chromium	2026-10-04T00:41:29.6963386Z libnspr4 is already the newest version (2:4.38.2-1ubuntu1).
browser	Run npm --prefix apps/web exec -- playwright install --with-deps chromium	2026-10-04T00:41:29.6963954Z libnspr4 set to manually installed.
browser	Run npm --prefix apps/web exec -- playwright install --with-deps chromium	2026-10-04T00:41:29.6978530Z libnss3 is already the newest version (2:3.120-1ubuntu2.1).
browser	Run npm --prefix apps/web exec -- playwright install --with-deps chromium	2026-10-04T00:41:29.6978978Z libnss3 set to manually installed.
browser	Run npm --prefix apps/web exec -- playwright install --with-deps chromium	2026-10-04T00:41:29.6979420Z libpango-1.0-0 is already the newest version (1.57.0-1).
browser	Run npm --prefix apps/web exec -- playwright install --with-deps chromium	2026-10-04T00:41:29.6980127Z libpango-1.0-0 set to manually installed.
browser	Run npm --prefix apps/web exec -- playwright install --with-deps chromium	2026-10-04T00:41:29.6980819Z libx11-6 is already the newest version (2:1.8.13-1).
browser	Run npm --prefix apps/web exec -- playwright install --with-deps chromium	2026-10-04T00:41:29.6981415Z libx11-6 set to manually installed.
browser	Run npm --prefix apps/web exec -- playwright install --with-deps chromium	2026-10-04T00:41:29.6982042Z libxcb1 is already the newest version (1.17.0-2ubuntu1).
browser	Run npm --prefix apps/web exec -- playwright install --with-deps chromium	2026-10-04T00:41:29.6983200Z libxcb1 set to manually installed.
browser	Run npm --prefix apps/web exec -- playwright install --with-deps chromium	2026-10-04T00:41:29.6983691Z libxcomposite1 is already the newest version (1:0.4.6-1build1).
browser	Run npm --prefix apps/web exec -- playwright install --with-deps chromium	2026-10-04T00:41:29.6984156Z libxcomposite1 set to manually installed.
browser	Run npm --prefix apps/web exec -- playwright install --with-deps chromium	2026-10-04T00:41:29.6984920Z libxdamage1 is already the newest version (1:1.1.7-1).
browser	Run npm --prefix apps/web exec -- playwright install --with-deps chromium	2026-10-04T00:41:29.6985625Z libxdamage1 set to manually installed.
browser	Run npm --prefix apps/web exec -- playwright install --with-deps chromium	2026-10-04T00:41:29.6986620Z libxext6 is already the newest version (2:1.3.4-1build3).
browser	Run npm --prefix apps/web exec -- playwright install --with-deps chromium	2026-10-04T00:41:29.6987296Z libxext6 set to manually installed.
browser	Run npm --prefix apps/web exec -- playwright install --with-deps chromium	2026-10-04T00:41:29.6988314Z libxfixes3 is already the newest version (1:6.0.0-2build2).
browser	Run npm --prefix apps/web exec -- playwright install --with-deps chromium	2026-10-04T00:41:29.6989036Z libxfixes3 set to manually installed.
browser	Run npm --prefix apps/web exec -- playwright install --with-deps chromium	2026-10-04T00:41:29.6989735Z libxkbcommon0 is already the newest version (1.13.1-1).
browser	Run npm --prefix apps/web exec -- playwright install --with-deps chromium	2026-10-04T00:41:29.6990421Z libxkbcommon0 set to manually installed.
browser	Run npm --prefix apps/web exec -- playwright install --with-deps chromium	2026-10-04T00:41:29.6991149Z libxrandr2 is already the newest version (2:1.5.4-1build1).
browser	Run npm --prefix apps/web exec -- playwright install --with-deps chromium	2026-10-04T00:41:29.6991849Z libxrandr2 set to manually installed.
browser	Run npm --prefix apps/web exec -- playwright install --with-deps chromium	2026-10-04T00:41:29.6992573Z xvfb is already the newest version (2:21.1.22-1ubuntu1.2).
browser	Run npm --prefix apps/web exec -- playwright install --with-deps chromium	2026-10-04T00:41:29.6993265Z fonts-noto-color-emoji is already the newest version (2.051-1build1).
browser	Run npm --prefix apps/web exec -- playwright install --with-deps chromium	2026-10-04T00:41:29.6993802Z libfontconfig1 is already the newest version (2.17.1-3ubuntu1).
browser	Run npm --prefix apps/web exec -- playwright install --with-deps chromium	2026-10-04T00:41:29.6994223Z libfontconfig1 set to manually installed.
browser	Run npm --prefix apps/web exec -- playwright install --with-deps chromium	2026-10-04T00:41:29.6994665Z libfreetype6 is already the newest version (2.14.2+dfsg-1ubuntu0.1).
browser	Run npm --prefix apps/web exec -- playwright install --with-deps chromium	2026-10-04T00:41:29.6995099Z libfreetype6 set to manually installed.
browser	Run npm --prefix apps/web exec -- playwright install --with-deps chromium	2026-10-04T00:41:29.6995541Z fonts-liberation is already the newest version (1:2.1.5-3build1).
browser	Run npm --prefix apps/web exec -- playwright install --with-deps chromium	2026-10-04T00:41:29.6995964Z fonts-liberation set to manually installed.
browser	Run npm --prefix apps/web exec -- playwright install --with-deps chromium	2026-10-04T00:41:29.7382808Z Solving dependencies...
browser	Run npm --prefix apps/web exec -- playwright install --with-deps chromium	2026-10-04T00:41:29.8166429Z The following additional packages will be installed:
browser	Run npm --prefix apps/web exec -- playwright install --with-deps chromium	2026-10-04T00:41:29.8166948Z   xfonts-encodings xfonts-utils
browser	Run npm --prefix apps/web exec -- playwright install --with-deps chromium	2026-10-04T00:41:29.8171614Z Recommended packages:
browser	Run npm --prefix apps/web exec -- playwright install --with-deps chromium	2026-10-04T00:41:29.8171951Z   fonts-ipafont-mincho fonts-tlwg-loma
browser	Run npm --prefix apps/web exec -- playwright install --with-deps chromium	2026-10-04T00:41:29.8335927Z The following NEW packages will be installed:
browser	Run npm --prefix apps/web exec -- playwright install --with-deps chromium	2026-10-04T00:41:29.8336838Z   fonts-freefont-ttf fonts-ipafont-gothic fonts-tlwg-loma-otf fonts-unifont
browser	Run npm --prefix apps/web exec -- playwright install --with-deps chromium	2026-10-04T00:41:29.8340976Z   fonts-wqy-zenhei xfonts-cyrillic xfonts-encodings xfonts-scalable
browser	Run npm --prefix apps/web exec -- playwright install --with-deps chromium	2026-10-04T00:41:29.8341383Z   xfonts-utils
browser	Run npm --prefix apps/web exec -- playwright install --with-deps chromium	2026-10-04T00:41:29.8537180Z 0 upgraded, 9 newly installed, 0 to remove and 25 not upgraded.
browser	Run npm --prefix apps/web exec -- playwright install --with-deps chromium	2026-10-04T00:41:29.8537812Z Need to get 21.9 MB of archives.
browser	Run npm --prefix apps/web exec -- playwright install --with-deps chromium	2026-10-04T00:41:29.8538250Z After this operation, 80.2 MB of additional disk space will be used.
browser	Run npm --prefix apps/web exec -- playwright install --with-deps chromium	2026-10-04T00:41:29.8538749Z Get:1 file:/etc/apt/apt-mirrors.txt Mirrorlist [144 B]
browser	Run npm --prefix apps/web exec -- playwright install --with-deps chromium	2026-10-04T00:41:30.0586811Z Get:2 http://azure.archive.ubuntu.com/ubuntu resolute/universe amd64v3 fonts-ipafont-gothic all 00303-23ubuntu1 [3703 kB]
browser	Run npm --prefix apps/web exec -- playwright install --with-deps chromium	2026-10-04T00:41:30.9551554Z Get:3 http://azure.archive.ubuntu.com/ubuntu resolute/main amd64v3 fonts-freefont-ttf all 20211204+svn4273-4build1 [5656 kB]
browser	Run npm --prefix apps/web exec -- playwright install --with-deps chromium	2026-10-04T00:41:31.1899770Z Get:4 http://azure.archive.ubuntu.com/ubuntu resolute/universe amd64v3 fonts-tlwg-loma-otf all 1:0.7.3-1build1 [106 kB]
browser	Run npm --prefix apps/web exec -- playwright install --with-deps chromium	2026-10-04T00:41:31.2862956Z Get:5 http://azure.archive.ubuntu.com/ubuntu resolute/universe amd64v3 fonts-unifont all 1:16.0.04-1build1 [3169 kB]
browser	Run npm --prefix apps/web exec -- playwright install --with-deps chromium	2026-10-04T00:41:31.4767802Z Get:6 http://azure.archive.ubuntu.com/ubuntu resolute/universe amd64v3 fonts-wqy-zenhei all 0.9.45-8build1 [7863 kB]
browser	Run npm --prefix apps/web exec -- playwright install --with-deps chromium	2026-10-04T00:41:31.7783255Z Get:7 http://azure.archive.ubuntu.com/ubuntu resolute/main amd64v3 xfonts-encodings all 1:1.0.5-0ubuntu3 [576 kB]
browser	Run npm --prefix apps/web exec -- playwright install --with-deps chromium	2026-10-04T00:41:31.8915701Z Get:8 http://azure.archive.ubuntu.com/ubuntu resolute/main amd64v3 xfonts-utils amd64 1:7.7+7build1 [97.3 kB]
browser	Run npm --prefix apps/web exec -- playwright install --with-deps chromium	2026-10-04T00:41:31.9991791Z Get:9 http://azure.archive.ubuntu.com/ubuntu resolute/universe amd64v3 xfonts-cyrillic all 1:1.0.5+nmu1build1 [384 kB]
browser	Run npm --prefix apps/web exec -- playwright install --with-deps chromium	2026-10-04T00:41:32.1154111Z Get:10 http://azure.archive.ubuntu.com/ubuntu resolute/universe amd64v3 xfonts-scalable all 1:1.0.3-1.3build1 [304 kB]
browser	Run npm --prefix apps/web exec -- playwright install --with-deps chromium	2026-10-04T00:41:33.4605560Z Fetched 21.9 MB in 2s (9573 kB/s)
browser	Run npm --prefix apps/web exec -- playwright install --with-deps chromium	2026-10-04T00:41:33.5004655Z Selecting previously unselected package fonts-ipafont-gothic.
browser	Run npm --prefix apps/web exec -- playwright install --with-deps chromium	2026-10-04T00:41:33.5348841Z (Reading database ... 
browser	Run npm --prefix apps/web exec -- playwright install --with-deps chromium	2026-10-04T00:41:33.5349298Z (Reading database ... 5%
browser	Run npm --prefix apps/web exec -- playwright install --with-deps chromium	2026-10-04T00:41:33.5349581Z (Reading database ... 10%
browser	Run npm --prefix apps/web exec -- playwright install --with-deps chromium	2026-10-04T00:41:33.5349858Z (Reading database ... 15%
browser	Run npm --prefix apps/web exec -- playwright install --with-deps chromium	2026-10-04T00:41:33.5350111Z (Reading database ... 20%
browser	Run npm --prefix apps/web exec -- playwright install --with-deps chromium	2026-10-04T00:41:33.5350362Z (Reading database ... 25%
browser	Run npm --prefix apps/web exec -- playwright install --with-deps chromium	2026-10-04T00:41:33.5350624Z (Reading database ... 30%
browser	Run npm --prefix apps/web exec -- playwright install --with-deps chromium	2026-10-04T00:41:33.5351196Z (Reading database ... 35%
browser	Run npm --prefix apps/web exec -- playwright install --with-deps chromium	2026-10-04T00:41:33.5351461Z (Reading database ... 40%
browser	Run npm --prefix apps/web exec -- playwright install --with-deps chromium	2026-10-04T00:41:33.5351866Z (Reading database ... 45%
browser	Run npm --prefix apps/web exec -- playwright install --with-deps chromium	2026-10-04T00:41:33.5352330Z (Reading database ... 50%
browser	Run npm --prefix apps/web exec -- playwright install --with-deps chromium	2026-10-04T00:41:33.5938118Z (Reading database ... 55%
browser	Run npm --prefix apps/web exec -- playwright install --with-deps chromium	2026-10-04T00:41:33.7576878Z (Reading database ... 60%
browser	Run npm --prefix apps/web exec -- playwright install --with-deps chromium	2026-10-04T00:41:33.8942090Z (Reading database ... 65%
browser	Run npm --prefix apps/web exec -- playwright install --with-deps chromium	2026-10-04T00:41:34.0987560Z (Reading database ... 70%
browser	Run npm --prefix apps/web exec -- playwright install --with-deps chromium	2026-10-04T00:41:34.2431700Z (Reading database ... 75%
browser	Run npm --prefix apps/web exec -- playwright install --with-deps chromium	2026-10-04T00:41:34.3583463Z (Reading database ... 80%
browser	Run npm --prefix apps/web exec -- playwright install --with-deps chromium	2026-10-04T00:41:34.4600686Z (Reading database ... 85%
browser	Run npm --prefix apps/web exec -- playwright install --with-deps chromium	2026-10-04T00:41:34.6062293Z (Reading database ... 90%
browser	Run npm --prefix apps/web exec -- playwright install --with-deps chromium	2026-10-04T00:41:34.7110641Z (Reading database ... 95%
browser	Run npm --prefix apps/web exec -- playwright install --with-deps chromium	2026-10-04T00:41:34.7111373Z (Reading database ... 100%
browser	Run npm --prefix apps/web exec -- playwright install --with-deps chromium	2026-10-04T00:41:34.7112389Z (Reading database ... 209820 files and directories currently installed.)
browser	Run npm --prefix apps/web exec -- playwright install --with-deps chromium	2026-10-04T00:41:34.7148585Z Preparing to unpack .../0-fonts-ipafont-gothic_00303-23ubuntu1_all.deb ...
browser	Run npm --prefix apps/web exec -- playwright install --with-deps chromium	2026-10-04T00:41:34.7254612Z Unpacking fonts-ipafont-gothic (00303-23ubuntu1) ...
browser	Run npm --prefix apps/web exec -- playwright install --with-deps chromium	2026-10-04T00:41:34.7941072Z Selecting previously unselected package fonts-freefont-ttf.
browser	Run npm --prefix apps/web exec -- playwright install --with-deps chromium	2026-10-04T00:41:34.8074333Z Preparing to unpack .../1-fonts-freefont-ttf_20211204+svn4273-4build1_all.deb ...
browser	Run npm --prefix apps/web exec -- playwright install --with-deps chromium	2026-10-04T00:41:34.8080691Z Unpacking fonts-freefont-ttf (20211204+svn4273-4build1) ...
browser	Run npm --prefix apps/web exec -- playwright install --with-deps chromium	2026-10-04T00:41:34.8912712Z Selecting previously unselected package fonts-tlwg-loma-otf.
browser	Run npm --prefix apps/web exec -- playwright install --with-deps chromium	2026-10-04T00:41:34.9046431Z Preparing to unpack .../2-fonts-tlwg-loma-otf_1%3a0.7.3-1build1_all.deb ...
browser	Run npm --prefix apps/web exec -- playwright install --with-deps chromium	2026-10-04T00:41:34.9052398Z Unpacking fonts-tlwg-loma-otf (1:0.7.3-1build1) ...
browser	Run npm --prefix apps/web exec -- playwright install --with-deps chromium	2026-10-04T00:41:34.9267779Z Selecting previously unselected package fonts-unifont.
browser	Run npm --prefix apps/web exec -- playwright install --with-deps chromium	2026-10-04T00:41:34.9399848Z Preparing to unpack .../3-fonts-unifont_1%3a16.0.04-1build1_all.deb ...
browser	Run npm --prefix apps/web exec -- playwright install --with-deps chromium	2026-10-04T00:41:34.9406084Z Unpacking fonts-unifont (1:16.0.04-1build1) ...
browser	Run npm --prefix apps/web exec -- playwright install --with-deps chromium	2026-10-04T00:41:35.0573918Z Selecting previously unselected package fonts-wqy-zenhei.
browser	Run npm --prefix apps/web exec -- playwright install --with-deps chromium	2026-10-04T00:41:35.0707499Z Preparing to unpack .../4-fonts-wqy-zenhei_0.9.45-8build1_all.deb ...
browser	Run npm --prefix apps/web exec -- playwright install --with-deps chromium	2026-10-04T00:41:35.0848036Z Unpacking fonts-wqy-zenhei (0.9.45-8build1) ...
browser	Run npm --prefix apps/web exec -- playwright install --with-deps chromium	2026-10-04T00:41:35.1701429Z Selecting previously unselected package xfonts-encodings.
browser	Run npm --prefix apps/web exec -- playwright install --with-deps chromium	2026-10-04T00:41:35.1834573Z Preparing to unpack .../5-xfonts-encodings_1%3a1.0.5-0ubuntu3_all.deb ...
browser	Run npm --prefix apps/web exec -- playwright install --with-deps chromium	2026-10-04T00:41:35.1841166Z Unpacking xfonts-encodings (1:1.0.5-0ubuntu3) ...
browser	Run npm --prefix apps/web exec -- playwright install --with-deps chromium	2026-10-04T00:41:35.2132947Z Selecting previously unselected package xfonts-utils.
browser	Run npm --prefix apps/web exec -- playwright install --with-deps chromium	2026-10-04T00:41:35.2265171Z Preparing to unpack .../6-xfonts-utils_1%3a7.7+7build1_amd64v3.deb ...
browser	Run npm --prefix apps/web exec -- playwright install --with-deps chromium	2026-10-04T00:41:35.2272175Z Unpacking xfonts-utils (1:7.7+7build1) ...
browser	Run npm --prefix apps/web exec -- playwright install --with-deps chromium	2026-10-04T00:41:35.2627378Z Selecting previously unselected package xfonts-cyrillic.
browser	Run npm --prefix apps/web exec -- playwright install --with-deps chromium	2026-10-04T00:41:35.2759983Z Preparing to unpack .../7-xfonts-cyrillic_1%3a1.0.5+nmu1build1_all.deb ...
browser	Run npm --prefix apps/web exec -- playwright install --with-deps chromium	2026-10-04T00:41:35.2766446Z Unpacking xfonts-cyrillic (1:1.0.5+nmu1build1) ...
browser	Run npm --prefix apps/web exec -- playwright install --with-deps chromium	2026-10-04T00:41:35.3094007Z Selecting previously unselected package xfonts-scalable.
browser	Run npm --prefix apps/web exec -- playwright install --with-deps chromium	2026-10-04T00:41:35.3224926Z Preparing to unpack .../8-xfonts-scalable_1%3a1.0.3-1.3build1_all.deb ...
browser	Run npm --prefix apps/web exec -- playwright install --with-deps chromium	2026-10-04T00:41:35.3231982Z Unpacking xfonts-scalable (1:1.0.3-1.3build1) ...
browser	Run npm --prefix apps/web exec -- playwright install --with-deps chromium	2026-10-04T00:41:35.3657774Z Setting up fonts-wqy-zenhei (0.9.45-8build1) ...
browser	Run npm --prefix apps/web exec -- playwright install --with-deps chromium	2026-10-04T00:41:35.3818597Z Setting up fonts-freefont-ttf (20211204+svn4273-4build1) ...
browser	Run npm --prefix apps/web exec -- playwright install --with-deps chromium	2026-10-04T00:41:35.3835235Z Setting up fonts-tlwg-loma-otf (1:0.7.3-1build1) ...
browser	Run npm --prefix apps/web exec -- playwright install --with-deps chromium	2026-10-04T00:41:35.3851718Z Setting up xfonts-encodings (1:1.0.5-0ubuntu3) ...
browser	Run npm --prefix apps/web exec -- playwright install --with-deps chromium	2026-10-04T00:41:35.3868978Z Setting up fonts-ipafont-gothic (00303-23ubuntu1) ...
browser	Run npm --prefix apps/web exec -- playwright install --with-deps chromium	2026-10-04T00:41:35.3929022Z update-alternatives: using /usr/share/fonts/opentype/ipafont-gothic/ipag.ttf to provide /usr/share/fonts/truetype/fonts-japanese-gothic.ttf (fonts-japanese-gothic.ttf) in auto mode
browser	Run npm --prefix apps/web exec -- playwright install --with-deps chromium	2026-10-04T00:41:35.3944222Z Setting up fonts-unifont (1:16.0.04-1build1) ...
browser	Run npm --prefix apps/web exec -- playwright install --with-deps chromium	2026-10-04T00:41:35.3983993Z Setting up xfonts-utils (1:7.7+7build1) ...
browser	Run npm --prefix apps/web exec -- playwright install --with-deps chromium	2026-10-04T00:41:35.4037027Z Setting up xfonts-cyrillic (1:1.0.5+nmu1build1) ...
browser	Run npm --prefix apps/web exec -- playwright install --with-deps chromium	2026-10-04T00:41:35.4489281Z Setting up xfonts-scalable (1:1.0.3-1.3build1) ...
browser	Run npm --prefix apps/web exec -- playwright install --with-deps chromium	2026-10-04T00:41:35.4914471Z Processing triggers for man-db (2.13.1-1build1) ...
browser	Run npm --prefix apps/web exec -- playwright install --with-deps chromium	2026-10-04T00:41:35.4937205Z Not building database; man-db/auto-update is not 'true'.
browser	Run npm --prefix apps/web exec -- playwright install --with-deps chromium	2026-10-04T00:41:35.4950097Z Processing triggers for fontconfig (2.17.1-3ubuntu1) ...
browser	Run npm --prefix apps/web exec -- playwright install --with-deps chromium	2026-10-04T00:41:36.2670804Z 
browser	Run npm --prefix apps/web exec -- playwright install --with-deps chromium	2026-10-04T00:41:36.2671500Z Running kernel seems to be up-to-date.
browser	Run npm --prefix apps/web exec -- playwright install --with-deps chromium	2026-10-04T00:41:36.2671886Z 
browser	Run npm --prefix apps/web exec -- playwright install --with-deps chromium	2026-10-04T00:41:36.2672081Z Restarting services...
browser	Run npm --prefix apps/web exec -- playwright install --with-deps chromium	2026-10-04T00:41:36.2764485Z 
browser	Run npm --prefix apps/web exec -- playwright install --with-deps chromium	2026-10-04T00:41:36.2764940Z Service restarts being deferred:
browser	Run npm --prefix apps/web exec -- playwright install --with-deps chromium	2026-10-04T00:41:36.2768649Z  systemctl restart hosted-compute-agent.service
browser	Run npm --prefix apps/web exec -- playwright install --with-deps chromium	2026-10-04T00:41:36.2769108Z 
browser	Run npm --prefix apps/web exec -- playwright install --with-deps chromium	2026-10-04T00:41:36.2769631Z No containers need to be restarted.
browser	Run npm --prefix apps/web exec -- playwright install --with-deps chromium	2026-10-04T00:41:36.2769922Z 
browser	Run npm --prefix apps/web exec -- playwright install --with-deps chromium	2026-10-04T00:41:36.2770364Z No user sessions are running outdated binaries.
browser	Run npm --prefix apps/web exec -- playwright install --with-deps chromium	2026-10-04T00:41:36.2770725Z 
browser	Run npm --prefix apps/web exec -- playwright install --with-deps chromium	2026-10-04T00:41:36.2771182Z No VM guests are running outdated hypervisor (qemu) binaries on this host.
browser	Run npm --prefix apps/web exec -- playwright install --with-deps chromium	2026-10-04T00:41:37.0710222Z Downloading Chrome for Testing 153.0.8010.12 (playwright chromium v1243) from https://cdn.playwright.dev/builds/cft/153.0.8010.12/linux64/chrome-linux64.zip
browser	Run npm --prefix apps/web exec -- playwright install --with-deps chromium	2026-10-04T00:41:37.4369705Z |                                                                                |   0% of 186.8 MiB
browser	Run npm --prefix apps/web exec -- playwright install --with-deps chromium	2026-10-04T00:41:37.5864915Z |■■■■■■■■                                                                        |  10% of 186.8 MiB
browser	Run npm --prefix apps/web exec -- playwright install --with-deps chromium	2026-10-04T00:41:37.6767470Z |■■■■■■■■■■■■■■■■                                                                |  20% of 186.8 MiB
browser	Run npm --prefix apps/web exec -- playwright install --with-deps chromium	2026-10-04T00:41:37.7833832Z |■■■■■■■■■■■■■■■■■■■■■■■■                                                        |  30% of 186.8 MiB
browser	Run npm --prefix apps/web exec -- playwright install --with-deps chromium	2026-10-04T00:41:37.8471762Z |■■■■■■■■■■■■■■■■■■■■■■■■■■■■■■■■                                                |  40% of 186.8 MiB
browser	Run npm --prefix apps/web exec -- playwright install --with-deps chromium	2026-10-04T00:41:37.9287424Z |■■■■■■■■■■■■■■■■■■■■■■■■■■■■■■■■■■■■■■■■                                        |  50% of 186.8 MiB
browser	Run npm --prefix apps/web exec -- playwright install --with-deps chromium	2026-10-04T00:41:38.0076934Z |■■■■■■■■■■■■■■■■■■■■■■■■■■■■■■■■■■■■■■■■■■■■■■■■                                |  60% of 186.8 MiB
browser	Run npm --prefix apps/web exec -- playwright install --with-deps chromium	2026-10-04T00:41:38.0740354Z |■■■■■■■■■■■■■■■■■■■■■■■■■■■■■■■■■■■■■■■■■■■■■■■■■■■■■■■■                        |  70% of 186.8 MiB
browser	Run npm --prefix apps/web exec -- playwright install --with-deps chromium	2026-10-04T00:41:38.1508310Z |■■■■■■■■■■■■■■■■■■■■■■■■■■■■■■■■■■■■■■■■■■■■■■■■■■■■■■■■■■■■■■■■                |  80% of 186.8 MiB
browser	Run npm --prefix apps/web exec -- playwright install --with-deps chromium	2026-10-04T00:41:38.2262543Z |■■■■■■■■■■■■■■■■■■■■■■■■■■■■■■■■■■■■■■■■■■■■■■■■■■■■■■■■■■■■■■■■■■■■■■■■        |  90% of 186.8 MiB
browser	Run npm --prefix apps/web exec -- playwright install --with-deps chromium	2026-10-04T00:41:38.2988493Z |■■■■■■■■■■■■■■■■■■■■■■■■■■■■■■■■■■■■■■■■■■■■■■■■■■■■■■■■■■■■■■■■■■■■■■■■■■■■■■■■| 100% of 186.8 MiB
browser	Run npm --prefix apps/web exec -- playwright install --with-deps chromium	2026-10-04T00:41:41.1859546Z Chrome for Testing 153.0.8010.12 (playwright chromium v1243) downloaded to $RUNNER_HOME/.cache/ms-playwright/chromium-1243
browser	Run npm --prefix apps/web exec -- playwright install --with-deps chromium	2026-10-04T00:41:41.1862889Z Downloading FFmpeg (playwright ffmpeg v1011) from https://cdn.playwright.dev/dbazure/download/playwright/builds/ffmpeg/1011/ffmpeg-linux.zip
browser	Run npm --prefix apps/web exec -- playwright install --with-deps chromium	2026-10-04T00:41:41.5416729Z |                                                                                |   0% of 2.3 MiB
browser	Run npm --prefix apps/web exec -- playwright install --with-deps chromium	2026-10-04T00:41:41.5444010Z |■■■■■■■■                                                                        |  10% of 2.3 MiB
browser	Run npm --prefix apps/web exec -- playwright install --with-deps chromium	2026-10-04T00:41:41.5463314Z |■■■■■■■■■■■■■■■■                                                                |  20% of 2.3 MiB
browser	Run npm --prefix apps/web exec -- playwright install --with-deps chromium	2026-10-04T00:41:41.5490998Z |■■■■■■■■■■■■■■■■■■■■■■■■                                                        |  30% of 2.3 MiB
browser	Run npm --prefix apps/web exec -- playwright install --with-deps chromium	2026-10-04T00:41:41.5505033Z |■■■■■■■■■■■■■■■■■■■■■■■■■■■■■■■■                                                |  40% of 2.3 MiB
browser	Run npm --prefix apps/web exec -- playwright install --with-deps chromium	2026-10-04T00:41:41.5518370Z |■■■■■■■■■■■■■■■■■■■■■■■■■■■■■■■■■■■■■■■■                                        |  50% of 2.3 MiB
browser	Run npm --prefix apps/web exec -- playwright install --with-deps chromium	2026-10-04T00:41:41.5528811Z |■■■■■■■■■■■■■■■■■■■■■■■■■■■■■■■■■■■■■■■■■■■■■■■■                                |  60% of 2.3 MiB
browser	Run npm --prefix apps/web exec -- playwright install --with-deps chromium	2026-10-04T00:41:41.5541732Z |■■■■■■■■■■■■■■■■■■■■■■■■■■■■■■■■■■■■■■■■■■■■■■■■■■■■■■■■                        |  70% of 2.3 MiB
browser	Run npm --prefix apps/web exec -- playwright install --with-deps chromium	2026-10-04T00:41:41.5557563Z |■■■■■■■■■■■■■■■■■■■■■■■■■■■■■■■■■■■■■■■■■■■■■■■■■■■■■■■■■■■■■■■■                |  80% of 2.3 MiB
browser	Run npm --prefix apps/web exec -- playwright install --with-deps chromium	2026-10-04T00:41:41.5567759Z |■■■■■■■■■■■■■■■■■■■■■■■■■■■■■■■■■■■■■■■■■■■■■■■■■■■■■■■■■■■■■■■■■■■■■■■■        |  90% of 2.3 MiB
browser	Run npm --prefix apps/web exec -- playwright install --with-deps chromium	2026-10-04T00:41:41.5578799Z |■■■■■■■■■■■■■■■■■■■■■■■■■■■■■■■■■■■■■■■■■■■■■■■■■■■■■■■■■■■■■■■■■■■■■■■■■■■■■■■■| 100% of 2.3 MiB
browser	Run npm --prefix apps/web exec -- playwright install --with-deps chromium	2026-10-04T00:41:41.6164625Z FFmpeg (playwright ffmpeg v1011) downloaded to $RUNNER_HOME/.cache/ms-playwright/ffmpeg-1011
browser	Run npm --prefix apps/web exec -- playwright install --with-deps chromium	2026-10-04T00:41:41.6170567Z Downloading Chrome Headless Shell 153.0.8010.12 (playwright chromium-headless-shell v1243) from https://cdn.playwright.dev/builds/cft/153.0.8010.12/linux64/chrome-headless-shell-linux64.zip
browser	Run npm --prefix apps/web exec -- playwright install --with-deps chromium	2026-10-04T00:41:41.9974443Z |                                                                                |   0% of 114.3 MiB
browser	Run npm --prefix apps/web exec -- playwright install --with-deps chromium	2026-10-04T00:41:42.0978638Z |■■■■■■■■                                                                        |  10% of 114.3 MiB
browser	Run npm --prefix apps/web exec -- playwright install --with-deps chromium	2026-10-04T00:41:42.1649900Z |■■■■■■■■■■■■■■■■                                                                |  20% of 114.3 MiB
browser	Run npm --prefix apps/web exec -- playwright install --with-deps chromium	2026-10-04T00:41:42.2146559Z |■■■■■■■■■■■■■■■■■■■■■■■■                                                        |  30% of 114.3 MiB
browser	Run npm --prefix apps/web exec -- playwright install --with-deps chromium	2026-10-04T00:41:42.2767800Z |■■■■■■■■■■■■■■■■■■■■■■■■■■■■■■■■                                                |  40% of 114.3 MiB
browser	Run npm --prefix apps/web exec -- playwright install --with-deps chromium	2026-10-04T00:41:42.3371413Z |■■■■■■■■■■■■■■■■■■■■■■■■■■■■■■■■■■■■■■■■                                        |  50% of 114.3 MiB
browser	Run npm --prefix apps/web exec -- playwright install --with-deps chromium	2026-10-04T00:41:42.3740237Z |■■■■■■■■■■■■■■■■■■■■■■■■■■■■■■■■■■■■■■■■■■■■■■■■                                |  60% of 114.3 MiB
browser	Run npm --prefix apps/web exec -- playwright install --with-deps chromium	2026-10-04T00:41:42.4280977Z |■■■■■■■■■■■■■■■■■■■■■■■■■■■■■■■■■■■■■■■■■■■■■■■■■■■■■■■■                        |  70% of 114.3 MiB
browser	Run npm --prefix apps/web exec -- playwright install --with-deps chromium	2026-10-04T00:41:42.4706815Z |■■■■■■■■■■■■■■■■■■■■■■■■■■■■■■■■■■■■■■■■■■■■■■■■■■■■■■■■■■■■■■■■                |  80% of 114.3 MiB
browser	Run npm --prefix apps/web exec -- playwright install --with-deps chromium	2026-10-04T00:41:42.5074299Z |■■■■■■■■■■■■■■■■■■■■■■■■■■■■■■■■■■■■■■■■■■■■■■■■■■■■■■■■■■■■■■■■■■■■■■■■        |  90% of 114.3 MiB
browser	Run npm --prefix apps/web exec -- playwright install --with-deps chromium	2026-10-04T00:41:42.5578306Z |■■■■■■■■■■■■■■■■■■■■■■■■■■■■■■■■■■■■■■■■■■■■■■■■■■■■■■■■■■■■■■■■■■■■■■■■■■■■■■■■| 100% of 114.3 MiB
browser	Run npm --prefix apps/web exec -- playwright install --with-deps chromium	2026-10-04T00:41:44.6173163Z Chrome Headless Shell 153.0.8010.12 (playwright chromium-headless-shell v1243) downloaded to $RUNNER_HOME/.cache/ms-playwright/chromium_headless_shell-1243
browser	Run make build	﻿2026-10-04T00:41:44.6528597Z ##[group]Run make build
browser	Run make build	2026-10-04T00:41:44.6528878Z [36;1mmake build[0m
browser	Run make build	2026-10-04T00:41:44.6586937Z shell: /usr/bin/bash -e {0}
browser	Run make build	2026-10-04T00:41:44.6587219Z env:
browser	Run make build	2026-10-04T00:41:44.6587540Z   pythonLocation: /opt/hostedtoolcache/Python/3.12.13/x64
browser	Run make build	2026-10-04T00:41:44.6588041Z   PKG_CONFIG_PATH: /opt/hostedtoolcache/Python/3.12.13/x64/lib/pkgconfig
browser	Run make build	2026-10-04T00:41:44.6588540Z   Python_ROOT_DIR: /opt/hostedtoolcache/Python/3.12.13/x64
browser	Run make build	2026-10-04T00:41:44.6588973Z   Python2_ROOT_DIR: /opt/hostedtoolcache/Python/3.12.13/x64
browser	Run make build	2026-10-04T00:41:44.6589424Z   Python3_ROOT_DIR: /opt/hostedtoolcache/Python/3.12.13/x64
browser	Run make build	2026-10-04T00:41:44.6589850Z   LD_LIBRARY_PATH: /opt/hostedtoolcache/Python/3.12.13/x64/lib
browser	Run make build	2026-10-04T00:41:44.6590208Z ##[endgroup]
browser	Run make build	2026-10-04T00:41:44.6698879Z bash scripts/node.sh npm --prefix apps/web run build
browser	Run make build	2026-10-04T00:41:44.7791503Z 
browser	Run make build	2026-10-04T00:41:44.7792050Z > @learning-workbench/web@0.1.0 build
browser	Run make build	2026-10-04T00:41:44.7792650Z > tsc --noEmit && vite build
browser	Run make build	2026-10-04T00:41:44.7792876Z 
browser	Run make build	2026-10-04T00:41:46.8224858Z [36mvite v8.3.0 [32mbuilding client environment for production...[36m[39m
browser	Run make build	2026-10-04T00:41:46.8346601Z transforming...
browser	Run make build	2026-10-04T00:41:47.1111144Z ✓ 850 modules transformed.
browser	Run make build	2026-10-04T00:41:47.2384535Z rendering chunks...
browser	Run make build	2026-10-04T00:41:47.4994951Z computing gzip size...
browser	Run make build	2026-10-04T00:41:47.5500141Z dist/index.html                       0.41 kB │ gzip:     0.32 kB
browser	Run make build	2026-10-04T00:41:47.5501035Z dist/assets/index-BBlxtG9-.css       46.39 kB │ gzip:     9.33 kB
browser	Run make build	2026-10-04T00:41:47.5501668Z dist/assets/index-r4a3weYI.js     2,184.74 kB │ gzip:   544.75 kB
browser	Run make build	2026-10-04T00:41:47.5502246Z dist/assets/Markdown-CtkI-lri.js  2,939.32 kB │ gzip: 1,098.70 kB
browser	Run make build	2026-10-04T00:41:47.5502518Z 
browser	Run make build	2026-10-04T00:41:47.5504403Z [32m✓ built in 727ms[39m
browser	Run make build	2026-10-04T00:41:47.5511875Z [33m[plugin builtin:vite-reporter] 
browser	Run make build	2026-10-04T00:41:47.5512379Z (!) Some chunks are larger than 500 kB after minification. Consider:
browser	Run make build	2026-10-04T00:41:47.5512881Z - Using dynamic import() to code-split the application
browser	Run make build	2026-10-04T00:41:47.5514001Z - Use build.rolldownOptions.output.codeSplitting to improve chunking: https://rolldown.rs/reference/OutputOptions.codeSplitting
browser	Run make build	2026-10-04T00:41:47.5514934Z - Adjust chunk size limit for this warning via build.chunkSizeWarningLimit.[39m
browser	Run make test-e2e	﻿2026-10-04T00:41:47.5809656Z ##[group]Run make test-e2e
browser	Run make test-e2e	2026-10-04T00:41:47.5809963Z [36;1mmake test-e2e[0m
browser	Run make test-e2e	2026-10-04T00:41:47.5865703Z shell: /usr/bin/bash -e {0}
browser	Run make test-e2e	2026-10-04T00:41:47.5865961Z env:
browser	Run make test-e2e	2026-10-04T00:41:47.5866489Z   pythonLocation: /opt/hostedtoolcache/Python/3.12.13/x64
browser	Run make test-e2e	2026-10-04T00:41:47.5867163Z   PKG_CONFIG_PATH: /opt/hostedtoolcache/Python/3.12.13/x64/lib/pkgconfig
browser	Run make test-e2e	2026-10-04T00:41:47.5867614Z   Python_ROOT_DIR: /opt/hostedtoolcache/Python/3.12.13/x64
browser	Run make test-e2e	2026-10-04T00:41:47.5868001Z   Python2_ROOT_DIR: /opt/hostedtoolcache/Python/3.12.13/x64
browser	Run make test-e2e	2026-10-04T00:41:47.5868381Z   Python3_ROOT_DIR: /opt/hostedtoolcache/Python/3.12.13/x64
browser	Run make test-e2e	2026-10-04T00:41:47.5868777Z   LD_LIBRARY_PATH: /opt/hostedtoolcache/Python/3.12.13/x64/lib
browser	Run make test-e2e	2026-10-04T00:41:47.5869242Z   LEARNING_E2E_OUTPUT_DIR: $RUNNER_HOME/work/_temp/learning-workbench-e2e-results
browser	Run make test-e2e	2026-10-04T00:41:47.5869639Z ##[endgroup]
browser	Run make test-e2e	2026-10-04T00:41:47.5958907Z bash scripts/node.sh npm --prefix apps/web run test:e2e
browser	Run make test-e2e	2026-10-04T00:41:47.7077763Z 
browser	Run make test-e2e	2026-10-04T00:41:47.7078468Z > @learning-workbench/web@0.1.0 test:e2e
browser	Run make test-e2e	2026-10-04T00:41:47.7079352Z > playwright test --config ../../tests/e2e/playwright.config.ts
browser	Run make test-e2e	2026-10-04T00:41:47.7079758Z 
browser	Run make test-e2e	2026-10-04T00:41:52.0707370Z [WebServer] INFO:     Started server process [3200]
browser	Run make test-e2e	2026-10-04T00:41:52.0708106Z [WebServer] INFO:     Waiting for application startup.
browser	Run make test-e2e	2026-10-04T00:41:52.2394631Z [WebServer] INFO:     Application startup complete.
browser	Run make test-e2e	2026-10-04T00:41:52.2406918Z [WebServer] INFO:     Uvicorn running on http://127.0.0.1:8765 (Press CTRL+C to quit)
browser	Run make test-e2e	2026-10-04T00:41:55.4835608Z 
browser	Run make test-e2e	2026-10-04T00:41:55.4836548Z Running 130 tests using 1 worker
browser	Run make test-e2e	2026-10-04T00:41:55.4837101Z 
browser	Run make test-e2e	2026-10-04T00:42:11.4645780Z   ✓    1 ../../tests/e2e/assessment-restart.spec.ts:43:1 › same assessment instance rejects forged course and assessment hashes while its independent policy remains active (15.5s)
browser	Run make test-e2e	2026-10-04T00:42:39.8365918Z   ✓    2 ../../tests/e2e/assessment-restart.spec.ts:112:1 › actual browser and API restarts retain independent drafts and keep old solution receipts protected after submission (28.4s)
browser	Run make test-e2e	2026-10-04T00:42:53.2272067Z   ✓    3 ../../tests/e2e/assessment-submit.spec.ts:7:1 › a pending real submission remains unsubmitted until its exact acknowledgement, then exposes only the actual grading result (13.4s)
browser	Run make test-e2e	2026-10-04T00:43:08.8559243Z   ✓    4 ../../tests/e2e/assessments.spec.ts:41:1 › real unreviewed independent assessment saves five types and submits without fabricated grades or answer calls (15.6s)
browser	Run make test-e2e	2026-10-04T00:43:27.7735393Z   ✓    5 ../../tests/e2e/assessments.spec.ts:90:1 › open-book and assisted freeze actual policies; explicit abandon retains saved answers and yields no score (18.9s)
browser	Run make test-e2e	2026-10-04T00:43:45.2597776Z   ✓    6 ../../tests/e2e/assessments.spec.ts:109:1 › two profiles retain a real server CAS conflict with three-way comparison and reject forged same-identity parent (17.2s)
browser	Run make test-e2e	2026-10-04T00:43:54.6678898Z   ✓    7 ../../tests/e2e/assessments.spec.ts:138:1 › missing private binding visibly blocks start instead of fabricating a usable test (9.4s)
browser	Run make test-e2e	2026-10-04T00:44:18.1150727Z   ✓    8 ../../tests/e2e/assessments.spec.ts:145:1 › two pages preserve independent local CAS candidates; a later submitted snapshot never accepts restored edits (23.4s)
browser	Run make test-e2e	2026-10-04T00:44:33.9564384Z   ✓    9 ../../tests/e2e/assessments.spec.ts:251:1 › late redacted Workbench save uses its original ETag and retains hidden selection after explicit three-way choice (15.8s)
browser	Run make test-e2e	2026-10-04T00:44:50.3254532Z   ✓   10 ../../tests/e2e/assessments.spec.ts:295:1 › a genuine solution response held in flight cannot appear after another page starts an open-book assessment (16.4s)
browser	Run make test-e2e	2026-10-04T00:45:00.6292845Z   ✓   11 ../../tests/e2e/authoring-diagnostic.spec.ts:6:1 › Authoring diagnostic preserves the original ten-second click error and excludes late deliveries and private text (10.3s)
browser	Run make test-e2e	2026-10-04T00:45:01.1268879Z   ✓   12 ../../tests/e2e/authoring-diagnostic.spec.ts:38:1 › actual requests retain separate identities and distinguish response headers from body completion at the freeze (477ms)
browser	Run make test-e2e	2026-10-04T00:45:01.3948056Z Authoring prepare diagnostic incomplete; original assertion verdict is unchanged.
browser	Run make test-e2e	2026-10-04T00:45:01.4574998Z Authoring prepare diagnostic incomplete; original assertion verdict is unchanged.
browser	Run make test-e2e	2026-10-04T00:45:01.5805070Z   ✓   13 ../../tests/e2e/authoring-diagnostic.spec.ts:78:1 › diagnostic storage failure preserves both a successful assertion and the exact original failure (422ms)
browser	Run make test-e2e	2026-10-04T00:45:34.4755960Z   ✓   14 ../../tests/e2e/authoring-groups.spec.ts:238:1 › native lesson group preserves its plan and formulas, then separately declines and executes one exact numeric member (32.8s)
browser	Run make test-e2e	2026-10-04T00:45:58.8814201Z   ✓   15 ../../tests/e2e/authoring-groups.spec.ts:297:1 › native practice group replays its lost prepare ACK with one key and clears explicitly read private answers after permission changes (24.4s)
browser	Run make test-e2e	2026-10-04T00:46:35.2199119Z   ✓   16 ../../tests/e2e/authoring-groups.spec.ts:355:1 › native assessment group keeps explicit modes and time, checks its exact private numeric plan, and cancels a separate unconsented job under a permission lock (36.3s)
browser	Run make test-e2e	2026-10-04T00:46:43.7151158Z   ✓   17 ../../tests/e2e/authoring.spec.ts:7:1 › actual Authoring preparation diagnoses missing proof without dispatch and learner can recover safe cancellation (8.5s)
browser	Run make test-e2e	2026-10-04T00:47:06.8695413Z   ✓   18 ../../tests/e2e/authoring.spec.ts:37:1 › explicit same-Job loopback grant creates a draft and numeric preview needs its own decision (23.1s)
browser	Run make test-e2e	2026-10-04T00:47:15.0330261Z   ✓   19 ../../tests/e2e/block-version-compare.spec.ts:5:1 › actual historical block r1/r2 comparison is read-only and remains contained at desktop and narrow widths (8.1s)
browser	Run make test-e2e	2026-10-04T00:47:33.2333438Z   ✓   20 ../../tests/e2e/codex-bootstrap.spec.ts:91:1 › actual local bootstrap keeps explicit approval, original commands and current metadata across restart (18.2s)
browser	Run make test-e2e	2026-10-04T00:47:45.4147635Z   ✓   21 ../../tests/e2e/codex-capabilities.spec.ts:6:1 › actual Codex capability read is explicit, scoped and restored through a new API process (12.2s)
browser	Run make test-e2e	2026-10-04T00:48:31.6963314Z   ✓   22 ../../tests/e2e/content-impacts.spec.ts:28:1 › native edit publication discovers actual impacts and preserves human decisions through CAS, lost reply, IDB failure, access changes, stable pages and restart (46.3s)
browser	Run make test-e2e	2026-10-04T00:49:17.8054124Z   ✓   23 ../../tests/e2e/content-impacts.spec.ts:98:1 › native unsubmitted Content judgment survives role cycles with original basis and explicit close discard (46.1s)
browser	Run make test-e2e	2026-10-04T00:49:45.3094189Z   ✓   24 ../../tests/e2e/content-restore.spec.ts:86:1 › native historical proof restores through its own candidate, fresh human Review, lost ACK/IDB/role recovery and restart without changing parent pins (27.5s)
browser	Run make test-e2e	2026-10-04T00:50:00.2317024Z   ✓   25 ../../tests/e2e/content-restore.spec.ts:157:1 › unsubmitted Restore reason survives a role cycle and explicit fresh read without creating a draft (14.9s)
browser	Run make test-e2e	2026-10-04T00:50:18.4409037Z   ✓   26 ../../tests/e2e/content-restore.spec.ts:207:1 › actual current publication race returns 412 without rebasing the already prepared Restore UI candidate (18.2s)
browser	Run make test-e2e	2026-10-04T00:50:35.1541794Z   ✓   27 ../../tests/e2e/dialog-form-guard.spec.ts:6:1 › native rendered Content form is guarded before passive state propagation (16.7s)
browser	Run make test-e2e	2026-10-04T00:50:51.3229116Z   ✓   28 ../../tests/e2e/dialog-pointer.spec.ts:6:1 › native dialog keeps a content gesture through layout change and still accepts explicit closing (16.2s)
browser	Run make test-e2e	2026-10-04T00:50:58.7842243Z 
browser	Run make test-e2e	2026-10-04T00:50:58.7865879Z   ✓   29 ../../tests/e2e/document-imports.spec.ts:87:1 › real two-page PDF keeps exact page citations, guarded original bytes and explicit fidelity approval (7.4s)
browser	Run make test-e2e	2026-10-04T00:51:06.7931313Z 
browser	Run make test-e2e	2026-10-04T00:51:06.7949208Z   ✓   30 ../../tests/e2e/document-imports.spec.ts:127:1 › real DOCX safe text stays readable for learner while original bytes require an explicit author role (8.0s)
browser	Run make test-e2e	2026-10-04T00:51:13.6461179Z 
browser	Run make test-e2e	2026-10-04T00:51:13.6463444Z   ✓   31 ../../tests/e2e/document-imports.spec.ts:202:1 › a real scanned PDF fails without invented text or OCR and its local original is checked explicitly after reload (6.8s)
browser	Run make test-e2e	2026-10-04T00:51:19.8232298Z 
browser	Run make test-e2e	2026-10-04T00:51:19.8236502Z   ✓   32 ../../tests/e2e/document-imports.spec.ts:236:3 › real encrypted.pdf extraction failure remains blocked and preserves its original hash (6.2s)
browser	Run make test-e2e	2026-10-04T00:51:24.1127543Z 
browser	Run make test-e2e	2026-10-04T00:51:24.1138144Z   ✓   33 ../../tests/e2e/document-imports.spec.ts:236:3 › real malformed.docx extraction failure remains blocked and preserves its original hash (4.3s)
browser	Run make test-e2e	2026-10-04T00:51:58.2838974Z   ✓   34 ../../tests/e2e/draft-editor.spec.ts:54:1 › real editor retains IndexedDB originals through competing tabs, 412 resolution, lost ACK, browser and API restart (34.1s)
browser	Run make test-e2e	2026-10-04T00:52:11.9179126Z   ✓   35 ../../tests/e2e/draft-publication.spec.ts:7:1 › real synthetic Import text block receives explicit human decisions, survives lost publish ACK and reads actual current independently (13.6s)
browser	Run make test-e2e	2026-10-04T00:52:25.4206694Z   ✓   36 ../../tests/e2e/draft-review.spec.ts:17:1 › real imported candidate review keeps original ACK, authenticated report bytes and explicit rejected decision across reload (13.5s)
browser	Run make test-e2e	2026-10-04T00:52:51.2164793Z   ✓   37 ../../tests/e2e/edit-publication.spec.ts:42:1 › native saved edit enters Review, explicit synthetic decisions publish base+1, preserve parent pins, original ACK and restart recovery (25.8s)
browser	Run make test-e2e	2026-10-04T00:53:10.6199233Z $RUNNER_HOME/work/Learning_Workbench/Learning_Workbench/.venv/lib/python3.12/site-packages/fastapi/testclient.py:1: StarletteDeprecationWarning: Using `httpx` with `starlette.testclient` is deprecated; install `httpx2` instead.
browser	Run make test-e2e	2026-10-04T00:53:10.6201389Z   from starlette.testclient import TestClient as TestClient  # noqa
browser	Run make test-e2e	2026-10-04T00:53:31.4012644Z $RUNNER_HOME/work/Learning_Workbench/Learning_Workbench/.venv/lib/python3.12/site-packages/fastapi/testclient.py:1: StarletteDeprecationWarning: Using `httpx` with `starlette.testclient` is deprecated; install `httpx2` instead.
browser	Run make test-e2e	2026-10-04T00:53:31.4015757Z   from starlette.testclient import TestClient as TestClient  # noqa
browser	Run make test-e2e	2026-10-04T00:53:39.8962132Z $RUNNER_HOME/work/Learning_Workbench/Learning_Workbench/.venv/lib/python3.12/site-packages/fastapi/testclient.py:1: StarletteDeprecationWarning: Using `httpx` with `starlette.testclient` is deprecated; install `httpx2` instead.
browser	Run make test-e2e	2026-10-04T00:53:39.8997390Z   from starlette.testclient import TestClient as TestClient  # noqa
browser	Run make test-e2e	2026-10-04T00:53:45.4272425Z $RUNNER_HOME/work/Learning_Workbench/Learning_Workbench/.venv/lib/python3.12/site-packages/fastapi/testclient.py:1: StarletteDeprecationWarning: Using `httpx` with `starlette.testclient` is deprecated; install `httpx2` instead.
browser	Run make test-e2e	2026-10-04T00:53:45.4276724Z   from starlette.testclient import TestClient as TestClient  # noqa
browser	Run make test-e2e	2026-10-04T00:53:46.1953279Z   ✓   38 ../../tests/e2e/evidence-applicability.spec.ts:41:1 › native original evidence: two real events, two-page CAS, lost ACK, actual IDB abort, role isolation, correction and restart preserve grade/private pins (55.0s)
browser	Run make test-e2e	2026-10-04T00:54:05.0552038Z   ✓   39 ../../tests/e2e/grading-recovery.spec.ts:57:1 › a real failed regrade survives reload and can recover from the last actual grade without losing the old submission (18.8s)
browser	Run make test-e2e	2026-10-04T00:54:31.0379080Z   ✓   40 ../../tests/e2e/grading-restart.spec.ts:50:1 › real browser and API restarts preserve the submitted answers, signed review and both grading revisions (26.0s)
browser	Run make test-e2e	2026-10-04T00:54:53.9360651Z   ✓   41 ../../tests/e2e/grading.spec.ts:34:1 › unreviewed original content stays null until an explicit author form creates a signed new grade without altering its reference approval (22.9s)
browser	Run make test-e2e	2026-10-04T00:55:18.0960368Z   ✓   42 ../../tests/e2e/grading.spec.ts:66:1 › two browser profiles keep a stale manual-review baseline through an actual 412 before explicit three-way rebase (24.1s)
browser	Run make test-e2e	2026-10-04T00:55:38.2528945Z   ✓   43 ../../tests/e2e/grading.spec.ts:81:1 › a failed manual request preserves its durable exact command and editable author draft after browser reload (20.1s)
browser	Run make test-e2e	2026-10-04T00:55:41.7264739Z   ✓   44 ../../tests/e2e/import-admission.spec.ts:8:1 › import admission waits for real Policy after UI saved and never replays a rejected click (3.5s)
browser	Run make test-e2e	2026-10-04T00:55:57.2664525Z   ✓   45 ../../tests/e2e/import-admission.spec.ts:65:1 › real independent Policy preserves an open import selection and restores only explicit admission (15.5s)
browser	Run make test-e2e	2026-10-04T00:56:08.6235324Z   ✓   46 ../../tests/e2e/import-command-admission.spec.ts:17:1 › command import remains disabled while Policy is unknown after UI saved and original import helper works only after explicit admission (11.3s)
browser	Run make test-e2e	2026-10-04T00:56:21.0109065Z   ✓   47 ../../tests/e2e/import-command-admission.spec.ts:60:1 › command import keeps the actual independent attempt restriction and needs another explicit click after abandon (12.4s)
browser	Run make test-e2e	2026-10-04T00:56:36.6325268Z   ✓   48 ../../tests/e2e/imports-policy.spec.ts:11:1 › an open author import retains its task across independent start and submit but rechecks pending-answer protection before restoring content (15.6s)
browser	Run make test-e2e	2026-10-04T00:56:45.6692493Z   ✓   49 ../../tests/e2e/imports-policy.spec.ts:61:1 › a reselected failed original survives a role-policy pause in memory while decoded text must be checked again (9.0s)
browser	Run make test-e2e	2026-10-04T00:56:52.3576863Z   ✓   50 ../../tests/e2e/imports.spec.ts:111:1 › real Markdown upload stays staged, previews and downloads exact bytes, restores and commits exact course refs (6.6s)
browser	Run make test-e2e	2026-10-04T00:56:57.1038858Z   ✓   51 ../../tests/e2e/imports.spec.ts:190:1 › safe HTML warning requires explicit acceptance and native cancel leaves courses untouched (4.7s)
browser	Run make test-e2e	2026-10-04T00:57:04.0810344Z   ✓   52 ../../tests/e2e/imports.spec.ts:218:1 › UTF-8 text can target a real existing course and creates a newer exact revision (7.0s)
browser	Run make test-e2e	2026-10-04T00:57:08.4579280Z   ✓   53 ../../tests/e2e/imports.spec.ts:234:1 › upload request failure keeps the selected file; preview failure keeps the recovery ID and explicit retry works (4.4s)
browser	Run make test-e2e	2026-10-04T00:57:15.9555930Z 
browser	Run make test-e2e	2026-10-04T00:57:15.9589975Z   ✓   54 ../../tests/e2e/imports.spec.ts:254:1 › author package requires explicit role change and clears the private preview after returning to learner (7.5s)
browser	Run make test-e2e	2026-10-04T00:57:20.3177115Z   ✓   55 ../../tests/e2e/imports.spec.ts:290:1 › a real invalid UTF-8 parse shows a blocking error and cannot be confirmed (4.3s)
browser	Run make test-e2e	2026-10-04T00:57:28.4294852Z 
browser	Run make test-e2e	2026-10-04T00:57:28.4328789Z   ✓   56 ../../tests/e2e/imports.spec.ts:311:1 › local encoding choice preserves the failed original and creates a separately confirmed UTF-8 import (8.1s)
browser	Run make test-e2e	2026-10-04T00:57:36.0326033Z 
browser	Run make test-e2e	2026-10-04T00:57:36.0329282Z   ✓   57 ../../tests/e2e/imports.spec.ts:379:1 › deferred author preview and original responses cannot restore content after the role is lowered (7.6s)
browser	Run make test-e2e	2026-10-04T00:58:02.1112619Z   ✓   58 ../../tests/e2e/learning-state-restart.spec.ts:47:1 › actual browser and API restarts preserve profile candidates, exact route overrides and original reading sources (26.0s)
browser	Run make test-e2e	2026-10-04T00:58:13.0492282Z   ✓   59 ../../tests/e2e/learning-state.spec.ts:12:1 › real self-report persists a lost-ACK command once and never creates independent evidence (10.9s)
browser	Run make test-e2e	2026-10-04T00:58:30.5121791Z   ✓   60 ../../tests/e2e/learning-state.spec.ts:30:1 › actual unreviewed submission stays excluded and its precise sources disappear when another page starts independent work (17.4s)
browser	Run make test-e2e	2026-10-04T00:58:38.2132789Z   ✓   61 ../../tests/e2e/learning-state.spec.ts:45:1 › a quota-failed profile remains mounted when a global command tries to leave it (7.7s)
browser	Run make test-e2e	2026-10-04T00:58:46.2277079Z   ✓   62 ../../tests/e2e/local-task-document.spec.ts:10:1 › native offline task download contains four inputs, keeps the close guard and rejects revoked author access (8.0s)
browser	Run make test-e2e	2026-10-04T00:58:55.6779306Z   ✓   63 ../../tests/e2e/local-task-document.spec.ts:75:1 › native downloaded requirements enter ordinary Import as unreviewed source-hashed preview only (9.4s)
browser	Run make test-e2e	2026-10-04T00:59:19.7183162Z   ✓   64 ../../tests/e2e/note-reanchor-publication.spec.ts:28:1 › actual UI edit publication stales the original Note, explicit new-source reanchor and old-scope rebuild preserve historical bytes and parent pins (24.0s)
browser	Run make test-e2e	2026-10-04T00:59:31.0758343Z   ✓   65 ../../tests/e2e/notes-lifecycle.spec.ts:32:1 › a concurrent note move to another block remains recoverable by stable note ID after a real 412 (11.3s)
browser	Run make test-e2e	2026-10-04T00:59:42.5392944Z   ✓   66 ../../tests/e2e/notes-lifecycle.spec.ts:64:1 › soft deleting a server note preserves its unsynced local continuation for explicit recovery (11.5s)
browser	Run make test-e2e	2026-10-04T00:59:56.6831081Z   ✓   67 ../../tests/e2e/practice-restart.spec.ts:20:1 › same practice tab identity rejects changed frozen parent or child hashes and preserves the original session (14.1s)
browser	Run make test-e2e	2026-10-04T01:00:17.4316003Z   ✓   68 ../../tests/e2e/practice-restart.spec.ts:66:1 › actual browser close and API restart retain practice identity, exposure and an unsynced local response (20.7s)
browser	Run make test-e2e	2026-10-04T01:00:31.8517858Z   ✓   69 ../../tests/e2e/practice.spec.ts:26:1 › five real question kinds save and refresh; hints and solutions require explicit exposure; submit is ungraded (14.4s)
browser	Run make test-e2e	2026-10-04T01:00:46.4938991Z   ✓   70 ../../tests/e2e/practice.spec.ts:87:1 › offline recovery keeps the local candidate when session GET was also unavailable and reconnect compares its base (14.6s)
browser	Run make test-e2e	2026-10-04T01:01:03.0649096Z   ✓   71 ../../tests/e2e/practice.spec.ts:113:1 › two real browser profiles produce a server CAS conflict with base local and remote before explicit choice (16.6s)
browser	Run make test-e2e	2026-10-04T01:01:14.1693057Z   ✓   72 ../../tests/e2e/practice.spec.ts:138:1 › missing private solution fails closed and a forged same-identity parent never replaces the existing practice tab (11.1s)
browser	Run make test-e2e	2026-10-04T01:01:31.7053343Z   ✓   73 ../../tests/e2e/practice.spec.ts:159:1 › two pages keep their durable local candidates and closing an unsynced practice requires explicit retention (17.5s)
browser	Run make test-e2e	2026-10-04T01:01:40.5378588Z   ✓   74 ../../tests/e2e/provider-settings.spec.ts:53:1 › real settings persist control configuration and temporary secrets without claiming production generation (8.8s)
browser	Run make test-e2e	2026-10-04T01:01:53.6261003Z   ✓   75 ../../tests/e2e/provider-settings.spec.ts:84:1 › real config lost ACK restores the original command after browser/API restart and reads later current state separately (13.1s)
browser	Run make test-e2e	2026-10-04T01:02:05.9109823Z   ✓   76 ../../tests/e2e/provider-settings.spec.ts:112:1 › actual independent assessment policy keeps settings controls available and denies subject consent reads (12.3s)
browser	Run make test-e2e	2026-10-04T01:02:13.0813946Z   ✓   77 ../../tests/e2e/provider-settings.spec.ts:142:41 › secret controls use an actual newer readback while the parent refresh is held; peer change false (7.2s)
browser	Run make test-e2e	2026-10-04T01:02:20.8862525Z   ✓   78 ../../tests/e2e/provider-settings.spec.ts:142:41 › secret controls use an actual newer readback while the parent refresh is held; peer change true (7.8s)
browser	Run make test-e2e	2026-10-04T01:02:37.8043628Z   ✓   79 ../../tests/e2e/reader-conflict-layout.spec.ts:97:1 › real session conflict preserves the scrolled submitted explanation and requires an explicit comparison choice (16.9s)
browser	Run make test-e2e	2026-10-04T01:02:52.0153149Z   ✓   80 ../../tests/e2e/reader-conflict-layout.spec.ts:178:1 › real session conflict keeps the same enabled assessment input focused and visible in the shortened reader (14.2s)
browser	Run make test-e2e	2026-10-04T01:03:11.3245249Z   ✓   81 ../../tests/e2e/reader-restart.spec.ts:13:1 › actual browser close and API process restart retain imported references, notes, progress and Reader position (19.3s)
browser	Run make test-e2e	2026-10-04T01:03:20.7405876Z   ✓   82 ../../tests/e2e/reader.spec.ts:33:1 › real imported directory, title search, worked-example link, long formula and frozen original download (9.4s)
browser	Run make test-e2e	2026-10-04T01:03:29.8992212Z   ✓   83 ../../tests/e2e/reader.spec.ts:67:1 › second repeated rendered selection preserves exact source codepoints, saves note, edits and soft deletes (9.1s)
browser	Run make test-e2e	2026-10-04T01:03:39.0147332Z   ✓   84 ../../tests/e2e/reader.spec.ts:98:1 › native source keyboard selection creates exact Markdown codepoints without rendered-text guessing (9.1s)
browser	Run make test-e2e	2026-10-04T01:03:52.4187533Z   ✓   85 ../../tests/e2e/reader.spec.ts:123:1 › offline local note recovery and a real concurrent server revision show three-way comparison before CAS save (13.4s)
browser	Run make test-e2e	2026-10-04T01:04:08.1843113Z   ✓   86 ../../tests/e2e/reader.spec.ts:171:1 › historical course revisions stay in separate exact tabs and hash-mismatched links preserve unresolved reference (15.7s)
browser	Run make test-e2e	2026-10-04T01:04:23.4937624Z 
browser	Run make test-e2e	2026-10-04T01:04:23.5013123Z   ✓   87 ../../tests/e2e/reader.spec.ts:209:1 › a private original authorized before a cross-profile role decrease cannot trigger a late browser download (15.3s)
browser	Run make test-e2e	2026-10-04T01:04:42.1170964Z   ✓   88 ../../tests/e2e/recommendations.spec.ts:56:1 › real recommendation decisions recover a lost ACK across browser and API restart without rewriting later decisions or learning facts (18.6s)
browser	Run make test-e2e	2026-10-04T01:04:58.4667564Z   ✓   89 ../../tests/e2e/recommendations.spec.ts:90:1 › real local suggestions cover another imported textbook and open its complete original refs independently of acceptance (16.3s)
browser	Run make test-e2e	2026-10-04T01:05:16.2890056Z   ✓   90 ../../tests/e2e/recommendations.spec.ts:110:1 › real offline and stale decision candidates require explicit 412 correction and current independent policy hides delayed subject sources (17.8s)
browser	Run make test-e2e	2026-10-04T01:05:29.2828140Z   ✓   91 ../../tests/e2e/recommendations.spec.ts:151:1 › a controlled archived fixture makes the real historical recommendation stale and its formerly current UI cannot open the old target (13.0s)
browser	Run make test-e2e	2026-10-04T01:05:44.5607407Z   ✓   92 ../../tests/e2e/responsive-layout.spec.ts:43:1 › narrow layout and submitted explanation remain visible before React resize listeners run (15.3s)
browser	Run make test-e2e	2026-10-04T01:06:10.3368745Z   ✓   93 ../../tests/e2e/restore-numeric.spec.ts:8:1 › actual Restore numeric UI freezes manually anchored material, requires separate execution approval and preserves actual sandbox outcome (25.8s)
browser	Run make test-e2e	2026-10-04T01:06:43.9098839Z   ✓   94 ../../tests/e2e/retrieval.spec.ts:47:1 › real explicit cold scope, original rebuild Job, complete hits/no match/resource omission and unchanged historical scope (33.6s)
browser	Run make test-e2e	2026-10-04T01:07:04.3881668Z   ✓   95 ../../tests/e2e/review-form-memory.spec.ts:8:1 › real Policy and role cycles retain unsent Review note and reason with fresh reads, explicit discard and zero automatic decisions (20.5s)
browser	Run make test-e2e	2026-10-04T01:07:23.6138892Z   ✓   96 ../../tests/e2e/review-form-publication-input.spec.ts:7:1 › Publication refresh preserves Review input and focus while blocking submission, then original Policy recovery preserves both forms (19.2s)
browser	Run make test-e2e	2026-10-04T01:07:50.5790132Z   ✓   97 ../../tests/e2e/review.spec.ts:35:1 › real history and exact material review preserve original submitted text, null scores and a selected old revision after reload (26.9s)
browser	Run make test-e2e	2026-10-04T01:08:12.2344907Z   ✓   98 ../../tests/e2e/review.spec.ts:76:1 › a delayed old review response cannot restore history or academic context after another page starts a real independent attempt (21.6s)
browser	Run make test-e2e	2026-10-04T01:08:17.9871401Z   ✓   99 ../../tests/e2e/route-draft-input.spec.ts:9:60 › native route goal input survives its own initial draft save_first delivery after focus (5.7s)
browser	Run make test-e2e	2026-10-04T01:08:24.0218303Z   ✓  100 ../../tests/e2e/route-draft-input.spec.ts:9:60 › native route goal input survives its own initial draft load_first delivery after focus (6.0s)
browser	Run make test-e2e	2026-10-04T01:08:35.4529283Z   ✓  101 ../../tests/e2e/routes.spec.ts:10:1 › real route creation, reminder, manual false, reordered revision and exact target navigation preserve history (11.4s)
browser	Run make test-e2e	2026-10-04T01:09:07.1757052Z   ✓  102 ../../tests/e2e/single-publication.spec.ts:7:1 › single generated example uses actual sealed numeric facts and fresh human Review before independent publication readback (31.7s)
browser	Run make test-e2e	2026-10-04T01:09:35.7852658Z   ✓  103 ../../tests/e2e/text-edit-concepts.spec.ts:53:1 › native text edit preserves original concept pins and ordered dependencies after their current refs advance (28.6s)
browser	Run make test-e2e	2026-10-04T01:09:55.4590507Z   ✓  104 ../../tests/e2e/text-edit-dependencies.spec.ts:34:1 › native text edit preserves ordered original dependency refs after source current advances (19.7s)
browser	Run make test-e2e	2026-10-04T01:10:01.2719900Z   ✓  105 ../../tests/e2e/tutor-diagnostic.spec.ts:5:1 › diagnostic retains the original five-second failure and a completed peer read without collecting private text (5.8s)
browser	Run make test-e2e	2026-10-04T01:10:01.6909169Z   ✓  106 ../../tests/e2e/tutor-diagnostic.spec.ts:33:1 › diagnostic closes metadata, freezes delivered ordinals and leaves missing observations unknown (391ms)
browser	Run make test-e2e	2026-10-04T01:10:18.0608269Z   ✓  107 ../../tests/e2e/tutor.spec.ts:19:1 › real Tutor thread and prepared Run recover, diagnose missing proof and cancel without a model call (16.3s)
browser	Run make test-e2e	2026-10-04T01:10:41.1815426Z   ✓  108 ../../tests/e2e/tutor.spec.ts:78:1 › lost Run ACK replays original bytes and cross-page open-book hides academic content while retaining cancellation (23.1s)
browser	Run make test-e2e	2026-10-04T01:11:01.8992560Z   ✓  109 ../../tests/e2e/tutor.spec.ts:148:1 › explicit same-Run consent uses the real loopback protocol and restores raw answer without upgrading evidence (20.7s)
browser	Run make test-e2e	2026-10-04T01:11:08.6158739Z   ✓  110 ../../tests/e2e/workbench-initial-recovery.spec.ts:6:3 › initial workbench recovery keeps the saved lesson and waits for the real session at 1440px (6.7s)
browser	Run make test-e2e	2026-10-04T01:11:15.6578931Z   ✓  111 ../../tests/e2e/workbench-initial-recovery.spec.ts:6:3 › initial workbench recovery keeps the saved lesson and waits for the real session at 390px (7.0s)
browser	Run make test-e2e	2026-10-04T01:11:19.0728055Z   ✓  112 ../../tests/e2e/workbench.spec.ts:5:1 › empty workspace, native bootstrap, four fixed navigation and truthful auxiliary states (3.4s)
browser	Run make test-e2e	2026-10-04T01:11:23.8077138Z   ✓  113 ../../tests/e2e/workbench.spec.ts:22:1 › real keyboard and mouse resize, native drawers, focus return and restored layout (4.7s)
browser	Run make test-e2e	2026-10-04T01:11:30.3718909Z   ✓  114 ../../tests/e2e/workbench.spec.ts:43:1 › object drafts survive preview switches, close choice and browser reload without fake sending (6.5s)
browser	Run make test-e2e	2026-10-04T01:11:40.5527828Z   ✓  115 ../../tests/e2e/workbench.spec.ts:60:1 › server CAS conflict is visible, local object drafts survive and explicit readback recovers (10.2s)
browser	Run make test-e2e	2026-10-04T01:11:46.7316114Z   ✓  116 ../../tests/e2e/workbench.spec.ts:73:1 › offline pending UI is restored after actual connection recovery (6.2s)
browser	Run make test-e2e	2026-10-04T01:11:51.7339024Z   ✓  117 ../../tests/e2e/workbench.spec.ts:85:1 › actual MathJax, no runtime errors, long formula local scrolling, all screenshot sizes (5.0s)
browser	Run make test-e2e	2026-10-04T01:12:01.1409125Z   ✓  118 ../../tests/e2e/workbench.spec.ts:112:1 › two browser pages keep drafts for different objects in native IndexedDB (9.4s)
browser	Run make test-e2e	2026-10-04T01:12:06.5029692Z   ✓  119 ../../tests/e2e/workbench.spec.ts:130:1 › exact reference mismatch stays unresolved and preserves the original snapshot (5.3s)
browser	Run make test-e2e	2026-10-04T01:12:13.1647717Z   ✓  120 ../../tests/e2e/workbench.spec.ts:147:1 › cold lazy renderer restores saved reading offset after the content is ready (6.6s)
browser	Run make test-e2e	2026-10-04T01:12:22.9360771Z   ✓  121 ../../tests/e2e/workbench.spec.ts:167:1 › native concurrent same-object transactions preserve both candidates and expose explicit recovery (9.8s)
browser	Run make test-e2e	2026-10-04T01:12:29.6085583Z   ✓  122 ../../tests/e2e/workbench.spec.ts:200:1 › directory history restores the current course and navigation entry (6.7s)
browser	Run make test-e2e	2026-10-04T01:12:34.8067644Z   ✓  123 ../../tests/e2e/workbench.spec.ts:212:1 › UI cache quota failure stays visibly unsaved until the real server acknowledges (5.2s)
browser	Run make test-e2e	2026-10-04T01:12:40.3419822Z   ✓  124 ../../tests/e2e/workbench.spec.ts:229:1 › offline UI candidates from two pages remain separate on reload (5.5s)
browser	Run make test-e2e	2026-10-04T01:12:49.9979442Z   ✓  125 ../../tests/e2e/workbench.spec.ts:250:1 › quota-only memory candidate with a changed server baseline shows three-way comparison before explicit CAS (9.6s)
browser	Run make test-e2e	2026-10-04T01:12:57.4875523Z   ✓  126 ../../tests/e2e/workbench.spec.ts:283:1 › per-object details and focus survive A to B to A and browser reload after lazy content readiness (7.5s)
browser	Run make test-e2e	2026-10-04T01:13:04.0515666Z   ✓  127 ../../tests/e2e/workbench.spec.ts:302:1 › first unsent-draft conflict shows original, local and stored text before any reload or choice (6.5s)
browser	Run make test-e2e	2026-10-04T01:13:10.6248667Z   ✓  128 ../../tests/e2e/workbench.spec.ts:332:1 › route directory stays honestly empty and continue reading restores the exact last lesson (6.5s)
browser	Run make test-e2e	2026-10-04T01:13:15.3569413Z   ✓  129 ../../tests/e2e/workbench.spec.ts:354:1 › native keyboard selection updates frozen-reference preview and ambiguous source matches are refused (4.7s)
browser	Run make test-e2e	2026-10-04T01:13:20.4285262Z   ✓  130 ../../tests/e2e/zoom.spec.ts:5:1 › real browser 200 percent zoom reflows CSS width through Chrome appearance setting (5.1s)
browser	Run make test-e2e	2026-10-04T01:13:20.6421271Z 
browser	Run make test-e2e	2026-10-04T01:13:20.6429373Z   130 passed (31.5m)
browser	Retain synthetic Restore numeric outcome	﻿2026-10-04T01:13:20.7041515Z ##[group]Run actions/upload-artifact@043fb46d1a93c77aae656e7c1c64a875d1fc6a0a
browser	Retain synthetic Restore numeric outcome	2026-10-04T01:13:20.7042046Z with:
browser	Retain synthetic Restore numeric outcome	2026-10-04T01:13:20.7042378Z   name: restore-numeric-outcome-pull_request-37165687627-1
browser	Retain synthetic Restore numeric outcome	2026-10-04T01:13:20.7043450Z   path: $RUNNER_HOME/work/_temp/learning-workbench-e2e-results/**/restore-numeric-actual.json
browser	Retain synthetic Restore numeric outcome	$RUNNER_HOME/work/_temp/learning-workbench-e2e-results/**/actual-publication-response.json
browser	Retain synthetic Restore numeric outcome	
browser	Retain synthetic Restore numeric outcome	2026-10-04T01:13:20.7044442Z   retention-days: 3
browser	Retain synthetic Restore numeric outcome	2026-10-04T01:13:20.7044697Z   if-no-files-found: warn
browser	Retain synthetic Restore numeric outcome	2026-10-04T01:13:20.7044980Z   include-hidden-files: false
browser	Retain synthetic Restore numeric outcome	2026-10-04T01:13:20.7045276Z   compression-level: 6
browser	Retain synthetic Restore numeric outcome	2026-10-04T01:13:20.7045536Z   overwrite: false
browser	Retain synthetic Restore numeric outcome	2026-10-04T01:13:20.7045795Z   archive: true
browser	Retain synthetic Restore numeric outcome	2026-10-04T01:13:20.7046035Z env:
browser	Retain synthetic Restore numeric outcome	2026-10-04T01:13:20.7046641Z   pythonLocation: /opt/hostedtoolcache/Python/3.12.13/x64
browser	Retain synthetic Restore numeric outcome	2026-10-04T01:13:20.7047178Z   PKG_CONFIG_PATH: /opt/hostedtoolcache/Python/3.12.13/x64/lib/pkgconfig
browser	Retain synthetic Restore numeric outcome	2026-10-04T01:13:20.7047702Z   Python_ROOT_DIR: /opt/hostedtoolcache/Python/3.12.13/x64
browser	Retain synthetic Restore numeric outcome	2026-10-04T01:13:20.7048199Z   Python2_ROOT_DIR: /opt/hostedtoolcache/Python/3.12.13/x64
browser	Retain synthetic Restore numeric outcome	2026-10-04T01:13:20.7048627Z   Python3_ROOT_DIR: /opt/hostedtoolcache/Python/3.12.13/x64
browser	Retain synthetic Restore numeric outcome	2026-10-04T01:13:20.7049061Z   LD_LIBRARY_PATH: /opt/hostedtoolcache/Python/3.12.13/x64/lib
browser	Retain synthetic Restore numeric outcome	2026-10-04T01:13:20.7049418Z ##[endgroup]
browser	Retain synthetic Restore numeric outcome	2026-10-04T01:13:20.8979788Z With the provided path, there will be 2 files uploaded
browser	Retain synthetic Restore numeric outcome	2026-10-04T01:13:20.8981198Z Artifact name is valid!
browser	Retain synthetic Restore numeric outcome	2026-10-04T01:13:20.8981957Z Root directory input is valid!
browser	Retain synthetic Restore numeric outcome	2026-10-04T01:13:21.0915533Z Uploading artifact: restore-numeric-outcome-pull_request-37165687627-1.zip
browser	Retain synthetic Restore numeric outcome	2026-10-04T01:13:21.0963792Z Beginning upload of artifact content to blob storage
browser	Retain synthetic Restore numeric outcome	2026-10-04T01:13:21.2239309Z Uploaded bytes 5927
browser	Retain synthetic Restore numeric outcome	2026-10-04T01:13:21.2408031Z Finished uploading artifact content to blob storage!
browser	Retain synthetic Restore numeric outcome	2026-10-04T01:13:21.2409750Z SHA256 digest of uploaded artifact is 74552cb37b02ff545beb71da4ee63989458d4ea156dd2d04b5e584e77bb9b7f9
browser	Retain synthetic Restore numeric outcome	2026-10-04T01:13:21.2410955Z Finalizing artifact upload
browser	Retain synthetic Restore numeric outcome	2026-10-04T01:13:21.4444793Z Artifact restore-numeric-outcome-pull_request-37165687627-1 successfully finalized. Artifact ID 11289995884
browser	Retain synthetic Restore numeric outcome	2026-10-04T01:13:21.4449607Z Artifact restore-numeric-outcome-pull_request-37165687627-1 has been successfully uploaded! Final size is 5927 bytes. Artifact ID is 11289995884
browser	Retain synthetic Restore numeric outcome	2026-10-04T01:13:21.4453414Z Artifact download URL: https://github.com/kl3574/Learning_Workbench/actions/runs/37165687627/artifacts/11289995884
browser	Retain single generated example publication outcome	﻿2026-10-04T01:13:21.4645720Z ##[group]Run actions/upload-artifact@043fb46d1a93c77aae656e7c1c64a875d1fc6a0a
browser	Retain single generated example publication outcome	2026-10-04T01:13:21.4646893Z with:
browser	Retain single generated example publication outcome	2026-10-04T01:13:21.4647394Z   name: single-publication-outcome-pull_request-37165687627-1
browser	Retain single generated example publication outcome	2026-10-04T01:13:21.4648614Z   path: $RUNNER_HOME/work/_temp/learning-workbench-e2e-results/**/single-publication-actual.json
browser	Retain single generated example publication outcome	2026-10-04T01:13:21.4649448Z   retention-days: 3
browser	Retain single generated example publication outcome	2026-10-04T01:13:21.4649928Z   if-no-files-found: warn
browser	Retain single generated example publication outcome	2026-10-04T01:13:21.4650383Z   include-hidden-files: false
browser	Retain single generated example publication outcome	2026-10-04T01:13:21.4650836Z   compression-level: 6
browser	Retain single generated example publication outcome	2026-10-04T01:13:21.4651292Z   overwrite: false
browser	Retain single generated example publication outcome	2026-10-04T01:13:21.4651747Z   archive: true
browser	Retain single generated example publication outcome	2026-10-04T01:13:21.4652147Z env:
browser	Retain single generated example publication outcome	2026-10-04T01:13:21.4652623Z   pythonLocation: /opt/hostedtoolcache/Python/3.12.13/x64
browser	Retain single generated example publication outcome	2026-10-04T01:13:21.4653339Z   PKG_CONFIG_PATH: /opt/hostedtoolcache/Python/3.12.13/x64/lib/pkgconfig
browser	Retain single generated example publication outcome	2026-10-04T01:13:21.4654131Z   Python_ROOT_DIR: /opt/hostedtoolcache/Python/3.12.13/x64
browser	Retain single generated example publication outcome	2026-10-04T01:13:21.4654818Z   Python2_ROOT_DIR: /opt/hostedtoolcache/Python/3.12.13/x64
browser	Retain single generated example publication outcome	2026-10-04T01:13:21.4655679Z   Python3_ROOT_DIR: /opt/hostedtoolcache/Python/3.12.13/x64
browser	Retain single generated example publication outcome	2026-10-04T01:13:21.4656640Z   LD_LIBRARY_PATH: /opt/hostedtoolcache/Python/3.12.13/x64/lib
browser	Retain single generated example publication outcome	2026-10-04T01:13:21.4657326Z ##[endgroup]
browser	Retain single generated example publication outcome	2026-10-04T01:13:21.6784883Z With the provided path, there will be 1 file uploaded
browser	Retain single generated example publication outcome	2026-10-04T01:13:21.6792708Z Artifact name is valid!
browser	Retain single generated example publication outcome	2026-10-04T01:13:21.6793958Z Root directory input is valid!
browser	Retain single generated example publication outcome	2026-10-04T01:13:21.8655952Z Uploading artifact: single-publication-outcome-pull_request-37165687627-1.zip
browser	Retain single generated example publication outcome	2026-10-04T01:13:21.8701666Z Beginning upload of artifact content to blob storage
browser	Retain single generated example publication outcome	2026-10-04T01:13:21.9520248Z Uploaded bytes 2826
browser	Retain single generated example publication outcome	2026-10-04T01:13:21.9689095Z Finished uploading artifact content to blob storage!
browser	Retain single generated example publication outcome	2026-10-04T01:13:21.9692166Z SHA256 digest of uploaded artifact is 7572429aa6d74491d553c1fa73770827b53e72a490e211c4c2fd074c67f58e4c
browser	Retain single generated example publication outcome	2026-10-04T01:13:21.9693689Z Finalizing artifact upload
browser	Retain single generated example publication outcome	2026-10-04T01:13:22.1917644Z Artifact single-publication-outcome-pull_request-37165687627-1 successfully finalized. Artifact ID 11289711469
browser	Retain single generated example publication outcome	2026-10-04T01:13:22.1921683Z Artifact single-publication-outcome-pull_request-37165687627-1 has been successfully uploaded! Final size is 2826 bytes. Artifact ID is 11289711469
browser	Retain single generated example publication outcome	2026-10-04T01:13:22.1925161Z Artifact download URL: https://github.com/kl3574/Learning_Workbench/actions/runs/37165687627/artifacts/11289711469
browser	Post Run actions/setup-node@820762786026740c76f36085b0efc47a31fe5020	﻿2026-10-04T01:13:22.2140513Z Post job cleanup.
browser	Post Run actions/setup-python@5fda3b95a4ea91299a34e894583c3862153e4b97	﻿2026-10-04T01:13:22.3455575Z Post job cleanup.
browser	Post Run actions/checkout@3d3c42e5aac5ba805825da76410c181273ba90b1	﻿2026-10-04T01:13:22.4931747Z Post job cleanup.
browser	Post Run actions/checkout@3d3c42e5aac5ba805825da76410c181273ba90b1	2026-10-04T01:13:22.5948049Z [command]/usr/bin/git version
browser	Post Run actions/checkout@3d3c42e5aac5ba805825da76410c181273ba90b1	2026-10-04T01:13:22.6000777Z git version 2.55.0
browser	Post Run actions/checkout@3d3c42e5aac5ba805825da76410c181273ba90b1	2026-10-04T01:13:22.6042507Z Temporarily overriding HOME='$RUNNER_HOME/work/_temp/f6247a27-2d7d-4b05-a644-2b80a13dc9d9' before making global git config changes
browser	Post Run actions/checkout@3d3c42e5aac5ba805825da76410c181273ba90b1	2026-10-04T01:13:22.6044689Z Adding repository directory to the temporary git global config as a safe directory
browser	Post Run actions/checkout@3d3c42e5aac5ba805825da76410c181273ba90b1	2026-10-04T01:13:22.6051428Z [command]/usr/bin/git config --global --add safe.directory $RUNNER_HOME/work/Learning_Workbench/Learning_Workbench
browser	Post Run actions/checkout@3d3c42e5aac5ba805825da76410c181273ba90b1	2026-10-04T01:13:22.6091418Z Removing SSH command configuration
browser	Post Run actions/checkout@3d3c42e5aac5ba805825da76410c181273ba90b1	2026-10-04T01:13:22.6099786Z [command]/usr/bin/git config --local --name-only --get-regexp core\.sshCommand
browser	Post Run actions/checkout@3d3c42e5aac5ba805825da76410c181273ba90b1	2026-10-04T01:13:22.6143212Z [command]/usr/bin/git submodule foreach --recursive sh -c "git config --local --name-only --get-regexp 'core\.sshCommand' && git config --local --unset-all 'core.sshCommand' || :"
browser	Post Run actions/checkout@3d3c42e5aac5ba805825da76410c181273ba90b1	2026-10-04T01:13:22.6538465Z Removing HTTP extra header
browser	Post Run actions/checkout@3d3c42e5aac5ba805825da76410c181273ba90b1	2026-10-04T01:13:22.6544860Z [command]/usr/bin/git config --local --name-only --get-regexp http\.https\:\/\/github\.com\/\.extraheader
browser	Post Run actions/checkout@3d3c42e5aac5ba805825da76410c181273ba90b1	2026-10-04T01:13:22.6589602Z [command]/usr/bin/git submodule foreach --recursive sh -c "git config --local --name-only --get-regexp 'http\.https\:\/\/github\.com\/\.extraheader' && git config --local --unset-all 'http.https://github.com/.extraheader' || :"
browser	Post Run actions/checkout@3d3c42e5aac5ba805825da76410c181273ba90b1	2026-10-04T01:13:22.7004417Z Removing includeIf entries pointing to credentials config files
browser	Post Run actions/checkout@3d3c42e5aac5ba805825da76410c181273ba90b1	2026-10-04T01:13:22.7011396Z [command]/usr/bin/git config --local --name-only --get-regexp ^includeIf\.gitdir:
browser	Post Run actions/checkout@3d3c42e5aac5ba805825da76410c181273ba90b1	2026-10-04T01:13:22.7048092Z includeif.gitdir:$RUNNER_HOME/work/Learning_Workbench/Learning_Workbench/.git.path
browser	Post Run actions/checkout@3d3c42e5aac5ba805825da76410c181273ba90b1	2026-10-04T01:13:22.7049749Z includeif.gitdir:$RUNNER_HOME/work/Learning_Workbench/Learning_Workbench/.git/worktrees/*.path
browser	Post Run actions/checkout@3d3c42e5aac5ba805825da76410c181273ba90b1	2026-10-04T01:13:22.7051628Z includeif.gitdir:/github/workspace/.git.path
browser	Post Run actions/checkout@3d3c42e5aac5ba805825da76410c181273ba90b1	2026-10-04T01:13:22.7052841Z includeif.gitdir:/github/workspace/.git/worktrees/*.path
browser	Post Run actions/checkout@3d3c42e5aac5ba805825da76410c181273ba90b1	2026-10-04T01:13:22.7061012Z [command]/usr/bin/git config --local --get-all includeif.gitdir:$RUNNER_HOME/work/Learning_Workbench/Learning_Workbench/.git.path
browser	Post Run actions/checkout@3d3c42e5aac5ba805825da76410c181273ba90b1	2026-10-04T01:13:22.7087959Z $RUNNER_HOME/work/_temp/git-credentials-d7be5687-019e-4e2e-b576-511ea7d9e873.config
browser	Post Run actions/checkout@3d3c42e5aac5ba805825da76410c181273ba90b1	2026-10-04T01:13:22.7099738Z [command]/usr/bin/git config --local --unset includeif.gitdir:$RUNNER_HOME/work/Learning_Workbench/Learning_Workbench/.git.path \/home\/runner\/work\/_temp\/git\-credentials\-d7be5687\-019e\-4e2e\-b576\-511ea7d9e873\.config
browser	Post Run actions/checkout@3d3c42e5aac5ba805825da76410c181273ba90b1	2026-10-04T01:13:22.7147404Z [command]/usr/bin/git config --local --get-all includeif.gitdir:$RUNNER_HOME/work/Learning_Workbench/Learning_Workbench/.git/worktrees/*.path
browser	Post Run actions/checkout@3d3c42e5aac5ba805825da76410c181273ba90b1	2026-10-04T01:13:22.7173669Z $RUNNER_HOME/work/_temp/git-credentials-d7be5687-019e-4e2e-b576-511ea7d9e873.config
browser	Post Run actions/checkout@3d3c42e5aac5ba805825da76410c181273ba90b1	2026-10-04T01:13:22.7184020Z [command]/usr/bin/git config --local --unset includeif.gitdir:$RUNNER_HOME/work/Learning_Workbench/Learning_Workbench/.git/worktrees/*.path \/home\/runner\/work\/_temp\/git\-credentials\-d7be5687\-019e\-4e2e\-b576\-511ea7d9e873\.config
browser	Post Run actions/checkout@3d3c42e5aac5ba805825da76410c181273ba90b1	2026-10-04T01:13:22.7219997Z [command]/usr/bin/git config --local --get-all includeif.gitdir:/github/workspace/.git.path
browser	Post Run actions/checkout@3d3c42e5aac5ba805825da76410c181273ba90b1	2026-10-04T01:13:22.7244586Z /github/runner_temp/git-credentials-d7be5687-019e-4e2e-b576-511ea7d9e873.config
browser	Post Run actions/checkout@3d3c42e5aac5ba805825da76410c181273ba90b1	2026-10-04T01:13:22.7252731Z [command]/usr/bin/git config --local --unset includeif.gitdir:/github/workspace/.git.path \/github\/runner_temp\/git\-credentials\-d7be5687\-019e\-4e2e\-b576\-511ea7d9e873\.config
browser	Post Run actions/checkout@3d3c42e5aac5ba805825da76410c181273ba90b1	2026-10-04T01:13:22.7288262Z [command]/usr/bin/git config --local --get-all includeif.gitdir:/github/workspace/.git/worktrees/*.path
browser	Post Run actions/checkout@3d3c42e5aac5ba805825da76410c181273ba90b1	2026-10-04T01:13:22.7312734Z /github/runner_temp/git-credentials-d7be5687-019e-4e2e-b576-511ea7d9e873.config
browser	Post Run actions/checkout@3d3c42e5aac5ba805825da76410c181273ba90b1	2026-10-04T01:13:22.7324725Z [command]/usr/bin/git config --local --unset includeif.gitdir:/github/workspace/.git/worktrees/*.path \/github\/runner_temp\/git\-credentials\-d7be5687\-019e\-4e2e\-b576\-511ea7d9e873\.config
browser	Post Run actions/checkout@3d3c42e5aac5ba805825da76410c181273ba90b1	2026-10-04T01:13:22.7362572Z [command]/usr/bin/git submodule foreach --recursive git config --local --show-origin --name-only --get-regexp remote.origin.url
browser	Post Run actions/checkout@3d3c42e5aac5ba805825da76410c181273ba90b1	2026-10-04T01:13:22.7703037Z Removing credentials config '$RUNNER_HOME/work/_temp/git-credentials-d7be5687-019e-4e2e-b576-511ea7d9e873.config'
browser	Complete job	﻿2026-10-04T01:13:22.7894063Z Cleaning up orphan processes
