browser	Set up job	﻿2026-10-04T00:40:55.7770514Z Current runner version: '2.337.0'
browser	Set up job	2026-10-04T00:40:55.7806957Z ##[group]Runner Image Provisioner
browser	Set up job	2026-10-04T00:40:55.7808334Z Hosted Compute Agent
browser	Set up job	2026-10-04T00:40:55.7809336Z Version: 20260901.588
browser	Set up job	2026-10-04T00:40:55.7810574Z Commit: f88ec8081b781fac6c440065ac7ff9e710ce3d0b
browser	Set up job	2026-10-04T00:40:55.7811954Z Build Date: 2026-09-01T19:56:44Z
browser	Set up job	2026-10-04T00:40:55.7813256Z Worker ID: {89736de7-dd5b-4b27-85c8-d86c8cf9c65e}
browser	Set up job	2026-10-04T00:40:55.7814509Z Azure Region: eastus
browser	Set up job	2026-10-04T00:40:55.7815542Z ##[endgroup]
browser	Set up job	2026-10-04T00:40:55.7818573Z ##[group]Operating System
browser	Set up job	2026-10-04T00:40:55.7819617Z Ubuntu
browser	Set up job	2026-10-04T00:40:55.7820630Z 26.04.1
browser	Set up job	2026-10-04T00:40:55.7821525Z LTS
browser	Set up job	2026-10-04T00:40:55.7822484Z ##[endgroup]
browser	Set up job	2026-10-04T00:40:55.7823501Z ##[group]Runner Image
browser	Set up job	2026-10-04T00:40:55.7824668Z Image: ubuntu-26.04
browser	Set up job	2026-10-04T00:40:55.7825704Z Version: 20260927.149.1
browser	Set up job	2026-10-04T00:40:55.7827853Z Included Software: https://github.com/actions/runner-images/blob/ubuntu26/20260927.149/images/ubuntu/Ubuntu2604-Readme.md
browser	Set up job	2026-10-04T00:40:55.7831060Z Image Release: https://github.com/actions/runner-images/releases/tag/ubuntu26%2F20260927.149
browser	Set up job	2026-10-04T00:40:55.7832984Z ##[endgroup]
browser	Set up job	2026-10-04T00:40:55.7834816Z ##[group]GITHUB_TOKEN Permissions
browser	Set up job	2026-10-04T00:40:55.7838166Z Contents: read
browser	Set up job	2026-10-04T00:40:55.7839225Z Metadata: read
browser	Set up job	2026-10-04T00:40:55.7840396Z ##[endgroup]
browser	Set up job	2026-10-04T00:40:55.7843450Z Secret source: Actions
browser	Set up job	2026-10-04T00:40:55.7845125Z Cache mode: write
browser	Set up job	2026-10-04T00:40:55.7846938Z Prepare workflow directory
browser	Set up job	2026-10-04T00:40:55.8345466Z Prepare all required actions
browser	Set up job	2026-10-04T00:40:55.8420700Z Getting action download info
browser	Set up job	2026-10-04T00:40:56.0127717Z Download action repository 'actions/checkout@3d3c42e5aac5ba805825da76410c181273ba90b1' (SHA:3d3c42e5aac5ba805825da76410c181273ba90b1)
browser	Set up job	2026-10-04T00:40:56.1124925Z Download action repository 'actions/setup-python@5fda3b95a4ea91299a34e894583c3862153e4b97' (SHA:5fda3b95a4ea91299a34e894583c3862153e4b97)
browser	Set up job	2026-10-04T00:40:56.1705249Z Download action repository 'actions/setup-node@820762786026740c76f36085b0efc47a31fe5020' (SHA:820762786026740c76f36085b0efc47a31fe5020)
browser	Set up job	2026-10-04T00:40:56.2411687Z Download action repository 'actions/upload-artifact@043fb46d1a93c77aae656e7c1c64a875d1fc6a0a' (SHA:043fb46d1a93c77aae656e7c1c64a875d1fc6a0a)
browser	Set up job	2026-10-04T00:40:56.4150256Z Complete job name: browser
browser	Run actions/checkout@3d3c42e5aac5ba805825da76410c181273ba90b1	﻿2026-10-04T00:40:56.4952003Z ##[group]Run actions/checkout@3d3c42e5aac5ba805825da76410c181273ba90b1
browser	Run actions/checkout@3d3c42e5aac5ba805825da76410c181273ba90b1	2026-10-04T00:40:56.4953081Z with:
browser	Run actions/checkout@3d3c42e5aac5ba805825da76410c181273ba90b1	2026-10-04T00:40:56.4953540Z   repository: kl3574/Learning_Workbench
browser	Run actions/checkout@3d3c42e5aac5ba805825da76410c181273ba90b1	2026-10-04T00:40:56.4957572Z   token: ***
browser	Run actions/checkout@3d3c42e5aac5ba805825da76410c181273ba90b1	2026-10-04T00:40:56.4958025Z   ssh-strict: true
browser	Run actions/checkout@3d3c42e5aac5ba805825da76410c181273ba90b1	2026-10-04T00:40:56.4958467Z   ssh-user: git
browser	Run actions/checkout@3d3c42e5aac5ba805825da76410c181273ba90b1	2026-10-04T00:40:56.4958921Z   persist-credentials: true
browser	Run actions/checkout@3d3c42e5aac5ba805825da76410c181273ba90b1	2026-10-04T00:40:56.4959406Z   clean: true
browser	Run actions/checkout@3d3c42e5aac5ba805825da76410c181273ba90b1	2026-10-04T00:40:56.4959846Z   sparse-checkout-cone-mode: true
browser	Run actions/checkout@3d3c42e5aac5ba805825da76410c181273ba90b1	2026-10-04T00:40:56.4960360Z   fetch-depth: 1
browser	Run actions/checkout@3d3c42e5aac5ba805825da76410c181273ba90b1	2026-10-04T00:40:56.4960785Z   fetch-tags: false
browser	Run actions/checkout@3d3c42e5aac5ba805825da76410c181273ba90b1	2026-10-04T00:40:56.4961228Z   show-progress: true
browser	Run actions/checkout@3d3c42e5aac5ba805825da76410c181273ba90b1	2026-10-04T00:40:56.4961674Z   lfs: false
browser	Run actions/checkout@3d3c42e5aac5ba805825da76410c181273ba90b1	2026-10-04T00:40:56.4962104Z   submodules: false
browser	Run actions/checkout@3d3c42e5aac5ba805825da76410c181273ba90b1	2026-10-04T00:40:56.4962542Z   set-safe-directory: true
browser	Run actions/checkout@3d3c42e5aac5ba805825da76410c181273ba90b1	2026-10-04T00:40:56.4963040Z   allow-unsafe-pr-checkout: false
browser	Run actions/checkout@3d3c42e5aac5ba805825da76410c181273ba90b1	2026-10-04T00:40:56.4963844Z ##[endgroup]
browser	Run actions/checkout@3d3c42e5aac5ba805825da76410c181273ba90b1	2026-10-04T00:40:56.6094852Z Syncing repository: kl3574/Learning_Workbench
browser	Run actions/checkout@3d3c42e5aac5ba805825da76410c181273ba90b1	2026-10-04T00:40:56.6097882Z ##[group]Getting Git version info
browser	Run actions/checkout@3d3c42e5aac5ba805825da76410c181273ba90b1	2026-10-04T00:40:56.6099313Z Working directory is '$RUNNER_HOME/work/Learning_Workbench/Learning_Workbench'
browser	Run actions/checkout@3d3c42e5aac5ba805825da76410c181273ba90b1	2026-10-04T00:40:56.6101287Z [command]/usr/bin/git version
browser	Run actions/checkout@3d3c42e5aac5ba805825da76410c181273ba90b1	2026-10-04T00:40:56.6102359Z git version 2.55.0
browser	Run actions/checkout@3d3c42e5aac5ba805825da76410c181273ba90b1	2026-10-04T00:40:56.6104368Z ##[endgroup]
browser	Run actions/checkout@3d3c42e5aac5ba805825da76410c181273ba90b1	2026-10-04T00:40:56.6109555Z Temporarily overriding HOME='$RUNNER_HOME/work/_temp/fd64cad4-4593-4f07-af77-9db69b1cee5e' before making global git config changes
browser	Run actions/checkout@3d3c42e5aac5ba805825da76410c181273ba90b1	2026-10-04T00:40:56.6110971Z Adding repository directory to the temporary git global config as a safe directory
browser	Run actions/checkout@3d3c42e5aac5ba805825da76410c181273ba90b1	2026-10-04T00:40:56.6113093Z [command]/usr/bin/git config --global --add safe.directory $RUNNER_HOME/work/Learning_Workbench/Learning_Workbench
browser	Run actions/checkout@3d3c42e5aac5ba805825da76410c181273ba90b1	2026-10-04T00:40:56.6156041Z Deleting the contents of '$RUNNER_HOME/work/Learning_Workbench/Learning_Workbench'
browser	Run actions/checkout@3d3c42e5aac5ba805825da76410c181273ba90b1	2026-10-04T00:40:56.6165309Z ##[group]Determining repository object format
browser	Run actions/checkout@3d3c42e5aac5ba805825da76410c181273ba90b1	2026-10-04T00:40:56.6166364Z ##[endgroup]
browser	Run actions/checkout@3d3c42e5aac5ba805825da76410c181273ba90b1	2026-10-04T00:40:56.6167908Z ##[group]Initializing the repository
browser	Run actions/checkout@3d3c42e5aac5ba805825da76410c181273ba90b1	2026-10-04T00:40:56.6169554Z [command]/usr/bin/git init $RUNNER_HOME/work/Learning_Workbench/Learning_Workbench
browser	Run actions/checkout@3d3c42e5aac5ba805825da76410c181273ba90b1	2026-10-04T00:40:56.6291398Z hint: Using 'master' as the name for the initial branch. This default branch name
browser	Run actions/checkout@3d3c42e5aac5ba805825da76410c181273ba90b1	2026-10-04T00:40:56.6292563Z hint: will change to "main" in Git 3.0. To configure the initial branch name
browser	Run actions/checkout@3d3c42e5aac5ba805825da76410c181273ba90b1	2026-10-04T00:40:56.6293779Z hint: to use in all of your new repositories, which will suppress this warning,
browser	Run actions/checkout@3d3c42e5aac5ba805825da76410c181273ba90b1	2026-10-04T00:40:56.6294541Z hint: call:
browser	Run actions/checkout@3d3c42e5aac5ba805825da76410c181273ba90b1	2026-10-04T00:40:56.6294952Z hint:
browser	Run actions/checkout@3d3c42e5aac5ba805825da76410c181273ba90b1	2026-10-04T00:40:56.6295487Z hint: 	git config --global init.defaultBranch <name>
browser	Run actions/checkout@3d3c42e5aac5ba805825da76410c181273ba90b1	2026-10-04T00:40:56.6296100Z hint:
browser	Run actions/checkout@3d3c42e5aac5ba805825da76410c181273ba90b1	2026-10-04T00:40:56.6297065Z hint: Names commonly chosen instead of 'master' are 'main', 'trunk' and
browser	Run actions/checkout@3d3c42e5aac5ba805825da76410c181273ba90b1	2026-10-04T00:40:56.6298053Z hint: 'development'. The just-created branch can be renamed via this command:
browser	Run actions/checkout@3d3c42e5aac5ba805825da76410c181273ba90b1	2026-10-04T00:40:56.6298792Z hint:
browser	Run actions/checkout@3d3c42e5aac5ba805825da76410c181273ba90b1	2026-10-04T00:40:56.6299220Z hint: 	git branch -m <name>
browser	Run actions/checkout@3d3c42e5aac5ba805825da76410c181273ba90b1	2026-10-04T00:40:56.6299715Z hint:
browser	Run actions/checkout@3d3c42e5aac5ba805825da76410c181273ba90b1	2026-10-04T00:40:56.6300346Z hint: Disable this message with "git config set advice.defaultBranchName false"
browser	Run actions/checkout@3d3c42e5aac5ba805825da76410c181273ba90b1	2026-10-04T00:40:56.6307852Z Initialized empty Git repository in $RUNNER_HOME/work/Learning_Workbench/Learning_Workbench/.git/
browser	Run actions/checkout@3d3c42e5aac5ba805825da76410c181273ba90b1	2026-10-04T00:40:56.6319928Z [command]/usr/bin/git remote add origin https://github.com/kl3574/Learning_Workbench
browser	Run actions/checkout@3d3c42e5aac5ba805825da76410c181273ba90b1	2026-10-04T00:40:56.6372689Z ##[endgroup]
browser	Run actions/checkout@3d3c42e5aac5ba805825da76410c181273ba90b1	2026-10-04T00:40:56.6373955Z ##[group]Disabling automatic garbage collection
browser	Run actions/checkout@3d3c42e5aac5ba805825da76410c181273ba90b1	2026-10-04T00:40:56.6375205Z [command]/usr/bin/git config --local gc.auto 0
browser	Run actions/checkout@3d3c42e5aac5ba805825da76410c181273ba90b1	2026-10-04T00:40:56.6412425Z ##[endgroup]
browser	Run actions/checkout@3d3c42e5aac5ba805825da76410c181273ba90b1	2026-10-04T00:40:56.6413646Z ##[group]Setting up auth
browser	Run actions/checkout@3d3c42e5aac5ba805825da76410c181273ba90b1	2026-10-04T00:40:56.6414769Z Removing SSH command configuration
browser	Run actions/checkout@3d3c42e5aac5ba805825da76410c181273ba90b1	2026-10-04T00:40:56.6419008Z [command]/usr/bin/git config --local --name-only --get-regexp core\.sshCommand
browser	Run actions/checkout@3d3c42e5aac5ba805825da76410c181273ba90b1	2026-10-04T00:40:56.6455943Z [command]/usr/bin/git submodule foreach --recursive sh -c "git config --local --name-only --get-regexp 'core\.sshCommand' && git config --local --unset-all 'core.sshCommand' || :"
browser	Run actions/checkout@3d3c42e5aac5ba805825da76410c181273ba90b1	2026-10-04T00:40:56.6893475Z Removing HTTP extra header
browser	Run actions/checkout@3d3c42e5aac5ba805825da76410c181273ba90b1	2026-10-04T00:40:56.6899492Z [command]/usr/bin/git config --local --name-only --get-regexp http\.https\:\/\/github\.com\/\.extraheader
browser	Run actions/checkout@3d3c42e5aac5ba805825da76410c181273ba90b1	2026-10-04T00:40:56.6932453Z [command]/usr/bin/git submodule foreach --recursive sh -c "git config --local --name-only --get-regexp 'http\.https\:\/\/github\.com\/\.extraheader' && git config --local --unset-all 'http.https://github.com/.extraheader' || :"
browser	Run actions/checkout@3d3c42e5aac5ba805825da76410c181273ba90b1	2026-10-04T00:40:56.7200941Z Removing includeIf entries pointing to credentials config files
browser	Run actions/checkout@3d3c42e5aac5ba805825da76410c181273ba90b1	2026-10-04T00:40:56.7206209Z [command]/usr/bin/git config --local --name-only --get-regexp ^includeIf\.gitdir:
browser	Run actions/checkout@3d3c42e5aac5ba805825da76410c181273ba90b1	2026-10-04T00:40:56.7247180Z [command]/usr/bin/git submodule foreach --recursive git config --local --show-origin --name-only --get-regexp remote.origin.url
browser	Run actions/checkout@3d3c42e5aac5ba805825da76410c181273ba90b1	2026-10-04T00:40:56.7545356Z [command]/usr/bin/git config --file $RUNNER_HOME/work/_temp/git-credentials-dc9c13a8-b39d-47dd-9dff-36483d96a4c2.config http.https://github.com/.extraheader AUTHORIZATION: basic ***
browser	Run actions/checkout@3d3c42e5aac5ba805825da76410c181273ba90b1	2026-10-04T00:40:56.7583421Z [command]/usr/bin/git config --local includeIf.gitdir:$RUNNER_HOME/work/Learning_Workbench/Learning_Workbench/.git.path $RUNNER_HOME/work/_temp/git-credentials-dc9c13a8-b39d-47dd-9dff-36483d96a4c2.config
browser	Run actions/checkout@3d3c42e5aac5ba805825da76410c181273ba90b1	2026-10-04T00:40:56.7619654Z [command]/usr/bin/git config --local includeIf.gitdir:$RUNNER_HOME/work/Learning_Workbench/Learning_Workbench/.git/worktrees/*.path $RUNNER_HOME/work/_temp/git-credentials-dc9c13a8-b39d-47dd-9dff-36483d96a4c2.config
browser	Run actions/checkout@3d3c42e5aac5ba805825da76410c181273ba90b1	2026-10-04T00:40:56.7670821Z [command]/usr/bin/git config --local includeIf.gitdir:/github/workspace/.git.path /github/runner_temp/git-credentials-dc9c13a8-b39d-47dd-9dff-36483d96a4c2.config
browser	Run actions/checkout@3d3c42e5aac5ba805825da76410c181273ba90b1	2026-10-04T00:40:56.7740369Z [command]/usr/bin/git config --local includeIf.gitdir:/github/workspace/.git/worktrees/*.path /github/runner_temp/git-credentials-dc9c13a8-b39d-47dd-9dff-36483d96a4c2.config
browser	Run actions/checkout@3d3c42e5aac5ba805825da76410c181273ba90b1	2026-10-04T00:40:56.7781231Z ##[endgroup]
browser	Run actions/checkout@3d3c42e5aac5ba805825da76410c181273ba90b1	2026-10-04T00:40:56.7782892Z ##[group]Fetching the repository
browser	Run actions/checkout@3d3c42e5aac5ba805825da76410c181273ba90b1	2026-10-04T00:40:56.7789562Z [command]/usr/bin/git -c protocol.version=2 fetch --no-tags --prune --no-recurse-submodules --depth=1 origin +4ecc27a883782855a6e5611d7610979e4b4b05ca:refs/remotes/origin/feat/M6.3-local-control-bootstrap
browser	Run actions/checkout@3d3c42e5aac5ba805825da76410c181273ba90b1	2026-10-04T00:41:01.9078449Z From https://github.com/kl3574/Learning_Workbench
browser	Run actions/checkout@3d3c42e5aac5ba805825da76410c181273ba90b1	2026-10-04T00:41:01.9080881Z  * [new ref]           4ecc27a883782855a6e5611d7610979e4b4b05ca -> origin/feat/M6.3-local-control-bootstrap
browser	Run actions/checkout@3d3c42e5aac5ba805825da76410c181273ba90b1	2026-10-04T00:41:01.9087827Z [command]/usr/bin/git branch --list --remote origin/feat/M6.3-local-control-bootstrap
browser	Run actions/checkout@3d3c42e5aac5ba805825da76410c181273ba90b1	2026-10-04T00:41:01.9117426Z   origin/feat/M6.3-local-control-bootstrap
browser	Run actions/checkout@3d3c42e5aac5ba805825da76410c181273ba90b1	2026-10-04T00:41:01.9128761Z [command]/usr/bin/git rev-parse refs/remotes/origin/feat/M6.3-local-control-bootstrap
browser	Run actions/checkout@3d3c42e5aac5ba805825da76410c181273ba90b1	2026-10-04T00:41:01.9156034Z 4ecc27a883782855a6e5611d7610979e4b4b05ca
browser	Run actions/checkout@3d3c42e5aac5ba805825da76410c181273ba90b1	2026-10-04T00:41:01.9168262Z ##[endgroup]
browser	Run actions/checkout@3d3c42e5aac5ba805825da76410c181273ba90b1	2026-10-04T00:41:01.9169849Z ##[group]Determining the checkout info
browser	Run actions/checkout@3d3c42e5aac5ba805825da76410c181273ba90b1	2026-10-04T00:41:01.9171451Z ##[endgroup]
browser	Run actions/checkout@3d3c42e5aac5ba805825da76410c181273ba90b1	2026-10-04T00:41:01.9184193Z [command]/usr/bin/git sparse-checkout disable
browser	Run actions/checkout@3d3c42e5aac5ba805825da76410c181273ba90b1	2026-10-04T00:41:01.9231901Z [command]/usr/bin/git config --local --unset-all extensions.worktreeConfig
browser	Run actions/checkout@3d3c42e5aac5ba805825da76410c181273ba90b1	2026-10-04T00:41:01.9265602Z ##[group]Checking out the ref
browser	Run actions/checkout@3d3c42e5aac5ba805825da76410c181273ba90b1	2026-10-04T00:41:01.9270790Z [command]/usr/bin/git checkout --progress --force -B feat/M6.3-local-control-bootstrap refs/remotes/origin/feat/M6.3-local-control-bootstrap
browser	Run actions/checkout@3d3c42e5aac5ba805825da76410c181273ba90b1	2026-10-04T00:41:02.9562135Z Updating files:  53% (9860/18368)
browser	Run actions/checkout@3d3c42e5aac5ba805825da76410c181273ba90b1	2026-10-04T00:41:02.9892180Z Updating files:  54% (9919/18368)
browser	Run actions/checkout@3d3c42e5aac5ba805825da76410c181273ba90b1	2026-10-04T00:41:03.0091152Z Updating files:  55% (10103/18368)
browser	Run actions/checkout@3d3c42e5aac5ba805825da76410c181273ba90b1	2026-10-04T00:41:03.0283676Z Updating files:  56% (10287/18368)
browser	Run actions/checkout@3d3c42e5aac5ba805825da76410c181273ba90b1	2026-10-04T00:41:03.0402943Z Updating files:  57% (10470/18368)
browser	Run actions/checkout@3d3c42e5aac5ba805825da76410c181273ba90b1	2026-10-04T00:41:03.0531295Z Updating files:  58% (10654/18368)
browser	Run actions/checkout@3d3c42e5aac5ba805825da76410c181273ba90b1	2026-10-04T00:41:03.0690866Z Updating files:  59% (10838/18368)
browser	Run actions/checkout@3d3c42e5aac5ba805825da76410c181273ba90b1	2026-10-04T00:41:03.0856127Z Updating files:  60% (11021/18368)
browser	Run actions/checkout@3d3c42e5aac5ba805825da76410c181273ba90b1	2026-10-04T00:41:03.1120618Z Updating files:  61% (11205/18368)
browser	Run actions/checkout@3d3c42e5aac5ba805825da76410c181273ba90b1	2026-10-04T00:41:03.1331540Z Updating files:  62% (11389/18368)
browser	Run actions/checkout@3d3c42e5aac5ba805825da76410c181273ba90b1	2026-10-04T00:41:03.1541732Z Updating files:  63% (11572/18368)
browser	Run actions/checkout@3d3c42e5aac5ba805825da76410c181273ba90b1	2026-10-04T00:41:03.1785921Z Updating files:  64% (11756/18368)
browser	Run actions/checkout@3d3c42e5aac5ba805825da76410c181273ba90b1	2026-10-04T00:41:03.1919238Z Updating files:  65% (11940/18368)
browser	Run actions/checkout@3d3c42e5aac5ba805825da76410c181273ba90b1	2026-10-04T00:41:03.2113117Z Updating files:  66% (12123/18368)
browser	Run actions/checkout@3d3c42e5aac5ba805825da76410c181273ba90b1	2026-10-04T00:41:03.2275101Z Updating files:  67% (12307/18368)
browser	Run actions/checkout@3d3c42e5aac5ba805825da76410c181273ba90b1	2026-10-04T00:41:03.2484923Z Updating files:  68% (12491/18368)
browser	Run actions/checkout@3d3c42e5aac5ba805825da76410c181273ba90b1	2026-10-04T00:41:03.2735991Z Updating files:  69% (12674/18368)
browser	Run actions/checkout@3d3c42e5aac5ba805825da76410c181273ba90b1	2026-10-04T00:41:03.2900045Z Updating files:  70% (12858/18368)
browser	Run actions/checkout@3d3c42e5aac5ba805825da76410c181273ba90b1	2026-10-04T00:41:03.3022353Z Updating files:  71% (13042/18368)
browser	Run actions/checkout@3d3c42e5aac5ba805825da76410c181273ba90b1	2026-10-04T00:41:03.3195120Z Updating files:  72% (13225/18368)
browser	Run actions/checkout@3d3c42e5aac5ba805825da76410c181273ba90b1	2026-10-04T00:41:03.3584350Z Updating files:  73% (13409/18368)
browser	Run actions/checkout@3d3c42e5aac5ba805825da76410c181273ba90b1	2026-10-04T00:41:03.3723876Z Updating files:  74% (13593/18368)
browser	Run actions/checkout@3d3c42e5aac5ba805825da76410c181273ba90b1	2026-10-04T00:41:03.3884635Z Updating files:  75% (13776/18368)
browser	Run actions/checkout@3d3c42e5aac5ba805825da76410c181273ba90b1	2026-10-04T00:41:03.4078975Z Updating files:  76% (13960/18368)
browser	Run actions/checkout@3d3c42e5aac5ba805825da76410c181273ba90b1	2026-10-04T00:41:03.4312195Z Updating files:  77% (14144/18368)
browser	Run actions/checkout@3d3c42e5aac5ba805825da76410c181273ba90b1	2026-10-04T00:41:03.4446684Z Updating files:  78% (14328/18368)
browser	Run actions/checkout@3d3c42e5aac5ba805825da76410c181273ba90b1	2026-10-04T00:41:03.4547902Z Updating files:  79% (14511/18368)
browser	Run actions/checkout@3d3c42e5aac5ba805825da76410c181273ba90b1	2026-10-04T00:41:03.4729777Z Updating files:  80% (14695/18368)
browser	Run actions/checkout@3d3c42e5aac5ba805825da76410c181273ba90b1	2026-10-04T00:41:03.4914557Z Updating files:  81% (14879/18368)
browser	Run actions/checkout@3d3c42e5aac5ba805825da76410c181273ba90b1	2026-10-04T00:41:03.5076449Z Updating files:  82% (15062/18368)
browser	Run actions/checkout@3d3c42e5aac5ba805825da76410c181273ba90b1	2026-10-04T00:41:03.5713870Z Updating files:  83% (15246/18368)
browser	Run actions/checkout@3d3c42e5aac5ba805825da76410c181273ba90b1	2026-10-04T00:41:03.6164237Z Updating files:  84% (15430/18368)
browser	Run actions/checkout@3d3c42e5aac5ba805825da76410c181273ba90b1	2026-10-04T00:41:03.6456286Z Updating files:  85% (15613/18368)
browser	Run actions/checkout@3d3c42e5aac5ba805825da76410c181273ba90b1	2026-10-04T00:41:03.6989974Z Updating files:  86% (15797/18368)
browser	Run actions/checkout@3d3c42e5aac5ba805825da76410c181273ba90b1	2026-10-04T00:41:03.7600592Z Updating files:  87% (15981/18368)
browser	Run actions/checkout@3d3c42e5aac5ba805825da76410c181273ba90b1	2026-10-04T00:41:03.7760969Z Updating files:  88% (16164/18368)
browser	Run actions/checkout@3d3c42e5aac5ba805825da76410c181273ba90b1	2026-10-04T00:41:03.7903748Z Updating files:  89% (16348/18368)
browser	Run actions/checkout@3d3c42e5aac5ba805825da76410c181273ba90b1	2026-10-04T00:41:03.8812642Z Updating files:  90% (16532/18368)
browser	Run actions/checkout@3d3c42e5aac5ba805825da76410c181273ba90b1	2026-10-04T00:41:03.9026038Z Updating files:  91% (16715/18368)
browser	Run actions/checkout@3d3c42e5aac5ba805825da76410c181273ba90b1	2026-10-04T00:41:03.9181880Z Updating files:  92% (16899/18368)
browser	Run actions/checkout@3d3c42e5aac5ba805825da76410c181273ba90b1	2026-10-04T00:41:03.9346993Z Updating files:  93% (17083/18368)
browser	Run actions/checkout@3d3c42e5aac5ba805825da76410c181273ba90b1	2026-10-04T00:41:03.9505856Z Updating files:  94% (17266/18368)
browser	Run actions/checkout@3d3c42e5aac5ba805825da76410c181273ba90b1	2026-10-04T00:41:03.9570985Z Updating files:  94% (17385/18368)
browser	Run actions/checkout@3d3c42e5aac5ba805825da76410c181273ba90b1	2026-10-04T00:41:03.9702153Z Updating files:  95% (17450/18368)
browser	Run actions/checkout@3d3c42e5aac5ba805825da76410c181273ba90b1	2026-10-04T00:41:03.9845159Z Updating files:  96% (17634/18368)
browser	Run actions/checkout@3d3c42e5aac5ba805825da76410c181273ba90b1	2026-10-04T00:41:04.0003584Z Updating files:  97% (17817/18368)
browser	Run actions/checkout@3d3c42e5aac5ba805825da76410c181273ba90b1	2026-10-04T00:41:04.0158299Z Updating files:  98% (18001/18368)
browser	Run actions/checkout@3d3c42e5aac5ba805825da76410c181273ba90b1	2026-10-04T00:41:04.0298277Z Updating files:  99% (18185/18368)
browser	Run actions/checkout@3d3c42e5aac5ba805825da76410c181273ba90b1	2026-10-04T00:41:04.0298996Z Updating files: 100% (18368/18368)
browser	Run actions/checkout@3d3c42e5aac5ba805825da76410c181273ba90b1	2026-10-04T00:41:04.0299596Z Updating files: 100% (18368/18368), done.
browser	Run actions/checkout@3d3c42e5aac5ba805825da76410c181273ba90b1	2026-10-04T00:41:04.0562124Z Switched to a new branch 'feat/M6.3-local-control-bootstrap'
browser	Run actions/checkout@3d3c42e5aac5ba805825da76410c181273ba90b1	2026-10-04T00:41:04.0564799Z branch 'feat/M6.3-local-control-bootstrap' set up to track 'origin/feat/M6.3-local-control-bootstrap'.
browser	Run actions/checkout@3d3c42e5aac5ba805825da76410c181273ba90b1	2026-10-04T00:41:04.0740400Z ##[endgroup]
browser	Run actions/checkout@3d3c42e5aac5ba805825da76410c181273ba90b1	2026-10-04T00:41:04.0792537Z [command]/usr/bin/git log -1 --format=%H
browser	Run actions/checkout@3d3c42e5aac5ba805825da76410c181273ba90b1	2026-10-04T00:41:04.0821107Z 4ecc27a883782855a6e5611d7610979e4b4b05ca
browser	Run actions/setup-python@5fda3b95a4ea91299a34e894583c3862153e4b97	﻿2026-10-04T00:41:04.1108611Z ##[group]Run actions/setup-python@5fda3b95a4ea91299a34e894583c3862153e4b97
browser	Run actions/setup-python@5fda3b95a4ea91299a34e894583c3862153e4b97	2026-10-04T00:41:04.1109054Z with:
browser	Run actions/setup-python@5fda3b95a4ea91299a34e894583c3862153e4b97	2026-10-04T00:41:04.1109272Z   python-version: 3.12.13
browser	Run actions/setup-python@5fda3b95a4ea91299a34e894583c3862153e4b97	2026-10-04T00:41:04.1109511Z   check-latest: false
browser	Run actions/setup-python@5fda3b95a4ea91299a34e894583c3862153e4b97	2026-10-04T00:41:04.1111786Z   token: ***
browser	Run actions/setup-python@5fda3b95a4ea91299a34e894583c3862153e4b97	2026-10-04T00:41:04.1112004Z   update-environment: true
browser	Run actions/setup-python@5fda3b95a4ea91299a34e894583c3862153e4b97	2026-10-04T00:41:04.1112250Z   allow-prereleases: false
browser	Run actions/setup-python@5fda3b95a4ea91299a34e894583c3862153e4b97	2026-10-04T00:41:04.1112477Z   freethreaded: false
browser	Run actions/setup-python@5fda3b95a4ea91299a34e894583c3862153e4b97	2026-10-04T00:41:04.1112686Z ##[endgroup]
browser	Run actions/setup-python@5fda3b95a4ea91299a34e894583c3862153e4b97	2026-10-04T00:41:04.2329468Z ##[group]Installed versions
browser	Run actions/setup-python@5fda3b95a4ea91299a34e894583c3862153e4b97	2026-10-04T00:41:04.2341991Z Version 3.12.13 was not found in the local cache
browser	Run actions/setup-python@5fda3b95a4ea91299a34e894583c3862153e4b97	2026-10-04T00:41:04.7522027Z Version 3.12.13 is available for downloading
browser	Run actions/setup-python@5fda3b95a4ea91299a34e894583c3862153e4b97	2026-10-04T00:41:04.7523665Z Download from "https://github.com/actions/python-versions/releases/download/3.12.13-27650778726/python-3.12.13-linux-26.04-x64.tar.gz"
browser	Run actions/setup-python@5fda3b95a4ea91299a34e894583c3862153e4b97	2026-10-04T00:41:05.6077177Z Extract downloaded archive
browser	Run actions/setup-python@5fda3b95a4ea91299a34e894583c3862153e4b97	2026-10-04T00:41:05.6210166Z [command]/usr/bin/tar xz --warning=no-unknown-keyword --overwrite -C $RUNNER_HOME/work/_temp/bb1ff405-b050-4aa0-a29d-40d6baf371aa -f $RUNNER_HOME/work/_temp/37cd427f-0f45-433a-b61d-dda37fa9a058
browser	Run actions/setup-python@5fda3b95a4ea91299a34e894583c3862153e4b97	2026-10-04T00:41:06.9183809Z Execute installation script
browser	Run actions/setup-python@5fda3b95a4ea91299a34e894583c3862153e4b97	2026-10-04T00:41:06.9312860Z Check if Python hostedtoolcache folder exist...
browser	Run actions/setup-python@5fda3b95a4ea91299a34e894583c3862153e4b97	2026-10-04T00:41:06.9313549Z Create Python 3.12.13 folder
browser	Run actions/setup-python@5fda3b95a4ea91299a34e894583c3862153e4b97	2026-10-04T00:41:06.9339070Z Copy Python binaries to hostedtoolcache folder
browser	Run actions/setup-python@5fda3b95a4ea91299a34e894583c3862153e4b97	2026-10-04T00:41:07.4219377Z Create additional symlinks (Required for the UsePythonVersion Azure Pipelines task and the setup-python GitHub Action)
browser	Run actions/setup-python@5fda3b95a4ea91299a34e894583c3862153e4b97	2026-10-04T00:41:07.4340259Z Upgrading pip...
browser	Run actions/setup-python@5fda3b95a4ea91299a34e894583c3862153e4b97	2026-10-04T00:41:09.3884657Z Collecting pip
browser	Run actions/setup-python@5fda3b95a4ea91299a34e894583c3862153e4b97	2026-10-04T00:41:09.4110057Z Downloading pip-26.2.1-py3-none-any.whl.metadata (4.6 kB)
browser	Run actions/setup-python@5fda3b95a4ea91299a34e894583c3862153e4b97	2026-10-04T00:41:09.4190765Z Downloading pip-26.2.1-py3-none-any.whl (1.8 MB)
browser	Run actions/setup-python@5fda3b95a4ea91299a34e894583c3862153e4b97	2026-10-04T00:41:09.4360885Z ━━━━━━━━━━━━━━━━━━━━━━━━━━━━━━━━━━━━━━━━ 1.8/1.8 MB 180.3 MB/s eta 0:00:00
browser	Run actions/setup-python@5fda3b95a4ea91299a34e894583c3862153e4b97	2026-10-04T00:41:09.4361433Z 
browser	Run actions/setup-python@5fda3b95a4ea91299a34e894583c3862153e4b97	2026-10-04T00:41:09.4565837Z Installing collected packages: pip
browser	Run actions/setup-python@5fda3b95a4ea91299a34e894583c3862153e4b97	2026-10-04T00:41:09.4567010Z Attempting uninstall: pip
browser	Run actions/setup-python@5fda3b95a4ea91299a34e894583c3862153e4b97	2026-10-04T00:41:09.4601906Z Found existing installation: pip 25.0.1
browser	Run actions/setup-python@5fda3b95a4ea91299a34e894583c3862153e4b97	2026-10-04T00:41:09.4969336Z Uninstalling pip-25.0.1:
browser	Run actions/setup-python@5fda3b95a4ea91299a34e894583c3862153e4b97	2026-10-04T00:41:09.5031633Z Successfully uninstalled pip-25.0.1
browser	Run actions/setup-python@5fda3b95a4ea91299a34e894583c3862153e4b97	2026-10-04T00:41:10.9918747Z Successfully installed pip-26.2.1
browser	Run actions/setup-python@5fda3b95a4ea91299a34e894583c3862153e4b97	2026-10-04T00:41:11.0480368Z Create complete file
browser	Run actions/setup-python@5fda3b95a4ea91299a34e894583c3862153e4b97	2026-10-04T00:41:11.0537686Z Successfully set up CPython (3.12.13)
browser	Run actions/setup-python@5fda3b95a4ea91299a34e894583c3862153e4b97	2026-10-04T00:41:11.0538951Z ##[endgroup]
browser	Run actions/setup-node@820762786026740c76f36085b0efc47a31fe5020	﻿2026-10-04T00:41:11.0974629Z ##[group]Run actions/setup-node@820762786026740c76f36085b0efc47a31fe5020
browser	Run actions/setup-node@820762786026740c76f36085b0efc47a31fe5020	2026-10-04T00:41:11.0975043Z with:
browser	Run actions/setup-node@820762786026740c76f36085b0efc47a31fe5020	2026-10-04T00:41:11.0975248Z   node-version: 24.21.0
browser	Run actions/setup-node@820762786026740c76f36085b0efc47a31fe5020	2026-10-04T00:41:11.0975478Z   check-latest: false
browser	Run actions/setup-node@820762786026740c76f36085b0efc47a31fe5020	2026-10-04T00:41:11.0978159Z   token: ***
browser	Run actions/setup-node@820762786026740c76f36085b0efc47a31fe5020	2026-10-04T00:41:11.0978400Z   package-manager-cache: true
browser	Run actions/setup-node@820762786026740c76f36085b0efc47a31fe5020	2026-10-04T00:41:11.0978646Z env:
browser	Run actions/setup-node@820762786026740c76f36085b0efc47a31fe5020	2026-10-04T00:41:11.0978896Z   pythonLocation: /opt/hostedtoolcache/Python/3.12.13/x64
browser	Run actions/setup-node@820762786026740c76f36085b0efc47a31fe5020	2026-10-04T00:41:11.0979479Z   PKG_CONFIG_PATH: /opt/hostedtoolcache/Python/3.12.13/x64/lib/pkgconfig
browser	Run actions/setup-node@820762786026740c76f36085b0efc47a31fe5020	2026-10-04T00:41:11.0980590Z   Python_ROOT_DIR: /opt/hostedtoolcache/Python/3.12.13/x64
browser	Run actions/setup-node@820762786026740c76f36085b0efc47a31fe5020	2026-10-04T00:41:11.0981145Z   Python2_ROOT_DIR: /opt/hostedtoolcache/Python/3.12.13/x64
browser	Run actions/setup-node@820762786026740c76f36085b0efc47a31fe5020	2026-10-04T00:41:11.0981535Z   Python3_ROOT_DIR: /opt/hostedtoolcache/Python/3.12.13/x64
browser	Run actions/setup-node@820762786026740c76f36085b0efc47a31fe5020	2026-10-04T00:41:11.0981912Z   LD_LIBRARY_PATH: /opt/hostedtoolcache/Python/3.12.13/x64/lib
browser	Run actions/setup-node@820762786026740c76f36085b0efc47a31fe5020	2026-10-04T00:41:11.0982233Z ##[endgroup]
browser	Run actions/setup-node@820762786026740c76f36085b0efc47a31fe5020	2026-10-04T00:41:11.2510286Z Found in cache @ /opt/hostedtoolcache/node/24.21.0/x64
browser	Run actions/setup-node@820762786026740c76f36085b0efc47a31fe5020	2026-10-04T00:41:11.2514292Z ##[group]Environment details
browser	Run actions/setup-node@820762786026740c76f36085b0efc47a31fe5020	2026-10-04T00:41:12.9820189Z node: v24.21.0
browser	Run actions/setup-node@820762786026740c76f36085b0efc47a31fe5020	2026-10-04T00:41:12.9820813Z npm: 11.19.0
browser	Run actions/setup-node@820762786026740c76f36085b0efc47a31fe5020	2026-10-04T00:41:12.9821095Z yarn: 1.22.22
browser	Run actions/setup-node@820762786026740c76f36085b0efc47a31fe5020	2026-10-04T00:41:12.9821774Z ##[endgroup]
browser	Run python -m pip install uv==0.11.21	﻿2026-10-04T00:41:12.9961345Z ##[group]Run python -m pip install uv==0.11.21
browser	Run python -m pip install uv==0.11.21	2026-10-04T00:41:12.9961805Z [36;1mpython -m pip install uv==0.11.21[0m
browser	Run python -m pip install uv==0.11.21	2026-10-04T00:41:13.0142596Z shell: /usr/bin/bash -e {0}
browser	Run python -m pip install uv==0.11.21	2026-10-04T00:41:13.0142911Z env:
browser	Run python -m pip install uv==0.11.21	2026-10-04T00:41:13.0143200Z   pythonLocation: /opt/hostedtoolcache/Python/3.12.13/x64
browser	Run python -m pip install uv==0.11.21	2026-10-04T00:41:13.0143675Z   PKG_CONFIG_PATH: /opt/hostedtoolcache/Python/3.12.13/x64/lib/pkgconfig
browser	Run python -m pip install uv==0.11.21	2026-10-04T00:41:13.0144134Z   Python_ROOT_DIR: /opt/hostedtoolcache/Python/3.12.13/x64
browser	Run python -m pip install uv==0.11.21	2026-10-04T00:41:13.0144534Z   Python2_ROOT_DIR: /opt/hostedtoolcache/Python/3.12.13/x64
browser	Run python -m pip install uv==0.11.21	2026-10-04T00:41:13.0144937Z   Python3_ROOT_DIR: /opt/hostedtoolcache/Python/3.12.13/x64
browser	Run python -m pip install uv==0.11.21	2026-10-04T00:41:13.0145673Z   LD_LIBRARY_PATH: /opt/hostedtoolcache/Python/3.12.13/x64/lib
browser	Run python -m pip install uv==0.11.21	2026-10-04T00:41:13.0169956Z ##[endgroup]
browser	Run python -m pip install uv==0.11.21	2026-10-04T00:41:13.6865659Z Collecting uv==0.11.21
browser	Run python -m pip install uv==0.11.21	2026-10-04T00:41:13.7117843Z   Downloading uv-0.11.21-py3-none-manylinux_2_17_x86_64.manylinux2014_x86_64.whl.metadata (11 kB)
browser	Run python -m pip install uv==0.11.21	2026-10-04T00:41:13.7235417Z Downloading uv-0.11.21-py3-none-manylinux_2_17_x86_64.manylinux2014_x86_64.whl (25.1 MB)
browser	Run python -m pip install uv==0.11.21	2026-10-04T00:41:13.9611859Z    ━━━━━━━━━━━━━━━━━━━━━━━━━━━━━━━━━━━━━━━━ 25.1/25.1 MB 109.5 MB/s  0:00:00
browser	Run python -m pip install uv==0.11.21	2026-10-04T00:41:14.0061687Z Installing collected packages: uv
browser	Run python -m pip install uv==0.11.21	2026-10-04T00:41:14.2668044Z Successfully installed uv-0.11.21
browser	Run uv sync --frozen	﻿2026-10-04T00:41:14.3277459Z ##[group]Run uv sync --frozen
browser	Run uv sync --frozen	2026-10-04T00:41:14.3277845Z [36;1muv sync --frozen[0m
browser	Run uv sync --frozen	2026-10-04T00:41:14.3337086Z shell: /usr/bin/bash -e {0}
browser	Run uv sync --frozen	2026-10-04T00:41:14.3337347Z env:
browser	Run uv sync --frozen	2026-10-04T00:41:14.3337617Z   pythonLocation: /opt/hostedtoolcache/Python/3.12.13/x64
browser	Run uv sync --frozen	2026-10-04T00:41:14.3338060Z   PKG_CONFIG_PATH: /opt/hostedtoolcache/Python/3.12.13/x64/lib/pkgconfig
browser	Run uv sync --frozen	2026-10-04T00:41:14.3338493Z   Python_ROOT_DIR: /opt/hostedtoolcache/Python/3.12.13/x64
browser	Run uv sync --frozen	2026-10-04T00:41:14.3338869Z   Python2_ROOT_DIR: /opt/hostedtoolcache/Python/3.12.13/x64
browser	Run uv sync --frozen	2026-10-04T00:41:14.3339252Z   Python3_ROOT_DIR: /opt/hostedtoolcache/Python/3.12.13/x64
browser	Run uv sync --frozen	2026-10-04T00:41:14.3339638Z   LD_LIBRARY_PATH: /opt/hostedtoolcache/Python/3.12.13/x64/lib
browser	Run uv sync --frozen	2026-10-04T00:41:14.3339954Z ##[endgroup]
browser	Run uv sync --frozen	2026-10-04T00:41:14.3945031Z Using CPython 3.12.13 interpreter at: /opt/hostedtoolcache/Python/3.12.13/x64/bin/python3.12
browser	Run uv sync --frozen	2026-10-04T00:41:14.3946391Z Creating virtual environment at: .venv
browser	Run uv sync --frozen	2026-10-04T00:41:14.4849155Z Downloading ruff (9.9MiB)
browser	Run uv sync --frozen	2026-10-04T00:41:14.4851459Z Downloading mypy (14.6MiB)
browser	Run uv sync --frozen	2026-10-04T00:41:14.4854027Z Downloading pygments (1.2MiB)
browser	Run uv sync --frozen	2026-10-04T00:41:14.4859389Z Downloading pydantic-core (2.0MiB)
browser	Run uv sync --frozen	2026-10-04T00:41:14.4864017Z Downloading ast-serialize (1.3MiB)
browser	Run uv sync --frozen	2026-10-04T00:41:14.7164498Z  Downloaded ast-serialize
browser	Run uv sync --frozen	2026-10-04T00:41:14.7348178Z  Downloaded pydantic-core
browser	Run uv sync --frozen	2026-10-04T00:41:14.8093199Z  Downloaded ruff
browser	Run uv sync --frozen	2026-10-04T00:41:14.8701057Z  Downloaded pygments
browser	Run uv sync --frozen	2026-10-04T00:41:15.0197511Z  Downloaded mypy
browser	Run uv sync --frozen	2026-10-04T00:41:15.0201011Z Prepared 37 packages in 622ms
browser	Run uv sync --frozen	2026-10-04T00:41:15.0756754Z Installed 37 packages in 55ms
browser	Run uv sync --frozen	2026-10-04T00:41:15.0757333Z  + annotated-doc==0.0.5
browser	Run uv sync --frozen	2026-10-04T00:41:15.0757757Z  + annotated-types==0.8.0
browser	Run uv sync --frozen	2026-10-04T00:41:15.0758185Z  + anyio==4.15.1
browser	Run uv sync --frozen	2026-10-04T00:41:15.0758696Z  + ast-serialize==0.11.2
browser	Run uv sync --frozen	2026-10-04T00:41:15.0759084Z  + attrs==26.1.0
browser	Run uv sync --frozen	2026-10-04T00:41:15.0759437Z  + certifi==2026.7.22
browser	Run uv sync --frozen	2026-10-04T00:41:15.0759804Z  + click==8.5.0
browser	Run uv sync --frozen	2026-10-04T00:41:15.0760556Z  + defusedxml==0.7.1
browser	Run uv sync --frozen	2026-10-04T00:41:15.0760923Z  + fastapi==0.141.1
browser	Run uv sync --frozen	2026-10-04T00:41:15.0761177Z  + h11==0.16.0
browser	Run uv sync --frozen	2026-10-04T00:41:15.0761395Z  + httpcore==1.0.9
browser	Run uv sync --frozen	2026-10-04T00:41:15.0767492Z  + httpx==0.28.1
browser	Run uv sync --frozen	2026-10-04T00:41:15.0768039Z  + idna==3.19
browser	Run uv sync --frozen	2026-10-04T00:41:15.0768394Z  + iniconfig==2.3.0
browser	Run uv sync --frozen	2026-10-04T00:41:15.0768764Z  + jsonschema==4.26.0
browser	Run uv sync --frozen	2026-10-04T00:41:15.0769167Z  + jsonschema-specifications==2025.9.1
browser	Run uv sync --frozen	2026-10-04T00:41:15.0769639Z  + librt==0.15.0
browser	Run uv sync --frozen	2026-10-04T00:41:15.0769984Z  + markdown-it-py==4.2.0
browser	Run uv sync --frozen	2026-10-04T00:41:15.0770363Z  + mdurl==0.1.2
browser	Run uv sync --frozen	2026-10-04T00:41:15.0770698Z  + mypy==2.3.1
browser	Run uv sync --frozen	2026-10-04T00:41:15.0771067Z  + mypy-extensions==1.1.0
browser	Run uv sync --frozen	2026-10-04T00:41:15.0771512Z  + packaging==26.3
browser	Run uv sync --frozen	2026-10-04T00:41:15.0771876Z  + pathspec==1.1.1
browser	Run uv sync --frozen	2026-10-04T00:41:15.0772242Z  + pluggy==1.6.0
browser	Run uv sync --frozen	2026-10-04T00:41:15.0772662Z  + pydantic==2.13.5
browser	Run uv sync --frozen	2026-10-04T00:41:15.0773064Z  + pydantic-core==2.46.5
browser	Run uv sync --frozen	2026-10-04T00:41:15.0773483Z  + pygments==2.21.0
browser	Run uv sync --frozen	2026-10-04T00:41:15.0773890Z  + pypdf==6.18.1
browser	Run uv sync --frozen	2026-10-04T00:41:15.0774299Z  + pytest==9.1.1
browser	Run uv sync --frozen	2026-10-04T00:41:15.0774719Z  + python-multipart==0.0.32
browser	Run uv sync --frozen	2026-10-04T00:41:15.0775196Z  + referencing==0.37.0
browser	Run uv sync --frozen	2026-10-04T00:41:15.0775583Z  + rpds-py==2026.6.3
browser	Run uv sync --frozen	2026-10-04T00:41:15.0776007Z  + ruff==0.16.7
browser	Run uv sync --frozen	2026-10-04T00:41:15.0776673Z  + starlette==1.6.0
browser	Run uv sync --frozen	2026-10-04T00:41:15.0777207Z  + typing-extensions==4.16.0
browser	Run uv sync --frozen	2026-10-04T00:41:15.0777666Z  + typing-inspection==0.4.4
browser	Run uv sync --frozen	2026-10-04T00:41:15.0778175Z  + uvicorn==0.53.0
browser	Install fixed official Ubuntu document sandbox dependencies	﻿2026-10-04T00:41:15.0857540Z ##[group]Run sudo apt-get update
browser	Install fixed official Ubuntu document sandbox dependencies	2026-10-04T00:41:15.0857904Z [36;1msudo apt-get update[0m
browser	Install fixed official Ubuntu document sandbox dependencies	2026-10-04T00:41:15.0858555Z [36;1msudo apt-get install -y bubblewrap=0.11.1-1ubuntu0.3 apparmor=5.0.2-0ubuntu1~26.04.1 libapparmor1=5.0.2-0ubuntu1~26.04.1 libseccomp2=2.6.0-2ubuntu5[0m
browser	Install fixed official Ubuntu document sandbox dependencies	2026-10-04T00:41:15.0859309Z [36;1mdpkg-query -W bubblewrap apparmor libapparmor1 libseccomp2[0m
browser	Install fixed official Ubuntu document sandbox dependencies	2026-10-04T00:41:15.0859731Z [36;1mtest -f /etc/apparmor.d/bwrap-userns-restrict[0m
browser	Install fixed official Ubuntu document sandbox dependencies	2026-10-04T00:41:15.0860054Z [36;1mbwrap --version[0m
browser	Install fixed official Ubuntu document sandbox dependencies	2026-10-04T00:41:15.0918991Z shell: /usr/bin/bash -e {0}
browser	Install fixed official Ubuntu document sandbox dependencies	2026-10-04T00:41:15.0919253Z env:
browser	Install fixed official Ubuntu document sandbox dependencies	2026-10-04T00:41:15.0919521Z   pythonLocation: /opt/hostedtoolcache/Python/3.12.13/x64
browser	Install fixed official Ubuntu document sandbox dependencies	2026-10-04T00:41:15.0919971Z   PKG_CONFIG_PATH: /opt/hostedtoolcache/Python/3.12.13/x64/lib/pkgconfig
browser	Install fixed official Ubuntu document sandbox dependencies	2026-10-04T00:41:15.0920397Z   Python_ROOT_DIR: /opt/hostedtoolcache/Python/3.12.13/x64
browser	Install fixed official Ubuntu document sandbox dependencies	2026-10-04T00:41:15.0920775Z   Python2_ROOT_DIR: /opt/hostedtoolcache/Python/3.12.13/x64
browser	Install fixed official Ubuntu document sandbox dependencies	2026-10-04T00:41:15.0921157Z   Python3_ROOT_DIR: /opt/hostedtoolcache/Python/3.12.13/x64
browser	Install fixed official Ubuntu document sandbox dependencies	2026-10-04T00:41:15.0921605Z   LD_LIBRARY_PATH: /opt/hostedtoolcache/Python/3.12.13/x64/lib
browser	Install fixed official Ubuntu document sandbox dependencies	2026-10-04T00:41:15.0921929Z ##[endgroup]
browser	Install fixed official Ubuntu document sandbox dependencies	2026-10-04T00:41:15.1802424Z Get:1 file:/etc/apt/apt-mirrors.txt Mirrorlist [144 B]
browser	Install fixed official Ubuntu document sandbox dependencies	2026-10-04T00:41:15.2139178Z Hit:2 http://azure.archive.ubuntu.com/ubuntu resolute InRelease
browser	Install fixed official Ubuntu document sandbox dependencies	2026-10-04T00:41:15.2157965Z Get:6 https://packages.microsoft.com/ubuntu/26.04/prod resolute InRelease [3964 B]
browser	Install fixed official Ubuntu document sandbox dependencies	2026-10-04T00:41:15.2175198Z Get:3 http://azure.archive.ubuntu.com/ubuntu resolute-updates InRelease [137 kB]
browser	Install fixed official Ubuntu document sandbox dependencies	2026-10-04T00:41:15.2210225Z Get:4 http://azure.archive.ubuntu.com/ubuntu resolute-backports InRelease [137 kB]
browser	Install fixed official Ubuntu document sandbox dependencies	2026-10-04T00:41:15.2241536Z Get:5 http://azure.archive.ubuntu.com/ubuntu resolute-security InRelease [137 kB]
browser	Install fixed official Ubuntu document sandbox dependencies	2026-10-04T00:41:15.2448899Z Get:7 https://packages.microsoft.com/ubuntu/26.04/prod resolute/main amd64 Packages [76.6 kB]
browser	Install fixed official Ubuntu document sandbox dependencies	2026-10-04T00:41:15.2613158Z Get:8 http://azure.archive.ubuntu.com/ubuntu resolute-updates/main amd64v3 Packages [718 kB]
browser	Install fixed official Ubuntu document sandbox dependencies	2026-10-04T00:41:15.2627855Z Get:18 https://packages.microsoft.com/ubuntu/26.04/prod resolute/main armhf Packages [850 B]
browser	Install fixed official Ubuntu document sandbox dependencies	2026-10-04T00:41:15.2675327Z Get:19 https://packages.microsoft.com/ubuntu/26.04/prod resolute/main arm64 Packages [66.8 kB]
browser	Install fixed official Ubuntu document sandbox dependencies	2026-10-04T00:41:15.2772282Z Get:9 http://azure.archive.ubuntu.com/ubuntu resolute-updates/main Translation-en [167 kB]
browser	Install fixed official Ubuntu document sandbox dependencies	2026-10-04T00:41:15.2775006Z Get:10 http://azure.archive.ubuntu.com/ubuntu resolute-updates/main amd64 Components [98.1 kB]
browser	Install fixed official Ubuntu document sandbox dependencies	2026-10-04T00:41:15.2776773Z Get:11 http://azure.archive.ubuntu.com/ubuntu resolute-updates/universe amd64v3 Packages [316 kB]
browser	Install fixed official Ubuntu document sandbox dependencies	2026-10-04T00:41:15.2778598Z Get:12 http://azure.archive.ubuntu.com/ubuntu resolute-updates/universe Translation-en [101 kB]
browser	Install fixed official Ubuntu document sandbox dependencies	2026-10-04T00:41:15.2811109Z Get:13 http://azure.archive.ubuntu.com/ubuntu resolute-updates/universe amd64 Components [201 kB]
browser	Install fixed official Ubuntu document sandbox dependencies	2026-10-04T00:41:15.2927787Z Get:14 http://azure.archive.ubuntu.com/ubuntu resolute-updates/restricted amd64v3 Packages [487 kB]
browser	Install fixed official Ubuntu document sandbox dependencies	2026-10-04T00:41:15.2989802Z Get:15 http://azure.archive.ubuntu.com/ubuntu resolute-updates/restricted Translation-en [97.7 kB]
browser	Install fixed official Ubuntu document sandbox dependencies	2026-10-04T00:41:15.3018133Z Get:16 http://azure.archive.ubuntu.com/ubuntu resolute-updates/multiverse amd64v3 Packages [11.9 kB]
browser	Install fixed official Ubuntu document sandbox dependencies	2026-10-04T00:41:15.3030722Z Get:17 http://azure.archive.ubuntu.com/ubuntu resolute-updates/multiverse Translation-en [3276 B]
browser	Install fixed official Ubuntu document sandbox dependencies	2026-10-04T00:41:15.3462413Z Get:20 http://azure.archive.ubuntu.com/ubuntu resolute-backports/universe amd64 Components [1060 B]
browser	Install fixed official Ubuntu document sandbox dependencies	2026-10-04T00:41:15.3539092Z Get:21 http://azure.archive.ubuntu.com/ubuntu resolute-security/main amd64v3 Packages [551 kB]
browser	Install fixed official Ubuntu document sandbox dependencies	2026-10-04T00:41:15.3571342Z Get:22 http://azure.archive.ubuntu.com/ubuntu resolute-security/main Translation-en [129 kB]
browser	Install fixed official Ubuntu document sandbox dependencies	2026-10-04T00:41:15.3586882Z Get:23 http://azure.archive.ubuntu.com/ubuntu resolute-security/main amd64 Components [46.7 kB]
browser	Install fixed official Ubuntu document sandbox dependencies	2026-10-04T00:41:15.3598342Z Get:24 http://azure.archive.ubuntu.com/ubuntu resolute-security/universe amd64v3 Packages [192 kB]
browser	Install fixed official Ubuntu document sandbox dependencies	2026-10-04T00:41:15.3620003Z Get:25 http://azure.archive.ubuntu.com/ubuntu resolute-security/universe Translation-en [60.4 kB]
browser	Install fixed official Ubuntu document sandbox dependencies	2026-10-04T00:41:15.3670719Z Get:26 http://azure.archive.ubuntu.com/ubuntu resolute-security/universe amd64 Components [55.5 kB]
browser	Install fixed official Ubuntu document sandbox dependencies	2026-10-04T00:41:15.3685464Z Get:27 http://azure.archive.ubuntu.com/ubuntu resolute-security/restricted amd64v3 Packages [447 kB]
browser	Install fixed official Ubuntu document sandbox dependencies	2026-10-04T00:41:15.3742642Z Get:28 http://azure.archive.ubuntu.com/ubuntu resolute-security/restricted Translation-en [89.7 kB]
browser	Install fixed official Ubuntu document sandbox dependencies	2026-10-04T00:41:18.8478674Z Fetched 4332 kB in 0s (10.1 MB/s)
browser	Install fixed official Ubuntu document sandbox dependencies	2026-10-04T00:41:19.5025387Z Reading package lists...
browser	Install fixed official Ubuntu document sandbox dependencies	2026-10-04T00:41:19.5365730Z Reading package lists...
browser	Install fixed official Ubuntu document sandbox dependencies	2026-10-04T00:41:19.6986174Z Building dependency tree...
browser	Install fixed official Ubuntu document sandbox dependencies	2026-10-04T00:41:19.6993684Z Reading state information...
browser	Install fixed official Ubuntu document sandbox dependencies	2026-10-04T00:41:19.7311904Z bubblewrap is already the newest version (0.11.1-1ubuntu0.3).
browser	Install fixed official Ubuntu document sandbox dependencies	2026-10-04T00:41:19.7312625Z bubblewrap set to manually installed.
browser	Install fixed official Ubuntu document sandbox dependencies	2026-10-04T00:41:19.7313244Z apparmor is already the newest version (5.0.2-0ubuntu1~26.04.1).
browser	Install fixed official Ubuntu document sandbox dependencies	2026-10-04T00:41:19.7313922Z apparmor set to manually installed.
browser	Install fixed official Ubuntu document sandbox dependencies	2026-10-04T00:41:19.7314544Z libapparmor1 is already the newest version (5.0.2-0ubuntu1~26.04.1).
browser	Install fixed official Ubuntu document sandbox dependencies	2026-10-04T00:41:19.7315149Z libapparmor1 set to manually installed.
browser	Install fixed official Ubuntu document sandbox dependencies	2026-10-04T00:41:19.7315728Z libseccomp2 is already the newest version (2.6.0-2ubuntu5).
browser	Install fixed official Ubuntu document sandbox dependencies	2026-10-04T00:41:19.7316313Z libseccomp2 set to manually installed.
browser	Install fixed official Ubuntu document sandbox dependencies	2026-10-04T00:41:19.7898743Z Solving dependencies...
browser	Install fixed official Ubuntu document sandbox dependencies	2026-10-04T00:41:19.9197580Z 0 upgraded, 0 newly installed, 0 to remove and 25 not upgraded.
browser	Install fixed official Ubuntu document sandbox dependencies	2026-10-04T00:41:19.9336275Z apparmor	5.0.2-0ubuntu1~26.04.1
browser	Install fixed official Ubuntu document sandbox dependencies	2026-10-04T00:41:19.9337016Z bubblewrap	0.11.1-1ubuntu0.3
browser	Install fixed official Ubuntu document sandbox dependencies	2026-10-04T00:41:19.9337558Z libapparmor1:amd64	5.0.2-0ubuntu1~26.04.1
browser	Install fixed official Ubuntu document sandbox dependencies	2026-10-04T00:41:19.9338113Z libseccomp2:amd64	2.6.0-2ubuntu5
browser	Install fixed official Ubuntu document sandbox dependencies	2026-10-04T00:41:19.9641358Z bubblewrap 0.11.1
browser	Run npm ci --prefix apps/web	﻿2026-10-04T00:41:19.9675423Z ##[group]Run npm ci --prefix apps/web
browser	Run npm ci --prefix apps/web	2026-10-04T00:41:19.9675799Z [36;1mnpm ci --prefix apps/web[0m
browser	Run npm ci --prefix apps/web	2026-10-04T00:41:19.9732838Z shell: /usr/bin/bash -e {0}
browser	Run npm ci --prefix apps/web	2026-10-04T00:41:19.9733089Z env:
browser	Run npm ci --prefix apps/web	2026-10-04T00:41:19.9733352Z   pythonLocation: /opt/hostedtoolcache/Python/3.12.13/x64
browser	Run npm ci --prefix apps/web	2026-10-04T00:41:19.9733793Z   PKG_CONFIG_PATH: /opt/hostedtoolcache/Python/3.12.13/x64/lib/pkgconfig
browser	Run npm ci --prefix apps/web	2026-10-04T00:41:19.9734214Z   Python_ROOT_DIR: /opt/hostedtoolcache/Python/3.12.13/x64
browser	Run npm ci --prefix apps/web	2026-10-04T00:41:19.9734588Z   Python2_ROOT_DIR: /opt/hostedtoolcache/Python/3.12.13/x64
browser	Run npm ci --prefix apps/web	2026-10-04T00:41:19.9734967Z   Python3_ROOT_DIR: /opt/hostedtoolcache/Python/3.12.13/x64
browser	Run npm ci --prefix apps/web	2026-10-04T00:41:19.9735345Z   LD_LIBRARY_PATH: /opt/hostedtoolcache/Python/3.12.13/x64/lib
browser	Run npm ci --prefix apps/web	2026-10-04T00:41:19.9735840Z ##[endgroup]
browser	Run npm ci --prefix apps/web	2026-10-04T00:41:26.7722747Z 
browser	Run npm ci --prefix apps/web	2026-10-04T00:41:26.7723611Z added 257 packages, and audited 258 packages in 7s
browser	Run npm ci --prefix apps/web	2026-10-04T00:41:26.7724105Z 
browser	Run npm ci --prefix apps/web	2026-10-04T00:41:26.7724574Z 118 packages are looking for funding
browser	Run npm ci --prefix apps/web	2026-10-04T00:41:26.7725474Z   run `npm fund` for details
browser	Run npm ci --prefix apps/web	2026-10-04T00:41:26.7735904Z 
browser	Run npm ci --prefix apps/web	2026-10-04T00:41:26.7736252Z found 0 vulnerabilities
browser	Run npm --prefix apps/web exec -- playwright install --with-deps chromium	﻿2026-10-04T00:41:26.8223767Z ##[group]Run npm --prefix apps/web exec -- playwright install --with-deps chromium
browser	Run npm --prefix apps/web exec -- playwright install --with-deps chromium	2026-10-04T00:41:26.8224405Z [36;1mnpm --prefix apps/web exec -- playwright install --with-deps chromium[0m
browser	Run npm --prefix apps/web exec -- playwright install --with-deps chromium	2026-10-04T00:41:26.8281525Z shell: /usr/bin/bash -e {0}
browser	Run npm --prefix apps/web exec -- playwright install --with-deps chromium	2026-10-04T00:41:26.8281787Z env:
browser	Run npm --prefix apps/web exec -- playwright install --with-deps chromium	2026-10-04T00:41:26.8282051Z   pythonLocation: /opt/hostedtoolcache/Python/3.12.13/x64
browser	Run npm --prefix apps/web exec -- playwright install --with-deps chromium	2026-10-04T00:41:26.8282490Z   PKG_CONFIG_PATH: /opt/hostedtoolcache/Python/3.12.13/x64/lib/pkgconfig
browser	Run npm --prefix apps/web exec -- playwright install --with-deps chromium	2026-10-04T00:41:26.8282918Z   Python_ROOT_DIR: /opt/hostedtoolcache/Python/3.12.13/x64
browser	Run npm --prefix apps/web exec -- playwright install --with-deps chromium	2026-10-04T00:41:26.8283312Z   Python2_ROOT_DIR: /opt/hostedtoolcache/Python/3.12.13/x64
browser	Run npm --prefix apps/web exec -- playwright install --with-deps chromium	2026-10-04T00:41:26.8283687Z   Python3_ROOT_DIR: /opt/hostedtoolcache/Python/3.12.13/x64
browser	Run npm --prefix apps/web exec -- playwright install --with-deps chromium	2026-10-04T00:41:26.8284067Z   LD_LIBRARY_PATH: /opt/hostedtoolcache/Python/3.12.13/x64/lib
browser	Run npm --prefix apps/web exec -- playwright install --with-deps chromium	2026-10-04T00:41:26.8284387Z ##[endgroup]
browser	Run npm --prefix apps/web exec -- playwright install --with-deps chromium	2026-10-04T00:41:27.5878247Z Installing dependencies...
browser	Run npm --prefix apps/web exec -- playwright install --with-deps chromium	2026-10-04T00:41:27.5973516Z Switching to root user to install dependencies...
browser	Run npm --prefix apps/web exec -- playwright install --with-deps chromium	2026-10-04T00:41:27.6735686Z Get:1 file:/etc/apt/apt-mirrors.txt Mirrorlist [144 B]
browser	Run npm --prefix apps/web exec -- playwright install --with-deps chromium	2026-10-04T00:41:27.7055458Z Hit:2 http://azure.archive.ubuntu.com/ubuntu resolute InRelease
browser	Run npm --prefix apps/web exec -- playwright install --with-deps chromium	2026-10-04T00:41:27.7064743Z Hit:3 http://azure.archive.ubuntu.com/ubuntu resolute-updates InRelease
browser	Run npm --prefix apps/web exec -- playwright install --with-deps chromium	2026-10-04T00:41:27.7075639Z Hit:4 http://azure.archive.ubuntu.com/ubuntu resolute-backports InRelease
browser	Run npm --prefix apps/web exec -- playwright install --with-deps chromium	2026-10-04T00:41:27.7098539Z Hit:5 http://azure.archive.ubuntu.com/ubuntu resolute-security InRelease
browser	Run npm --prefix apps/web exec -- playwright install --with-deps chromium	2026-10-04T00:41:27.7824608Z Hit:6 https://packages.microsoft.com/ubuntu/26.04/prod resolute InRelease
browser	Run npm --prefix apps/web exec -- playwright install --with-deps chromium	2026-10-04T00:41:28.5860887Z Reading package lists...
browser	Run npm --prefix apps/web exec -- playwright install --with-deps chromium	2026-10-04T00:41:28.6114763Z Reading package lists...
browser	Run npm --prefix apps/web exec -- playwright install --with-deps chromium	2026-10-04T00:41:28.7640816Z Building dependency tree...
browser	Run npm --prefix apps/web exec -- playwright install --with-deps chromium	2026-10-04T00:41:28.7648036Z Reading state information...
browser	Run npm --prefix apps/web exec -- playwright install --with-deps chromium	2026-10-04T00:41:28.7980379Z libasound2t64 is already the newest version (1.2.15.3-1ubuntu1.1).
browser	Run npm --prefix apps/web exec -- playwright install --with-deps chromium	2026-10-04T00:41:28.7981032Z libasound2t64 set to manually installed.
browser	Run npm --prefix apps/web exec -- playwright install --with-deps chromium	2026-10-04T00:41:28.7981631Z libatk-bridge2.0-0t64 is already the newest version (2.60.4-0ubuntu0.1).
browser	Run npm --prefix apps/web exec -- playwright install --with-deps chromium	2026-10-04T00:41:28.7982267Z libatk-bridge2.0-0t64 set to manually installed.
browser	Run npm --prefix apps/web exec -- playwright install --with-deps chromium	2026-10-04T00:41:28.7982837Z libatk1.0-0t64 is already the newest version (2.60.4-0ubuntu0.1).
browser	Run npm --prefix apps/web exec -- playwright install --with-deps chromium	2026-10-04T00:41:28.7983347Z libatk1.0-0t64 set to manually installed.
browser	Run npm --prefix apps/web exec -- playwright install --with-deps chromium	2026-10-04T00:41:28.7983883Z libatspi2.0-0t64 is already the newest version (2.60.4-0ubuntu0.1).
browser	Run npm --prefix apps/web exec -- playwright install --with-deps chromium	2026-10-04T00:41:28.7984429Z libatspi2.0-0t64 set to manually installed.
browser	Run npm --prefix apps/web exec -- playwright install --with-deps chromium	2026-10-04T00:41:28.7984894Z libcairo2 is already the newest version (1.18.4-3).
browser	Run npm --prefix apps/web exec -- playwright install --with-deps chromium	2026-10-04T00:41:28.7985394Z libcairo2 set to manually installed.
browser	Run npm --prefix apps/web exec -- playwright install --with-deps chromium	2026-10-04T00:41:28.7985850Z libcups2t64 is already the newest version (2.4.16-1ubuntu1.3).
browser	Run npm --prefix apps/web exec -- playwright install --with-deps chromium	2026-10-04T00:41:28.7986276Z libcups2t64 set to manually installed.
browser	Run npm --prefix apps/web exec -- playwright install --with-deps chromium	2026-10-04T00:41:28.7987098Z libdbus-1-3 is already the newest version (1.16.2-2ubuntu4).
browser	Run npm --prefix apps/web exec -- playwright install --with-deps chromium	2026-10-04T00:41:28.7987521Z libdbus-1-3 set to manually installed.
browser	Run npm --prefix apps/web exec -- playwright install --with-deps chromium	2026-10-04T00:41:28.7987907Z libdrm2 is already the newest version (2.4.131-1).
browser	Run npm --prefix apps/web exec -- playwright install --with-deps chromium	2026-10-04T00:41:28.7988287Z libdrm2 set to manually installed.
browser	Run npm --prefix apps/web exec -- playwright install --with-deps chromium	2026-10-04T00:41:28.7988683Z libgbm1 is already the newest version (26.0.8-1ubuntu0.3).
browser	Run npm --prefix apps/web exec -- playwright install --with-deps chromium	2026-10-04T00:41:28.7989077Z libgbm1 set to manually installed.
browser	Run npm --prefix apps/web exec -- playwright install --with-deps chromium	2026-10-04T00:41:28.7989513Z libglib2.0-0t64 is already the newest version (2.88.0-1ubuntu0.1).
browser	Run npm --prefix apps/web exec -- playwright install --with-deps chromium	2026-10-04T00:41:28.7989954Z libglib2.0-0t64 set to manually installed.
browser	Run npm --prefix apps/web exec -- playwright install --with-deps chromium	2026-10-04T00:41:28.7990390Z libnspr4 is already the newest version (2:4.38.2-1ubuntu1).
browser	Run npm --prefix apps/web exec -- playwright install --with-deps chromium	2026-10-04T00:41:28.7990789Z libnspr4 set to manually installed.
browser	Run npm --prefix apps/web exec -- playwright install --with-deps chromium	2026-10-04T00:41:28.7991190Z libnss3 is already the newest version (2:3.120-1ubuntu2.1).
browser	Run npm --prefix apps/web exec -- playwright install --with-deps chromium	2026-10-04T00:41:28.7991954Z libnss3 set to manually installed.
browser	Run npm --prefix apps/web exec -- playwright install --with-deps chromium	2026-10-04T00:41:28.7992380Z libpango-1.0-0 is already the newest version (1.57.0-1).
browser	Run npm --prefix apps/web exec -- playwright install --with-deps chromium	2026-10-04T00:41:28.7992783Z libpango-1.0-0 set to manually installed.
browser	Run npm --prefix apps/web exec -- playwright install --with-deps chromium	2026-10-04T00:41:28.7993175Z libx11-6 is already the newest version (2:1.8.13-1).
browser	Run npm --prefix apps/web exec -- playwright install --with-deps chromium	2026-10-04T00:41:28.7993538Z libx11-6 set to manually installed.
browser	Run npm --prefix apps/web exec -- playwright install --with-deps chromium	2026-10-04T00:41:28.7993919Z libxcb1 is already the newest version (1.17.0-2ubuntu1).
browser	Run npm --prefix apps/web exec -- playwright install --with-deps chromium	2026-10-04T00:41:28.7994562Z libxcb1 set to manually installed.
browser	Run npm --prefix apps/web exec -- playwright install --with-deps chromium	2026-10-04T00:41:28.7994985Z libxcomposite1 is already the newest version (1:0.4.6-1build1).
browser	Run npm --prefix apps/web exec -- playwright install --with-deps chromium	2026-10-04T00:41:28.7995414Z libxcomposite1 set to manually installed.
browser	Run npm --prefix apps/web exec -- playwright install --with-deps chromium	2026-10-04T00:41:28.7995816Z libxdamage1 is already the newest version (1:1.1.7-1).
browser	Run npm --prefix apps/web exec -- playwright install --with-deps chromium	2026-10-04T00:41:28.7996246Z libxdamage1 set to manually installed.
browser	Run npm --prefix apps/web exec -- playwright install --with-deps chromium	2026-10-04T00:41:28.7996779Z libxext6 is already the newest version (2:1.3.4-1build3).
browser	Run npm --prefix apps/web exec -- playwright install --with-deps chromium	2026-10-04T00:41:28.7997147Z libxext6 set to manually installed.
browser	Run npm --prefix apps/web exec -- playwright install --with-deps chromium	2026-10-04T00:41:28.7997527Z libxfixes3 is already the newest version (1:6.0.0-2build2).
browser	Run npm --prefix apps/web exec -- playwright install --with-deps chromium	2026-10-04T00:41:28.7997905Z libxfixes3 set to manually installed.
browser	Run npm --prefix apps/web exec -- playwright install --with-deps chromium	2026-10-04T00:41:28.7998272Z libxkbcommon0 is already the newest version (1.13.1-1).
browser	Run npm --prefix apps/web exec -- playwright install --with-deps chromium	2026-10-04T00:41:28.7998642Z libxkbcommon0 set to manually installed.
browser	Run npm --prefix apps/web exec -- playwright install --with-deps chromium	2026-10-04T00:41:28.7999042Z libxrandr2 is already the newest version (2:1.5.4-1build1).
browser	Run npm --prefix apps/web exec -- playwright install --with-deps chromium	2026-10-04T00:41:28.7999412Z libxrandr2 set to manually installed.
browser	Run npm --prefix apps/web exec -- playwright install --with-deps chromium	2026-10-04T00:41:28.7999796Z xvfb is already the newest version (2:21.1.22-1ubuntu1.2).
browser	Run npm --prefix apps/web exec -- playwright install --with-deps chromium	2026-10-04T00:41:28.8000283Z fonts-noto-color-emoji is already the newest version (2.051-1build1).
browser	Run npm --prefix apps/web exec -- playwright install --with-deps chromium	2026-10-04T00:41:28.8000793Z libfontconfig1 is already the newest version (2.17.1-3ubuntu1).
browser	Run npm --prefix apps/web exec -- playwright install --with-deps chromium	2026-10-04T00:41:28.8001195Z libfontconfig1 set to manually installed.
browser	Run npm --prefix apps/web exec -- playwright install --with-deps chromium	2026-10-04T00:41:28.8001631Z libfreetype6 is already the newest version (2.14.2+dfsg-1ubuntu0.1).
browser	Run npm --prefix apps/web exec -- playwright install --with-deps chromium	2026-10-04T00:41:28.8002044Z libfreetype6 set to manually installed.
browser	Run npm --prefix apps/web exec -- playwright install --with-deps chromium	2026-10-04T00:41:28.8002471Z fonts-liberation is already the newest version (1:2.1.5-3build1).
browser	Run npm --prefix apps/web exec -- playwright install --with-deps chromium	2026-10-04T00:41:28.8002900Z fonts-liberation set to manually installed.
browser	Run npm --prefix apps/web exec -- playwright install --with-deps chromium	2026-10-04T00:41:28.8510689Z Solving dependencies...
browser	Run npm --prefix apps/web exec -- playwright install --with-deps chromium	2026-10-04T00:41:28.9390850Z The following additional packages will be installed:
browser	Run npm --prefix apps/web exec -- playwright install --with-deps chromium	2026-10-04T00:41:28.9391575Z   xfonts-encodings xfonts-utils
browser	Run npm --prefix apps/web exec -- playwright install --with-deps chromium	2026-10-04T00:41:28.9397408Z Recommended packages:
browser	Run npm --prefix apps/web exec -- playwright install --with-deps chromium	2026-10-04T00:41:28.9397918Z   fonts-ipafont-mincho fonts-tlwg-loma
browser	Run npm --prefix apps/web exec -- playwright install --with-deps chromium	2026-10-04T00:41:28.9600165Z The following NEW packages will be installed:
browser	Run npm --prefix apps/web exec -- playwright install --with-deps chromium	2026-10-04T00:41:28.9601076Z   fonts-freefont-ttf fonts-ipafont-gothic fonts-tlwg-loma-otf fonts-unifont
browser	Run npm --prefix apps/web exec -- playwright install --with-deps chromium	2026-10-04T00:41:28.9611214Z   fonts-wqy-zenhei xfonts-cyrillic xfonts-encodings xfonts-scalable
browser	Run npm --prefix apps/web exec -- playwright install --with-deps chromium	2026-10-04T00:41:28.9611857Z   xfonts-utils
browser	Run npm --prefix apps/web exec -- playwright install --with-deps chromium	2026-10-04T00:41:28.9827083Z 0 upgraded, 9 newly installed, 0 to remove and 25 not upgraded.
browser	Run npm --prefix apps/web exec -- playwright install --with-deps chromium	2026-10-04T00:41:28.9827637Z Need to get 21.9 MB of archives.
browser	Run npm --prefix apps/web exec -- playwright install --with-deps chromium	2026-10-04T00:41:28.9828082Z After this operation, 80.2 MB of additional disk space will be used.
browser	Run npm --prefix apps/web exec -- playwright install --with-deps chromium	2026-10-04T00:41:28.9828619Z Get:1 file:/etc/apt/apt-mirrors.txt Mirrorlist [144 B]
browser	Run npm --prefix apps/web exec -- playwright install --with-deps chromium	2026-10-04T00:41:29.0837405Z Get:2 http://azure.archive.ubuntu.com/ubuntu resolute/universe amd64v3 fonts-ipafont-gothic all 00303-23ubuntu1 [3703 kB]
browser	Run npm --prefix apps/web exec -- playwright install --with-deps chromium	2026-10-04T00:41:29.2582228Z Get:3 http://azure.archive.ubuntu.com/ubuntu resolute/main amd64v3 fonts-freefont-ttf all 20211204+svn4273-4build1 [5656 kB]
browser	Run npm --prefix apps/web exec -- playwright install --with-deps chromium	2026-10-04T00:41:29.4833159Z Get:4 http://azure.archive.ubuntu.com/ubuntu resolute/universe amd64v3 fonts-tlwg-loma-otf all 1:0.7.3-1build1 [106 kB]
browser	Run npm --prefix apps/web exec -- playwright install --with-deps chromium	2026-10-04T00:41:29.5658084Z Get:5 http://azure.archive.ubuntu.com/ubuntu resolute/universe amd64v3 fonts-unifont all 1:16.0.04-1build1 [3169 kB]
browser	Run npm --prefix apps/web exec -- playwright install --with-deps chromium	2026-10-04T00:41:29.7274440Z Get:6 http://azure.archive.ubuntu.com/ubuntu resolute/universe amd64v3 fonts-wqy-zenhei all 0.9.45-8build1 [7863 kB]
browser	Run npm --prefix apps/web exec -- playwright install --with-deps chromium	2026-10-04T00:41:30.0162977Z Get:7 http://azure.archive.ubuntu.com/ubuntu resolute/main amd64v3 xfonts-encodings all 1:1.0.5-0ubuntu3 [576 kB]
browser	Run npm --prefix apps/web exec -- playwright install --with-deps chromium	2026-10-04T00:41:30.1105460Z Get:8 http://azure.archive.ubuntu.com/ubuntu resolute/main amd64v3 xfonts-utils amd64 1:7.7+7build1 [97.3 kB]
browser	Run npm --prefix apps/web exec -- playwright install --with-deps chromium	2026-10-04T00:41:30.1929002Z Get:9 http://azure.archive.ubuntu.com/ubuntu resolute/universe amd64v3 xfonts-cyrillic all 1:1.0.5+nmu1build1 [384 kB]
browser	Run npm --prefix apps/web exec -- playwright install --with-deps chromium	2026-10-04T00:41:30.2823759Z Get:10 http://azure.archive.ubuntu.com/ubuntu resolute/universe amd64v3 xfonts-scalable all 1:1.0.3-1.3build1 [304 kB]
browser	Run npm --prefix apps/web exec -- playwright install --with-deps chromium	2026-10-04T00:41:30.6029949Z Fetched 21.9 MB in 1s (16.6 MB/s)
browser	Run npm --prefix apps/web exec -- playwright install --with-deps chromium	2026-10-04T00:41:30.6387412Z Selecting previously unselected package fonts-ipafont-gothic.
browser	Run npm --prefix apps/web exec -- playwright install --with-deps chromium	2026-10-04T00:41:30.6692673Z (Reading database ... 
browser	Run npm --prefix apps/web exec -- playwright install --with-deps chromium	2026-10-04T00:41:30.6693317Z (Reading database ... 5%
browser	Run npm --prefix apps/web exec -- playwright install --with-deps chromium	2026-10-04T00:41:30.6693858Z (Reading database ... 10%
browser	Run npm --prefix apps/web exec -- playwright install --with-deps chromium	2026-10-04T00:41:30.6694399Z (Reading database ... 15%
browser	Run npm --prefix apps/web exec -- playwright install --with-deps chromium	2026-10-04T00:41:30.6694913Z (Reading database ... 20%
browser	Run npm --prefix apps/web exec -- playwright install --with-deps chromium	2026-10-04T00:41:30.6696060Z (Reading database ... 25%
browser	Run npm --prefix apps/web exec -- playwright install --with-deps chromium	2026-10-04T00:41:30.6697169Z (Reading database ... 30%
browser	Run npm --prefix apps/web exec -- playwright install --with-deps chromium	2026-10-04T00:41:30.6697888Z (Reading database ... 35%
browser	Run npm --prefix apps/web exec -- playwright install --with-deps chromium	2026-10-04T00:41:30.6698359Z (Reading database ... 40%
browser	Run npm --prefix apps/web exec -- playwright install --with-deps chromium	2026-10-04T00:41:30.6698893Z (Reading database ... 45%
browser	Run npm --prefix apps/web exec -- playwright install --with-deps chromium	2026-10-04T00:41:30.6699347Z (Reading database ... 50%
browser	Run npm --prefix apps/web exec -- playwright install --with-deps chromium	2026-10-04T00:41:30.7448706Z (Reading database ... 55%
browser	Run npm --prefix apps/web exec -- playwright install --with-deps chromium	2026-10-04T00:41:30.8929149Z (Reading database ... 60%
browser	Run npm --prefix apps/web exec -- playwright install --with-deps chromium	2026-10-04T00:41:31.0530940Z (Reading database ... 65%
browser	Run npm --prefix apps/web exec -- playwright install --with-deps chromium	2026-10-04T00:41:31.2573423Z (Reading database ... 70%
browser	Run npm --prefix apps/web exec -- playwright install --with-deps chromium	2026-10-04T00:41:31.4406923Z (Reading database ... 75%
browser	Run npm --prefix apps/web exec -- playwright install --with-deps chromium	2026-10-04T00:41:31.5489780Z (Reading database ... 80%
browser	Run npm --prefix apps/web exec -- playwright install --with-deps chromium	2026-10-04T00:41:31.6505333Z (Reading database ... 85%
browser	Run npm --prefix apps/web exec -- playwright install --with-deps chromium	2026-10-04T00:41:31.8057631Z (Reading database ... 90%
browser	Run npm --prefix apps/web exec -- playwright install --with-deps chromium	2026-10-04T00:41:31.9608407Z (Reading database ... 95%
browser	Run npm --prefix apps/web exec -- playwright install --with-deps chromium	2026-10-04T00:41:31.9609284Z (Reading database ... 100%
browser	Run npm --prefix apps/web exec -- playwright install --with-deps chromium	2026-10-04T00:41:31.9609965Z (Reading database ... 209820 files and directories currently installed.)
browser	Run npm --prefix apps/web exec -- playwright install --with-deps chromium	2026-10-04T00:41:31.9650519Z Preparing to unpack .../0-fonts-ipafont-gothic_00303-23ubuntu1_all.deb ...
browser	Run npm --prefix apps/web exec -- playwright install --with-deps chromium	2026-10-04T00:41:31.9753768Z Unpacking fonts-ipafont-gothic (00303-23ubuntu1) ...
browser	Run npm --prefix apps/web exec -- playwright install --with-deps chromium	2026-10-04T00:41:32.0419953Z Selecting previously unselected package fonts-freefont-ttf.
browser	Run npm --prefix apps/web exec -- playwright install --with-deps chromium	2026-10-04T00:41:32.0558248Z Preparing to unpack .../1-fonts-freefont-ttf_20211204+svn4273-4build1_all.deb ...
browser	Run npm --prefix apps/web exec -- playwright install --with-deps chromium	2026-10-04T00:41:32.0567082Z Unpacking fonts-freefont-ttf (20211204+svn4273-4build1) ...
browser	Run npm --prefix apps/web exec -- playwright install --with-deps chromium	2026-10-04T00:41:32.1385941Z Selecting previously unselected package fonts-tlwg-loma-otf.
browser	Run npm --prefix apps/web exec -- playwright install --with-deps chromium	2026-10-04T00:41:32.1521002Z Preparing to unpack .../2-fonts-tlwg-loma-otf_1%3a0.7.3-1build1_all.deb ...
browser	Run npm --prefix apps/web exec -- playwright install --with-deps chromium	2026-10-04T00:41:32.1527879Z Unpacking fonts-tlwg-loma-otf (1:0.7.3-1build1) ...
browser	Run npm --prefix apps/web exec -- playwright install --with-deps chromium	2026-10-04T00:41:32.1772728Z Selecting previously unselected package fonts-unifont.
browser	Run npm --prefix apps/web exec -- playwright install --with-deps chromium	2026-10-04T00:41:32.1908673Z Preparing to unpack .../3-fonts-unifont_1%3a16.0.04-1build1_all.deb ...
browser	Run npm --prefix apps/web exec -- playwright install --with-deps chromium	2026-10-04T00:41:32.1915429Z Unpacking fonts-unifont (1:16.0.04-1build1) ...
browser	Run npm --prefix apps/web exec -- playwright install --with-deps chromium	2026-10-04T00:41:32.2972161Z Selecting previously unselected package fonts-wqy-zenhei.
browser	Run npm --prefix apps/web exec -- playwright install --with-deps chromium	2026-10-04T00:41:32.3109178Z Preparing to unpack .../4-fonts-wqy-zenhei_0.9.45-8build1_all.deb ...
browser	Run npm --prefix apps/web exec -- playwright install --with-deps chromium	2026-10-04T00:41:32.3247427Z Unpacking fonts-wqy-zenhei (0.9.45-8build1) ...
browser	Run npm --prefix apps/web exec -- playwright install --with-deps chromium	2026-10-04T00:41:32.4117271Z Selecting previously unselected package xfonts-encodings.
browser	Run npm --prefix apps/web exec -- playwright install --with-deps chromium	2026-10-04T00:41:32.4252496Z Preparing to unpack .../5-xfonts-encodings_1%3a1.0.5-0ubuntu3_all.deb ...
browser	Run npm --prefix apps/web exec -- playwright install --with-deps chromium	2026-10-04T00:41:32.4259365Z Unpacking xfonts-encodings (1:1.0.5-0ubuntu3) ...
browser	Run npm --prefix apps/web exec -- playwright install --with-deps chromium	2026-10-04T00:41:32.4539472Z Selecting previously unselected package xfonts-utils.
browser	Run npm --prefix apps/web exec -- playwright install --with-deps chromium	2026-10-04T00:41:32.4675703Z Preparing to unpack .../6-xfonts-utils_1%3a7.7+7build1_amd64v3.deb ...
browser	Run npm --prefix apps/web exec -- playwright install --with-deps chromium	2026-10-04T00:41:32.4683366Z Unpacking xfonts-utils (1:7.7+7build1) ...
browser	Run npm --prefix apps/web exec -- playwright install --with-deps chromium	2026-10-04T00:41:32.5030415Z Selecting previously unselected package xfonts-cyrillic.
browser	Run npm --prefix apps/web exec -- playwright install --with-deps chromium	2026-10-04T00:41:32.5166953Z Preparing to unpack .../7-xfonts-cyrillic_1%3a1.0.5+nmu1build1_all.deb ...
browser	Run npm --prefix apps/web exec -- playwright install --with-deps chromium	2026-10-04T00:41:32.5173210Z Unpacking xfonts-cyrillic (1:1.0.5+nmu1build1) ...
browser	Run npm --prefix apps/web exec -- playwright install --with-deps chromium	2026-10-04T00:41:32.5500837Z Selecting previously unselected package xfonts-scalable.
browser	Run npm --prefix apps/web exec -- playwright install --with-deps chromium	2026-10-04T00:41:32.5638588Z Preparing to unpack .../8-xfonts-scalable_1%3a1.0.3-1.3build1_all.deb ...
browser	Run npm --prefix apps/web exec -- playwright install --with-deps chromium	2026-10-04T00:41:32.5645142Z Unpacking xfonts-scalable (1:1.0.3-1.3build1) ...
browser	Run npm --prefix apps/web exec -- playwright install --with-deps chromium	2026-10-04T00:41:32.6093332Z Setting up fonts-wqy-zenhei (0.9.45-8build1) ...
browser	Run npm --prefix apps/web exec -- playwright install --with-deps chromium	2026-10-04T00:41:32.6242345Z Setting up fonts-freefont-ttf (20211204+svn4273-4build1) ...
browser	Run npm --prefix apps/web exec -- playwright install --with-deps chromium	2026-10-04T00:41:32.6259771Z Setting up fonts-tlwg-loma-otf (1:0.7.3-1build1) ...
browser	Run npm --prefix apps/web exec -- playwright install --with-deps chromium	2026-10-04T00:41:32.6275282Z Setting up xfonts-encodings (1:1.0.5-0ubuntu3) ...
browser	Run npm --prefix apps/web exec -- playwright install --with-deps chromium	2026-10-04T00:41:32.6291295Z Setting up fonts-ipafont-gothic (00303-23ubuntu1) ...
browser	Run npm --prefix apps/web exec -- playwright install --with-deps chromium	2026-10-04T00:41:32.6352361Z update-alternatives: using /usr/share/fonts/opentype/ipafont-gothic/ipag.ttf to provide /usr/share/fonts/truetype/fonts-japanese-gothic.ttf (fonts-japanese-gothic.ttf) in auto mode
browser	Run npm --prefix apps/web exec -- playwright install --with-deps chromium	2026-10-04T00:41:32.6366742Z Setting up fonts-unifont (1:16.0.04-1build1) ...
browser	Run npm --prefix apps/web exec -- playwright install --with-deps chromium	2026-10-04T00:41:32.6383809Z Setting up xfonts-utils (1:7.7+7build1) ...
browser	Run npm --prefix apps/web exec -- playwright install --with-deps chromium	2026-10-04T00:41:32.6436423Z Setting up xfonts-cyrillic (1:1.0.5+nmu1build1) ...
browser	Run npm --prefix apps/web exec -- playwright install --with-deps chromium	2026-10-04T00:41:32.6868082Z Setting up xfonts-scalable (1:1.0.3-1.3build1) ...
browser	Run npm --prefix apps/web exec -- playwright install --with-deps chromium	2026-10-04T00:41:32.7278439Z Processing triggers for man-db (2.13.1-1build1) ...
browser	Run npm --prefix apps/web exec -- playwright install --with-deps chromium	2026-10-04T00:41:32.7300776Z Not building database; man-db/auto-update is not 'true'.
browser	Run npm --prefix apps/web exec -- playwright install --with-deps chromium	2026-10-04T00:41:32.7313460Z Processing triggers for fontconfig (2.17.1-3ubuntu1) ...
browser	Run npm --prefix apps/web exec -- playwright install --with-deps chromium	2026-10-04T00:41:33.4439032Z 
browser	Run npm --prefix apps/web exec -- playwright install --with-deps chromium	2026-10-04T00:41:33.4439833Z Running kernel seems to be up-to-date.
browser	Run npm --prefix apps/web exec -- playwright install --with-deps chromium	2026-10-04T00:41:33.4440124Z 
browser	Run npm --prefix apps/web exec -- playwright install --with-deps chromium	2026-10-04T00:41:33.4440267Z Restarting services...
browser	Run npm --prefix apps/web exec -- playwright install --with-deps chromium	2026-10-04T00:41:33.4535141Z 
browser	Run npm --prefix apps/web exec -- playwright install --with-deps chromium	2026-10-04T00:41:33.4535720Z Service restarts being deferred:
browser	Run npm --prefix apps/web exec -- playwright install --with-deps chromium	2026-10-04T00:41:33.4538255Z  systemctl restart hosted-compute-agent.service
browser	Run npm --prefix apps/web exec -- playwright install --with-deps chromium	2026-10-04T00:41:33.4538616Z 
browser	Run npm --prefix apps/web exec -- playwright install --with-deps chromium	2026-10-04T00:41:33.4539461Z No containers need to be restarted.
browser	Run npm --prefix apps/web exec -- playwright install --with-deps chromium	2026-10-04T00:41:33.4539805Z 
browser	Run npm --prefix apps/web exec -- playwright install --with-deps chromium	2026-10-04T00:41:33.4540379Z No user sessions are running outdated binaries.
browser	Run npm --prefix apps/web exec -- playwright install --with-deps chromium	2026-10-04T00:41:33.4540748Z 
browser	Run npm --prefix apps/web exec -- playwright install --with-deps chromium	2026-10-04T00:41:33.4541240Z No VM guests are running outdated hypervisor (qemu) binaries on this host.
browser	Run npm --prefix apps/web exec -- playwright install --with-deps chromium	2026-10-04T00:41:34.3711275Z Downloading Chrome for Testing 153.0.8010.12 (playwright chromium v1243) from https://cdn.playwright.dev/builds/cft/153.0.8010.12/linux64/chrome-linux64.zip
browser	Run npm --prefix apps/web exec -- playwright install --with-deps chromium	2026-10-04T00:41:34.7669668Z |                                                                                |   0% of 186.8 MiB
browser	Run npm --prefix apps/web exec -- playwright install --with-deps chromium	2026-10-04T00:41:35.3573370Z |■■■■■■■■                                                                        |  10% of 186.8 MiB
browser	Run npm --prefix apps/web exec -- playwright install --with-deps chromium	2026-10-04T00:41:36.0340187Z |■■■■■■■■■■■■■■■■                                                                |  20% of 186.8 MiB
browser	Run npm --prefix apps/web exec -- playwright install --with-deps chromium	2026-10-04T00:41:36.7764875Z |■■■■■■■■■■■■■■■■■■■■■■■■                                                        |  30% of 186.8 MiB
browser	Run npm --prefix apps/web exec -- playwright install --with-deps chromium	2026-10-04T00:41:37.5802699Z |■■■■■■■■■■■■■■■■■■■■■■■■■■■■■■■■                                                |  40% of 186.8 MiB
browser	Run npm --prefix apps/web exec -- playwright install --with-deps chromium	2026-10-04T00:41:38.4429244Z |■■■■■■■■■■■■■■■■■■■■■■■■■■■■■■■■■■■■■■■■                                        |  50% of 186.8 MiB
browser	Run npm --prefix apps/web exec -- playwright install --with-deps chromium	2026-10-04T00:41:39.2706267Z |■■■■■■■■■■■■■■■■■■■■■■■■■■■■■■■■■■■■■■■■■■■■■■■■                                |  60% of 186.8 MiB
browser	Run npm --prefix apps/web exec -- playwright install --with-deps chromium	2026-10-04T00:41:39.7175539Z |■■■■■■■■■■■■■■■■■■■■■■■■■■■■■■■■■■■■■■■■■■■■■■■■■■■■■■■■                        |  70% of 186.8 MiB
browser	Run npm --prefix apps/web exec -- playwright install --with-deps chromium	2026-10-04T00:41:40.4968195Z |■■■■■■■■■■■■■■■■■■■■■■■■■■■■■■■■■■■■■■■■■■■■■■■■■■■■■■■■■■■■■■■■                |  80% of 186.8 MiB
browser	Run npm --prefix apps/web exec -- playwright install --with-deps chromium	2026-10-04T00:41:41.2848793Z |■■■■■■■■■■■■■■■■■■■■■■■■■■■■■■■■■■■■■■■■■■■■■■■■■■■■■■■■■■■■■■■■■■■■■■■■        |  90% of 186.8 MiB
browser	Run npm --prefix apps/web exec -- playwright install --with-deps chromium	2026-10-04T00:41:42.0873783Z |■■■■■■■■■■■■■■■■■■■■■■■■■■■■■■■■■■■■■■■■■■■■■■■■■■■■■■■■■■■■■■■■■■■■■■■■■■■■■■■■| 100% of 186.8 MiB
browser	Run npm --prefix apps/web exec -- playwright install --with-deps chromium	2026-10-04T00:41:44.9758076Z Chrome for Testing 153.0.8010.12 (playwright chromium v1243) downloaded to $RUNNER_HOME/.cache/ms-playwright/chromium-1243
browser	Run npm --prefix apps/web exec -- playwright install --with-deps chromium	2026-10-04T00:41:44.9761273Z Downloading FFmpeg (playwright ffmpeg v1011) from https://cdn.playwright.dev/dbazure/download/playwright/builds/ffmpeg/1011/ffmpeg-linux.zip
browser	Run npm --prefix apps/web exec -- playwright install --with-deps chromium	2026-10-04T00:41:45.3453541Z |                                                                                |   0% of 2.3 MiB
browser	Run npm --prefix apps/web exec -- playwright install --with-deps chromium	2026-10-04T00:41:45.3486348Z |■■■■■■■■                                                                        |  10% of 2.3 MiB
browser	Run npm --prefix apps/web exec -- playwright install --with-deps chromium	2026-10-04T00:41:45.3507650Z |■■■■■■■■■■■■■■■■                                                                |  20% of 2.3 MiB
browser	Run npm --prefix apps/web exec -- playwright install --with-deps chromium	2026-10-04T00:41:45.3525870Z |■■■■■■■■■■■■■■■■■■■■■■■■                                                        |  30% of 2.3 MiB
browser	Run npm --prefix apps/web exec -- playwright install --with-deps chromium	2026-10-04T00:41:45.3539275Z |■■■■■■■■■■■■■■■■■■■■■■■■■■■■■■■■                                                |  40% of 2.3 MiB
browser	Run npm --prefix apps/web exec -- playwright install --with-deps chromium	2026-10-04T00:41:45.3552242Z |■■■■■■■■■■■■■■■■■■■■■■■■■■■■■■■■■■■■■■■■                                        |  50% of 2.3 MiB
browser	Run npm --prefix apps/web exec -- playwright install --with-deps chromium	2026-10-04T00:41:45.3563504Z |■■■■■■■■■■■■■■■■■■■■■■■■■■■■■■■■■■■■■■■■■■■■■■■■                                |  60% of 2.3 MiB
browser	Run npm --prefix apps/web exec -- playwright install --with-deps chromium	2026-10-04T00:41:45.3582464Z |■■■■■■■■■■■■■■■■■■■■■■■■■■■■■■■■■■■■■■■■■■■■■■■■■■■■■■■■                        |  70% of 2.3 MiB
browser	Run npm --prefix apps/web exec -- playwright install --with-deps chromium	2026-10-04T00:41:45.3594962Z |■■■■■■■■■■■■■■■■■■■■■■■■■■■■■■■■■■■■■■■■■■■■■■■■■■■■■■■■■■■■■■■■                |  80% of 2.3 MiB
browser	Run npm --prefix apps/web exec -- playwright install --with-deps chromium	2026-10-04T00:41:45.3610770Z |■■■■■■■■■■■■■■■■■■■■■■■■■■■■■■■■■■■■■■■■■■■■■■■■■■■■■■■■■■■■■■■■■■■■■■■■        |  90% of 2.3 MiB
browser	Run npm --prefix apps/web exec -- playwright install --with-deps chromium	2026-10-04T00:41:45.3621411Z |■■■■■■■■■■■■■■■■■■■■■■■■■■■■■■■■■■■■■■■■■■■■■■■■■■■■■■■■■■■■■■■■■■■■■■■■■■■■■■■■| 100% of 2.3 MiB
browser	Run npm --prefix apps/web exec -- playwright install --with-deps chromium	2026-10-04T00:41:45.4213618Z FFmpeg (playwright ffmpeg v1011) downloaded to $RUNNER_HOME/.cache/ms-playwright/ffmpeg-1011
browser	Run npm --prefix apps/web exec -- playwright install --with-deps chromium	2026-10-04T00:41:45.4219029Z Downloading Chrome Headless Shell 153.0.8010.12 (playwright chromium-headless-shell v1243) from https://cdn.playwright.dev/builds/cft/153.0.8010.12/linux64/chrome-headless-shell-linux64.zip
browser	Run npm --prefix apps/web exec -- playwright install --with-deps chromium	2026-10-04T00:41:45.8004637Z |                                                                                |   0% of 114.3 MiB
browser	Run npm --prefix apps/web exec -- playwright install --with-deps chromium	2026-10-04T00:41:45.9335602Z |■■■■■■■■                                                                        |  10% of 114.3 MiB
browser	Run npm --prefix apps/web exec -- playwright install --with-deps chromium	2026-10-04T00:41:46.0192167Z |■■■■■■■■■■■■■■■■                                                                |  20% of 114.3 MiB
browser	Run npm --prefix apps/web exec -- playwright install --with-deps chromium	2026-10-04T00:41:46.0795941Z |■■■■■■■■■■■■■■■■■■■■■■■■                                                        |  30% of 114.3 MiB
browser	Run npm --prefix apps/web exec -- playwright install --with-deps chromium	2026-10-04T00:41:46.1346922Z |■■■■■■■■■■■■■■■■■■■■■■■■■■■■■■■■                                                |  40% of 114.3 MiB
browser	Run npm --prefix apps/web exec -- playwright install --with-deps chromium	2026-10-04T00:41:46.1929534Z |■■■■■■■■■■■■■■■■■■■■■■■■■■■■■■■■■■■■■■■■                                        |  50% of 114.3 MiB
browser	Run npm --prefix apps/web exec -- playwright install --with-deps chromium	2026-10-04T00:41:46.2352687Z |■■■■■■■■■■■■■■■■■■■■■■■■■■■■■■■■■■■■■■■■■■■■■■■■                                |  60% of 114.3 MiB
browser	Run npm --prefix apps/web exec -- playwright install --with-deps chromium	2026-10-04T00:41:46.2976802Z |■■■■■■■■■■■■■■■■■■■■■■■■■■■■■■■■■■■■■■■■■■■■■■■■■■■■■■■■                        |  70% of 114.3 MiB
browser	Run npm --prefix apps/web exec -- playwright install --with-deps chromium	2026-10-04T00:41:46.3393841Z |■■■■■■■■■■■■■■■■■■■■■■■■■■■■■■■■■■■■■■■■■■■■■■■■■■■■■■■■■■■■■■■■                |  80% of 114.3 MiB
browser	Run npm --prefix apps/web exec -- playwright install --with-deps chromium	2026-10-04T00:41:46.3772118Z |■■■■■■■■■■■■■■■■■■■■■■■■■■■■■■■■■■■■■■■■■■■■■■■■■■■■■■■■■■■■■■■■■■■■■■■■        |  90% of 114.3 MiB
browser	Run npm --prefix apps/web exec -- playwright install --with-deps chromium	2026-10-04T00:41:46.4315064Z |■■■■■■■■■■■■■■■■■■■■■■■■■■■■■■■■■■■■■■■■■■■■■■■■■■■■■■■■■■■■■■■■■■■■■■■■■■■■■■■■| 100% of 114.3 MiB
browser	Run npm --prefix apps/web exec -- playwright install --with-deps chromium	2026-10-04T00:41:48.7560327Z Chrome Headless Shell 153.0.8010.12 (playwright chromium-headless-shell v1243) downloaded to $RUNNER_HOME/.cache/ms-playwright/chromium_headless_shell-1243
browser	Run make build	﻿2026-10-04T00:41:48.7993237Z ##[group]Run make build
browser	Run make build	2026-10-04T00:41:48.7993745Z [36;1mmake build[0m
browser	Run make build	2026-10-04T00:41:48.8068053Z shell: /usr/bin/bash -e {0}
browser	Run make build	2026-10-04T00:41:48.8068324Z env:
browser	Run make build	2026-10-04T00:41:48.8068602Z   pythonLocation: /opt/hostedtoolcache/Python/3.12.13/x64
browser	Run make build	2026-10-04T00:41:48.8069075Z   PKG_CONFIG_PATH: /opt/hostedtoolcache/Python/3.12.13/x64/lib/pkgconfig
browser	Run make build	2026-10-04T00:41:48.8069515Z   Python_ROOT_DIR: /opt/hostedtoolcache/Python/3.12.13/x64
browser	Run make build	2026-10-04T00:41:48.8069897Z   Python2_ROOT_DIR: /opt/hostedtoolcache/Python/3.12.13/x64
browser	Run make build	2026-10-04T00:41:48.8070287Z   Python3_ROOT_DIR: /opt/hostedtoolcache/Python/3.12.13/x64
browser	Run make build	2026-10-04T00:41:48.8070679Z   LD_LIBRARY_PATH: /opt/hostedtoolcache/Python/3.12.13/x64/lib
browser	Run make build	2026-10-04T00:41:48.8071001Z ##[endgroup]
browser	Run make build	2026-10-04T00:41:48.8190738Z bash scripts/node.sh npm --prefix apps/web run build
browser	Run make build	2026-10-04T00:41:48.9299198Z 
browser	Run make build	2026-10-04T00:41:48.9299883Z > @learning-workbench/web@0.1.0 build
browser	Run make build	2026-10-04T00:41:48.9300516Z > tsc --noEmit && vite build
browser	Run make build	2026-10-04T00:41:48.9300793Z 
browser	Run make build	2026-10-04T00:41:51.3718792Z [36mvite v8.3.0 [32mbuilding client environment for production...[36m[39m
browser	Run make build	2026-10-04T00:41:51.3875717Z transforming...
browser	Run make build	2026-10-04T00:41:51.8173356Z ✓ 850 modules transformed.
browser	Run make build	2026-10-04T00:41:52.0335924Z rendering chunks...
browser	Run make build	2026-10-04T00:41:52.3627960Z computing gzip size...
browser	Run make build	2026-10-04T00:41:52.4089937Z dist/index.html                       0.41 kB │ gzip:     0.32 kB
browser	Run make build	2026-10-04T00:41:52.4091257Z dist/assets/index-BBlxtG9-.css       46.39 kB │ gzip:     9.33 kB
browser	Run make build	2026-10-04T00:41:52.4092533Z dist/assets/index-r4a3weYI.js     2,184.74 kB │ gzip:   544.75 kB
browser	Run make build	2026-10-04T00:41:52.4093761Z dist/assets/Markdown-CtkI-lri.js  2,939.32 kB │ gzip: 1,098.70 kB
browser	Run make build	2026-10-04T00:41:52.4094441Z 
browser	Run make build	2026-10-04T00:41:52.4102858Z [33m[plugin builtin:vite-reporter] 
browser	Run make build	2026-10-04T00:41:52.4103589Z [32m✓ built in 1.04s[39m
browser	Run make build	2026-10-04T00:41:52.4104157Z (!) Some chunks are larger than 500 kB after minification. Consider:
browser	Run make build	2026-10-04T00:41:52.4104749Z - Using dynamic import() to code-split the application
browser	Run make build	2026-10-04T00:41:52.4105859Z - Use build.rolldownOptions.output.codeSplitting to improve chunking: https://rolldown.rs/reference/OutputOptions.codeSplitting
browser	Run make build	2026-10-04T00:41:52.4107055Z - Adjust chunk size limit for this warning via build.chunkSizeWarningLimit.[39m
browser	Run make test-e2e	﻿2026-10-04T00:41:52.4448357Z ##[group]Run make test-e2e
browser	Run make test-e2e	2026-10-04T00:41:52.4448890Z [36;1mmake test-e2e[0m
browser	Run make test-e2e	2026-10-04T00:41:52.4506940Z shell: /usr/bin/bash -e {0}
browser	Run make test-e2e	2026-10-04T00:41:52.4507219Z env:
browser	Run make test-e2e	2026-10-04T00:41:52.4507493Z   pythonLocation: /opt/hostedtoolcache/Python/3.12.13/x64
browser	Run make test-e2e	2026-10-04T00:41:52.4507939Z   PKG_CONFIG_PATH: /opt/hostedtoolcache/Python/3.12.13/x64/lib/pkgconfig
browser	Run make test-e2e	2026-10-04T00:41:52.4508390Z   Python_ROOT_DIR: /opt/hostedtoolcache/Python/3.12.13/x64
browser	Run make test-e2e	2026-10-04T00:41:52.4508783Z   Python2_ROOT_DIR: /opt/hostedtoolcache/Python/3.12.13/x64
browser	Run make test-e2e	2026-10-04T00:41:52.4509168Z   Python3_ROOT_DIR: /opt/hostedtoolcache/Python/3.12.13/x64
browser	Run make test-e2e	2026-10-04T00:41:52.4509563Z   LD_LIBRARY_PATH: /opt/hostedtoolcache/Python/3.12.13/x64/lib
browser	Run make test-e2e	2026-10-04T00:41:52.4510254Z   LEARNING_E2E_OUTPUT_DIR: $RUNNER_HOME/work/_temp/learning-workbench-e2e-results
browser	Run make test-e2e	2026-10-04T00:41:52.4510657Z ##[endgroup]
browser	Run make test-e2e	2026-10-04T00:41:52.4602627Z bash scripts/node.sh npm --prefix apps/web run test:e2e
browser	Run make test-e2e	2026-10-04T00:41:52.5788184Z 
browser	Run make test-e2e	2026-10-04T00:41:52.5788643Z > @learning-workbench/web@0.1.0 test:e2e
browser	Run make test-e2e	2026-10-04T00:41:52.5789542Z > playwright test --config ../../tests/e2e/playwright.config.ts
browser	Run make test-e2e	2026-10-04T00:41:52.5790014Z 
browser	Run make test-e2e	2026-10-04T00:41:55.7056425Z [WebServer] INFO:     Started server process [3188]
browser	Run make test-e2e	2026-10-04T00:41:55.7057674Z [WebServer] INFO:     Waiting for application startup.
browser	Run make test-e2e	2026-10-04T00:41:55.8770240Z [WebServer] INFO:     Application startup complete.
browser	Run make test-e2e	2026-10-04T00:41:55.8773204Z [WebServer] INFO:     Uvicorn running on http://127.0.0.1:8765 (Press CTRL+C to quit)
browser	Run make test-e2e	2026-10-04T00:41:59.0721209Z 
browser	Run make test-e2e	2026-10-04T00:41:59.0721890Z Running 130 tests using 1 worker
browser	Run make test-e2e	2026-10-04T00:41:59.0722265Z 
browser	Run make test-e2e	2026-10-04T00:42:39.7572778Z   ✓    1 ../../tests/e2e/assessment-restart.spec.ts:43:1 › same assessment instance rejects forged course and assessment hashes while its independent policy remains active (40.2s)
browser	Run make test-e2e	2026-10-04T00:43:08.8745900Z   ✓    2 ../../tests/e2e/assessment-restart.spec.ts:112:1 › actual browser and API restarts retain independent drafts and keep old solution receipts protected after submission (29.1s)
browser	Run make test-e2e	2026-10-04T00:43:22.4732141Z   ✓    3 ../../tests/e2e/assessment-submit.spec.ts:7:1 › a pending real submission remains unsubmitted until its exact acknowledgement, then exposes only the actual grading result (13.6s)
browser	Run make test-e2e	2026-10-04T00:43:38.6934652Z   ✓    4 ../../tests/e2e/assessments.spec.ts:41:1 › real unreviewed independent assessment saves five types and submits without fabricated grades or answer calls (16.2s)
browser	Run make test-e2e	2026-10-04T00:43:56.8227314Z   ✓    5 ../../tests/e2e/assessments.spec.ts:90:1 › open-book and assisted freeze actual policies; explicit abandon retains saved answers and yields no score (18.1s)
browser	Run make test-e2e	2026-10-04T00:44:13.7143430Z   ✓    6 ../../tests/e2e/assessments.spec.ts:109:1 › two profiles retain a real server CAS conflict with three-way comparison and reject forged same-identity parent (16.6s)
browser	Run make test-e2e	2026-10-04T00:44:23.2932771Z   ✓    7 ../../tests/e2e/assessments.spec.ts:138:1 › missing private binding visibly blocks start instead of fabricating a usable test (9.6s)
browser	Run make test-e2e	2026-10-04T00:44:46.9864520Z   ✓    8 ../../tests/e2e/assessments.spec.ts:145:1 › two pages preserve independent local CAS candidates; a later submitted snapshot never accepts restored edits (23.7s)
browser	Run make test-e2e	2026-10-04T00:45:03.6067754Z   ✓    9 ../../tests/e2e/assessments.spec.ts:251:1 › late redacted Workbench save uses its original ETag and retains hidden selection after explicit three-way choice (16.6s)
browser	Run make test-e2e	2026-10-04T00:45:21.2885259Z   ✓   10 ../../tests/e2e/assessments.spec.ts:295:1 › a genuine solution response held in flight cannot appear after another page starts an open-book assessment (17.7s)
browser	Run make test-e2e	2026-10-04T00:45:31.5520864Z   ✓   11 ../../tests/e2e/authoring-diagnostic.spec.ts:6:1 › Authoring diagnostic preserves the original ten-second click error and excludes late deliveries and private text (10.2s)
browser	Run make test-e2e	2026-10-04T00:45:32.1141889Z   ✓   12 ../../tests/e2e/authoring-diagnostic.spec.ts:38:1 › actual requests retain separate identities and distinguish response headers from body completion at the freeze (526ms)
browser	Run make test-e2e	2026-10-04T00:45:32.3832475Z Authoring prepare diagnostic incomplete; original assertion verdict is unchanged.
browser	Run make test-e2e	2026-10-04T00:45:32.4450674Z Authoring prepare diagnostic incomplete; original assertion verdict is unchanged.
browser	Run make test-e2e	2026-10-04T00:45:32.5449869Z   ✓   13 ../../tests/e2e/authoring-diagnostic.spec.ts:78:1 › diagnostic storage failure preserves both a successful assertion and the exact original failure (414ms)
browser	Run make test-e2e	2026-10-04T00:46:04.2711591Z   ✓   14 ../../tests/e2e/authoring-groups.spec.ts:238:1 › native lesson group preserves its plan and formulas, then separately declines and executes one exact numeric member (31.7s)
browser	Run make test-e2e	2026-10-04T00:46:28.1422089Z   ✓   15 ../../tests/e2e/authoring-groups.spec.ts:297:1 › native practice group replays its lost prepare ACK with one key and clears explicitly read private answers after permission changes (23.9s)
browser	Run make test-e2e	2026-10-04T00:47:03.7712688Z   ✓   16 ../../tests/e2e/authoring-groups.spec.ts:355:1 › native assessment group keeps explicit modes and time, checks its exact private numeric plan, and cancels a separate unconsented job under a permission lock (35.6s)
browser	Run make test-e2e	2026-10-04T00:47:12.3719103Z   ✓   17 ../../tests/e2e/authoring.spec.ts:7:1 › actual Authoring preparation diagnoses missing proof without dispatch and learner can recover safe cancellation (8.6s)
browser	Run make test-e2e	2026-10-04T00:47:34.5627013Z   ✓   18 ../../tests/e2e/authoring.spec.ts:37:1 › explicit same-Job loopback grant creates a draft and numeric preview needs its own decision (22.2s)
browser	Run make test-e2e	2026-10-04T00:47:42.9325760Z   ✓   19 ../../tests/e2e/block-version-compare.spec.ts:5:1 › actual historical block r1/r2 comparison is read-only and remains contained at desktop and narrow widths (8.3s)
browser	Run make test-e2e	2026-10-04T00:48:02.0589592Z   ✓   20 ../../tests/e2e/codex-bootstrap.spec.ts:91:1 › actual local bootstrap keeps explicit approval, original commands and current metadata across restart (19.1s)
browser	Run make test-e2e	2026-10-04T00:48:14.5312857Z   ✓   21 ../../tests/e2e/codex-capabilities.spec.ts:6:1 › actual Codex capability read is explicit, scoped and restored through a new API process (12.5s)
browser	Run make test-e2e	2026-10-04T00:48:59.5139693Z   ✓   22 ../../tests/e2e/content-impacts.spec.ts:28:1 › native edit publication discovers actual impacts and preserves human decisions through CAS, lost reply, IDB failure, access changes, stable pages and restart (45.0s)
browser	Run make test-e2e	2026-10-04T00:49:46.4819471Z   ✓   23 ../../tests/e2e/content-impacts.spec.ts:98:1 › native unsubmitted Content judgment survives role cycles with original basis and explicit close discard (47.0s)
browser	Run make test-e2e	2026-10-04T00:50:14.7896434Z   ✓   24 ../../tests/e2e/content-restore.spec.ts:86:1 › native historical proof restores through its own candidate, fresh human Review, lost ACK/IDB/role recovery and restart without changing parent pins (28.3s)
browser	Run make test-e2e	2026-10-04T00:50:29.9741898Z   ✓   25 ../../tests/e2e/content-restore.spec.ts:157:1 › unsubmitted Restore reason survives a role cycle and explicit fresh read without creating a draft (15.2s)
browser	Run make test-e2e	2026-10-04T00:50:47.0058306Z   ✓   26 ../../tests/e2e/content-restore.spec.ts:207:1 › actual current publication race returns 412 without rebasing the already prepared Restore UI candidate (17.0s)
browser	Run make test-e2e	2026-10-04T00:51:03.5627444Z   ✓   27 ../../tests/e2e/dialog-form-guard.spec.ts:6:1 › native rendered Content form is guarded before passive state propagation (16.5s)
browser	Run make test-e2e	2026-10-04T00:51:19.6832953Z   ✓   28 ../../tests/e2e/dialog-pointer.spec.ts:6:1 › native dialog keeps a content gesture through layout change and still accepts explicit closing (16.1s)
browser	Run make test-e2e	2026-10-04T00:51:27.1289658Z 
browser	Run make test-e2e	2026-10-04T00:51:27.1291879Z   ✓   29 ../../tests/e2e/document-imports.spec.ts:87:1 › real two-page PDF keeps exact page citations, guarded original bytes and explicit fidelity approval (7.4s)
browser	Run make test-e2e	2026-10-04T00:51:33.8400824Z 
browser	Run make test-e2e	2026-10-04T00:51:33.8458717Z   ✓   30 ../../tests/e2e/document-imports.spec.ts:127:1 › real DOCX safe text stays readable for learner while original bytes require an explicit author role (6.7s)
browser	Run make test-e2e	2026-10-04T00:51:40.7726755Z 
browser	Run make test-e2e	2026-10-04T00:51:40.7754002Z   ✓   31 ../../tests/e2e/document-imports.spec.ts:202:1 › a real scanned PDF fails without invented text or OCR and its local original is checked explicitly after reload (6.9s)
browser	Run make test-e2e	2026-10-04T00:51:46.8547980Z 
browser	Run make test-e2e	2026-10-04T00:51:46.8579492Z   ✓   32 ../../tests/e2e/document-imports.spec.ts:236:3 › real encrypted.pdf extraction failure remains blocked and preserves its original hash (6.1s)
browser	Run make test-e2e	2026-10-04T00:51:52.4666856Z 
browser	Run make test-e2e	2026-10-04T00:51:52.4699081Z   ✓   33 ../../tests/e2e/document-imports.spec.ts:236:3 › real malformed.docx extraction failure remains blocked and preserves its original hash (5.6s)
browser	Run make test-e2e	2026-10-04T00:52:26.9615571Z   ✓   34 ../../tests/e2e/draft-editor.spec.ts:54:1 › real editor retains IndexedDB originals through competing tabs, 412 resolution, lost ACK, browser and API restart (34.5s)
browser	Run make test-e2e	2026-10-04T00:52:40.7643218Z   ✓   35 ../../tests/e2e/draft-publication.spec.ts:7:1 › real synthetic Import text block receives explicit human decisions, survives lost publish ACK and reads actual current independently (13.8s)
browser	Run make test-e2e	2026-10-04T00:52:54.3029505Z   ✓   36 ../../tests/e2e/draft-review.spec.ts:17:1 › real imported candidate review keeps original ACK, authenticated report bytes and explicit rejected decision across reload (13.5s)
browser	Run make test-e2e	2026-10-04T00:53:20.0718798Z   ✓   37 ../../tests/e2e/edit-publication.spec.ts:42:1 › native saved edit enters Review, explicit synthetic decisions publish base+1, preserve parent pins, original ACK and restart recovery (25.8s)
browser	Run make test-e2e	2026-10-04T00:53:39.8729505Z $RUNNER_HOME/work/Learning_Workbench/Learning_Workbench/.venv/lib/python3.12/site-packages/fastapi/testclient.py:1: StarletteDeprecationWarning: Using `httpx` with `starlette.testclient` is deprecated; install `httpx2` instead.
browser	Run make test-e2e	2026-10-04T00:53:39.8737480Z   from starlette.testclient import TestClient as TestClient  # noqa
browser	Run make test-e2e	2026-10-04T00:53:59.5253308Z $RUNNER_HOME/work/Learning_Workbench/Learning_Workbench/.venv/lib/python3.12/site-packages/fastapi/testclient.py:1: StarletteDeprecationWarning: Using `httpx` with `starlette.testclient` is deprecated; install `httpx2` instead.
browser	Run make test-e2e	2026-10-04T00:53:59.5255552Z   from starlette.testclient import TestClient as TestClient  # noqa
browser	Run make test-e2e	2026-10-04T00:54:07.4840007Z $RUNNER_HOME/work/Learning_Workbench/Learning_Workbench/.venv/lib/python3.12/site-packages/fastapi/testclient.py:1: StarletteDeprecationWarning: Using `httpx` with `starlette.testclient` is deprecated; install `httpx2` instead.
browser	Run make test-e2e	2026-10-04T00:54:07.4843321Z   from starlette.testclient import TestClient as TestClient  # noqa
browser	Run make test-e2e	2026-10-04T00:54:12.9558178Z $RUNNER_HOME/work/Learning_Workbench/Learning_Workbench/.venv/lib/python3.12/site-packages/fastapi/testclient.py:1: StarletteDeprecationWarning: Using `httpx` with `starlette.testclient` is deprecated; install `httpx2` instead.
browser	Run make test-e2e	2026-10-04T00:54:12.9560595Z   from starlette.testclient import TestClient as TestClient  # noqa
browser	Run make test-e2e	2026-10-04T00:54:13.7563851Z   ✓   38 ../../tests/e2e/evidence-applicability.spec.ts:41:1 › native original evidence: two real events, two-page CAS, lost ACK, actual IDB abort, role isolation, correction and restart preserve grade/private pins (53.7s)
browser	Run make test-e2e	2026-10-04T00:54:34.1499812Z   ✓   39 ../../tests/e2e/grading-recovery.spec.ts:57:1 › a real failed regrade survives reload and can recover from the last actual grade without losing the old submission (20.4s)
browser	Run make test-e2e	2026-10-04T00:55:00.1718345Z   ✓   40 ../../tests/e2e/grading-restart.spec.ts:50:1 › real browser and API restarts preserve the submitted answers, signed review and both grading revisions (26.0s)
browser	Run make test-e2e	2026-10-04T00:55:21.3255714Z   ✓   41 ../../tests/e2e/grading.spec.ts:34:1 › unreviewed original content stays null until an explicit author form creates a signed new grade without altering its reference approval (21.1s)
browser	Run make test-e2e	2026-10-04T00:55:46.4650563Z   ✓   42 ../../tests/e2e/grading.spec.ts:66:1 › two browser profiles keep a stale manual-review baseline through an actual 412 before explicit three-way rebase (25.1s)
browser	Run make test-e2e	2026-10-04T00:56:03.2365370Z   ✓   43 ../../tests/e2e/grading.spec.ts:81:1 › a failed manual request preserves its durable exact command and editable author draft after browser reload (16.8s)
browser	Run make test-e2e	2026-10-04T00:56:06.6608916Z   ✓   44 ../../tests/e2e/import-admission.spec.ts:8:1 › import admission waits for real Policy after UI saved and never replays a rejected click (3.4s)
browser	Run make test-e2e	2026-10-04T00:56:22.1627307Z   ✓   45 ../../tests/e2e/import-admission.spec.ts:65:1 › real independent Policy preserves an open import selection and restores only explicit admission (15.5s)
browser	Run make test-e2e	2026-10-04T00:56:33.1943770Z   ✓   46 ../../tests/e2e/import-command-admission.spec.ts:17:1 › command import remains disabled while Policy is unknown after UI saved and original import helper works only after explicit admission (11.0s)
browser	Run make test-e2e	2026-10-04T00:56:45.8589902Z   ✓   47 ../../tests/e2e/import-command-admission.spec.ts:60:1 › command import keeps the actual independent attempt restriction and needs another explicit click after abandon (12.7s)
browser	Run make test-e2e	2026-10-04T00:57:02.4993060Z   ✓   48 ../../tests/e2e/imports-policy.spec.ts:11:1 › an open author import retains its task across independent start and submit but rechecks pending-answer protection before restoring content (16.6s)
browser	Run make test-e2e	2026-10-04T00:57:11.3772537Z   ✓   49 ../../tests/e2e/imports-policy.spec.ts:61:1 › a reselected failed original survives a role-policy pause in memory while decoded text must be checked again (8.9s)
browser	Run make test-e2e	2026-10-04T00:57:18.2263336Z   ✓   50 ../../tests/e2e/imports.spec.ts:111:1 › real Markdown upload stays staged, previews and downloads exact bytes, restores and commits exact course refs (6.8s)
browser	Run make test-e2e	2026-10-04T00:57:23.3399354Z   ✓   51 ../../tests/e2e/imports.spec.ts:190:1 › safe HTML warning requires explicit acceptance and native cancel leaves courses untouched (5.1s)
browser	Run make test-e2e	2026-10-04T00:57:30.2823130Z   ✓   52 ../../tests/e2e/imports.spec.ts:218:1 › UTF-8 text can target a real existing course and creates a newer exact revision (6.9s)
browser	Run make test-e2e	2026-10-04T00:57:34.5782918Z   ✓   53 ../../tests/e2e/imports.spec.ts:234:1 › upload request failure keeps the selected file; preview failure keeps the recovery ID and explicit retry works (4.3s)
browser	Run make test-e2e	2026-10-04T00:57:42.3177399Z 
browser	Run make test-e2e	2026-10-04T00:57:42.3218358Z   ✓   54 ../../tests/e2e/imports.spec.ts:254:1 › author package requires explicit role change and clears the private preview after returning to learner (7.7s)
browser	Run make test-e2e	2026-10-04T00:57:47.1368846Z   ✓   55 ../../tests/e2e/imports.spec.ts:290:1 › a real invalid UTF-8 parse shows a blocking error and cannot be confirmed (4.8s)
browser	Run make test-e2e	2026-10-04T00:57:55.3237130Z 
browser	Run make test-e2e	2026-10-04T00:57:55.3293919Z   ✓   56 ../../tests/e2e/imports.spec.ts:311:1 › local encoding choice preserves the failed original and creates a separately confirmed UTF-8 import (8.2s)
browser	Run make test-e2e	2026-10-04T00:58:02.7737161Z 
browser	Run make test-e2e	2026-10-04T00:58:02.7778853Z   ✓   57 ../../tests/e2e/imports.spec.ts:379:1 › deferred author preview and original responses cannot restore content after the role is lowered (7.4s)
browser	Run make test-e2e	2026-10-04T00:58:28.5920918Z   ✓   58 ../../tests/e2e/learning-state-restart.spec.ts:47:1 › actual browser and API restarts preserve profile candidates, exact route overrides and original reading sources (25.8s)
browser	Run make test-e2e	2026-10-04T00:58:39.3895336Z   ✓   59 ../../tests/e2e/learning-state.spec.ts:12:1 › real self-report persists a lost-ACK command once and never creates independent evidence (10.8s)
browser	Run make test-e2e	2026-10-04T00:58:56.9235742Z   ✓   60 ../../tests/e2e/learning-state.spec.ts:30:1 › actual unreviewed submission stays excluded and its precise sources disappear when another page starts independent work (17.5s)
browser	Run make test-e2e	2026-10-04T00:59:04.4181153Z   ✓   61 ../../tests/e2e/learning-state.spec.ts:45:1 › a quota-failed profile remains mounted when a global command tries to leave it (7.5s)
browser	Run make test-e2e	2026-10-04T00:59:12.1738771Z   ✓   62 ../../tests/e2e/local-task-document.spec.ts:10:1 › native offline task download contains four inputs, keeps the close guard and rejects revoked author access (7.7s)
browser	Run make test-e2e	2026-10-04T00:59:21.5436397Z   ✓   63 ../../tests/e2e/local-task-document.spec.ts:75:1 › native downloaded requirements enter ordinary Import as unreviewed source-hashed preview only (9.4s)
browser	Run make test-e2e	2026-10-04T00:59:46.1022633Z   ✓   64 ../../tests/e2e/note-reanchor-publication.spec.ts:28:1 › actual UI edit publication stales the original Note, explicit new-source reanchor and old-scope rebuild preserve historical bytes and parent pins (24.5s)
browser	Run make test-e2e	2026-10-04T00:59:58.6878792Z   ✓   65 ../../tests/e2e/notes-lifecycle.spec.ts:32:1 › a concurrent note move to another block remains recoverable by stable note ID after a real 412 (12.6s)
browser	Run make test-e2e	2026-10-04T01:00:09.8264433Z   ✓   66 ../../tests/e2e/notes-lifecycle.spec.ts:64:1 › soft deleting a server note preserves its unsynced local continuation for explicit recovery (11.1s)
browser	Run make test-e2e	2026-10-04T01:00:24.0280864Z   ✓   67 ../../tests/e2e/practice-restart.spec.ts:20:1 › same practice tab identity rejects changed frozen parent or child hashes and preserves the original session (14.2s)
browser	Run make test-e2e	2026-10-04T01:00:45.1430448Z   ✓   68 ../../tests/e2e/practice-restart.spec.ts:66:1 › actual browser close and API restart retain practice identity, exposure and an unsynced local response (21.1s)
browser	Run make test-e2e	2026-10-04T01:01:00.2787150Z   ✓   69 ../../tests/e2e/practice.spec.ts:26:1 › five real question kinds save and refresh; hints and solutions require explicit exposure; submit is ungraded (15.1s)
browser	Run make test-e2e	2026-10-04T01:01:13.7391080Z   ✓   70 ../../tests/e2e/practice.spec.ts:87:1 › offline recovery keeps the local candidate when session GET was also unavailable and reconnect compares its base (13.4s)
browser	Run make test-e2e	2026-10-04T01:01:27.8399247Z   ✓   71 ../../tests/e2e/practice.spec.ts:113:1 › two real browser profiles produce a server CAS conflict with base local and remote before explicit choice (14.1s)
browser	Run make test-e2e	2026-10-04T01:01:37.8049021Z   ✓   72 ../../tests/e2e/practice.spec.ts:138:1 › missing private solution fails closed and a forged same-identity parent never replaces the existing practice tab (9.9s)
browser	Run make test-e2e	2026-10-04T01:01:54.4654326Z   ✓   73 ../../tests/e2e/practice.spec.ts:159:1 › two pages keep their durable local candidates and closing an unsynced practice requires explicit retention (16.6s)
browser	Run make test-e2e	2026-10-04T01:02:03.3436923Z   ✓   74 ../../tests/e2e/provider-settings.spec.ts:53:1 › real settings persist control configuration and temporary secrets without claiming production generation (8.8s)
browser	Run make test-e2e	2026-10-04T01:02:16.7454229Z   ✓   75 ../../tests/e2e/provider-settings.spec.ts:84:1 › real config lost ACK restores the original command after browser/API restart and reads later current state separately (13.4s)
browser	Run make test-e2e	2026-10-04T01:02:30.2233907Z   ✓   76 ../../tests/e2e/provider-settings.spec.ts:112:1 › actual independent assessment policy keeps settings controls available and denies subject consent reads (13.5s)
browser	Run make test-e2e	2026-10-04T01:02:37.7019497Z   ✓   77 ../../tests/e2e/provider-settings.spec.ts:142:41 › secret controls use an actual newer readback while the parent refresh is held; peer change false (7.5s)
browser	Run make test-e2e	2026-10-04T01:02:45.2730941Z   ✓   78 ../../tests/e2e/provider-settings.spec.ts:142:41 › secret controls use an actual newer readback while the parent refresh is held; peer change true (7.6s)
browser	Run make test-e2e	2026-10-04T01:03:03.6850560Z   ✓   79 ../../tests/e2e/reader-conflict-layout.spec.ts:97:1 › real session conflict preserves the scrolled submitted explanation and requires an explicit comparison choice (18.4s)
browser	Run make test-e2e	2026-10-04T01:03:17.8574910Z   ✓   80 ../../tests/e2e/reader-conflict-layout.spec.ts:178:1 › real session conflict keeps the same enabled assessment input focused and visible in the shortened reader (14.2s)
browser	Run make test-e2e	2026-10-04T01:03:37.7481424Z   ✓   81 ../../tests/e2e/reader-restart.spec.ts:13:1 › actual browser close and API process restart retain imported references, notes, progress and Reader position (19.9s)
browser	Run make test-e2e	2026-10-04T01:03:46.6218686Z   ✓   82 ../../tests/e2e/reader.spec.ts:33:1 › real imported directory, title search, worked-example link, long formula and frozen original download (8.8s)
browser	Run make test-e2e	2026-10-04T01:03:57.1320901Z   ✓   83 ../../tests/e2e/reader.spec.ts:67:1 › second repeated rendered selection preserves exact source codepoints, saves note, edits and soft deletes (10.5s)
browser	Run make test-e2e	2026-10-04T01:04:04.7699374Z   ✓   84 ../../tests/e2e/reader.spec.ts:98:1 › native source keyboard selection creates exact Markdown codepoints without rendered-text guessing (7.6s)
browser	Run make test-e2e	2026-10-04T01:04:17.0151891Z   ✓   85 ../../tests/e2e/reader.spec.ts:123:1 › offline local note recovery and a real concurrent server revision show three-way comparison before CAS save (12.2s)
browser	Run make test-e2e	2026-10-04T01:04:32.5525785Z   ✓   86 ../../tests/e2e/reader.spec.ts:171:1 › historical course revisions stay in separate exact tabs and hash-mismatched links preserve unresolved reference (15.5s)
browser	Run make test-e2e	2026-10-04T01:04:47.9787369Z 
browser	Run make test-e2e	2026-10-04T01:04:47.9838757Z   ✓   87 ../../tests/e2e/reader.spec.ts:209:1 › a private original authorized before a cross-profile role decrease cannot trigger a late browser download (15.4s)
browser	Run make test-e2e	2026-10-04T01:05:06.2533683Z   ✓   88 ../../tests/e2e/recommendations.spec.ts:56:1 › real recommendation decisions recover a lost ACK across browser and API restart without rewriting later decisions or learning facts (18.2s)
browser	Run make test-e2e	2026-10-04T01:05:21.6070029Z   ✓   89 ../../tests/e2e/recommendations.spec.ts:90:1 › real local suggestions cover another imported textbook and open its complete original refs independently of acceptance (15.3s)
browser	Run make test-e2e	2026-10-04T01:05:38.5361883Z   ✓   90 ../../tests/e2e/recommendations.spec.ts:110:1 › real offline and stale decision candidates require explicit 412 correction and current independent policy hides delayed subject sources (16.9s)
browser	Run make test-e2e	2026-10-04T01:05:51.3356097Z   ✓   91 ../../tests/e2e/recommendations.spec.ts:151:1 › a controlled archived fixture makes the real historical recommendation stale and its formerly current UI cannot open the old target (12.8s)
browser	Run make test-e2e	2026-10-04T01:06:05.3683620Z   ✓   92 ../../tests/e2e/responsive-layout.spec.ts:43:1 › narrow layout and submitted explanation remain visible before React resize listeners run (14.0s)
browser	Run make test-e2e	2026-10-04T01:06:30.8092867Z   ✓   93 ../../tests/e2e/restore-numeric.spec.ts:8:1 › actual Restore numeric UI freezes manually anchored material, requires separate execution approval and preserves actual sandbox outcome (25.4s)
browser	Run make test-e2e	2026-10-04T01:07:04.1193052Z   ✓   94 ../../tests/e2e/retrieval.spec.ts:47:1 › real explicit cold scope, original rebuild Job, complete hits/no match/resource omission and unchanged historical scope (33.3s)
browser	Run make test-e2e	2026-10-04T01:07:27.1121492Z   ✓   95 ../../tests/e2e/review-form-memory.spec.ts:8:1 › real Policy and role cycles retain unsent Review note and reason with fresh reads, explicit discard and zero automatic decisions (23.0s)
browser	Run make test-e2e	2026-10-04T01:07:47.4852948Z   ✓   96 ../../tests/e2e/review-form-publication-input.spec.ts:7:1 › Publication refresh preserves Review input and focus while blocking submission, then original Policy recovery preserves both forms (20.4s)
browser	Run make test-e2e	2026-10-04T01:08:14.3207251Z   ✓   97 ../../tests/e2e/review.spec.ts:35:1 › real history and exact material review preserve original submitted text, null scores and a selected old revision after reload (26.8s)
browser	Run make test-e2e	2026-10-04T01:08:37.2068469Z   ✓   98 ../../tests/e2e/review.spec.ts:76:1 › a delayed old review response cannot restore history or academic context after another page starts a real independent attempt (22.9s)
browser	Run make test-e2e	2026-10-04T01:08:43.1179066Z   ✓   99 ../../tests/e2e/route-draft-input.spec.ts:9:60 › native route goal input survives its own initial draft save_first delivery after focus (5.9s)
browser	Run make test-e2e	2026-10-04T01:08:48.7511242Z   ✓  100 ../../tests/e2e/route-draft-input.spec.ts:9:60 › native route goal input survives its own initial draft load_first delivery after focus (5.6s)
browser	Run make test-e2e	2026-10-04T01:09:00.4346193Z   ✓  101 ../../tests/e2e/routes.spec.ts:10:1 › real route creation, reminder, manual false, reordered revision and exact target navigation preserve history (11.7s)
browser	Run make test-e2e	2026-10-04T01:09:32.3284393Z   ✓  102 ../../tests/e2e/single-publication.spec.ts:7:1 › single generated example uses actual sealed numeric facts and fresh human Review before independent publication readback (31.9s)
browser	Run make test-e2e	2026-10-04T01:10:00.2014902Z   ✓  103 ../../tests/e2e/text-edit-concepts.spec.ts:53:1 › native text edit preserves original concept pins and ordered dependencies after their current refs advance (27.9s)
browser	Run make test-e2e	2026-10-04T01:10:19.2012188Z   ✓  104 ../../tests/e2e/text-edit-dependencies.spec.ts:34:1 › native text edit preserves ordered original dependency refs after source current advances (19.0s)
browser	Run make test-e2e	2026-10-04T01:10:25.0867498Z   ✓  105 ../../tests/e2e/tutor-diagnostic.spec.ts:5:1 › diagnostic retains the original five-second failure and a completed peer read without collecting private text (5.9s)
browser	Run make test-e2e	2026-10-04T01:10:25.5412242Z   ✓  106 ../../tests/e2e/tutor-diagnostic.spec.ts:33:1 › diagnostic closes metadata, freezes delivered ordinals and leaves missing observations unknown (430ms)
browser	Run make test-e2e	2026-10-04T01:10:41.1883801Z   ✓  107 ../../tests/e2e/tutor.spec.ts:19:1 › real Tutor thread and prepared Run recover, diagnose missing proof and cancel without a model call (15.6s)
browser	Run make test-e2e	2026-10-04T01:11:03.6329997Z   ✓  108 ../../tests/e2e/tutor.spec.ts:78:1 › lost Run ACK replays original bytes and cross-page open-book hides academic content while retaining cancellation (22.4s)
browser	Run make test-e2e	2026-10-04T01:11:23.9678718Z   ✓  109 ../../tests/e2e/tutor.spec.ts:148:1 › explicit same-Run consent uses the real loopback protocol and restores raw answer without upgrading evidence (20.3s)
browser	Run make test-e2e	2026-10-04T01:11:30.2444581Z   ✓  110 ../../tests/e2e/workbench-initial-recovery.spec.ts:6:3 › initial workbench recovery keeps the saved lesson and waits for the real session at 1440px (6.2s)
browser	Run make test-e2e	2026-10-04T01:11:36.4068819Z   ✓  111 ../../tests/e2e/workbench-initial-recovery.spec.ts:6:3 › initial workbench recovery keeps the saved lesson and waits for the real session at 390px (6.1s)
browser	Run make test-e2e	2026-10-04T01:11:39.4233629Z   ✓  112 ../../tests/e2e/workbench.spec.ts:5:1 › empty workspace, native bootstrap, four fixed navigation and truthful auxiliary states (3.0s)
browser	Run make test-e2e	2026-10-04T01:11:43.8098889Z   ✓  113 ../../tests/e2e/workbench.spec.ts:22:1 › real keyboard and mouse resize, native drawers, focus return and restored layout (4.4s)
browser	Run make test-e2e	2026-10-04T01:11:50.0079254Z   ✓  114 ../../tests/e2e/workbench.spec.ts:43:1 › object drafts survive preview switches, close choice and browser reload without fake sending (6.2s)
browser	Run make test-e2e	2026-10-04T01:12:00.4239498Z   ✓  115 ../../tests/e2e/workbench.spec.ts:60:1 › server CAS conflict is visible, local object drafts survive and explicit readback recovers (10.4s)
browser	Run make test-e2e	2026-10-04T01:12:06.9849118Z   ✓  116 ../../tests/e2e/workbench.spec.ts:73:1 › offline pending UI is restored after actual connection recovery (6.5s)
browser	Run make test-e2e	2026-10-04T01:12:11.1947414Z   ✓  117 ../../tests/e2e/workbench.spec.ts:85:1 › actual MathJax, no runtime errors, long formula local scrolling, all screenshot sizes (4.2s)
browser	Run make test-e2e	2026-10-04T01:12:19.1809031Z   ✓  118 ../../tests/e2e/workbench.spec.ts:112:1 › two browser pages keep drafts for different objects in native IndexedDB (8.0s)
browser	Run make test-e2e	2026-10-04T01:12:24.1104864Z   ✓  119 ../../tests/e2e/workbench.spec.ts:130:1 › exact reference mismatch stays unresolved and preserves the original snapshot (4.9s)
browser	Run make test-e2e	2026-10-04T01:12:30.6448656Z   ✓  120 ../../tests/e2e/workbench.spec.ts:147:1 › cold lazy renderer restores saved reading offset after the content is ready (6.5s)
browser	Run make test-e2e	2026-10-04T01:12:40.4515715Z   ✓  121 ../../tests/e2e/workbench.spec.ts:167:1 › native concurrent same-object transactions preserve both candidates and expose explicit recovery (9.8s)
browser	Run make test-e2e	2026-10-04T01:12:46.3599385Z   ✓  122 ../../tests/e2e/workbench.spec.ts:200:1 › directory history restores the current course and navigation entry (5.9s)
browser	Run make test-e2e	2026-10-04T01:12:51.2497830Z   ✓  123 ../../tests/e2e/workbench.spec.ts:212:1 › UI cache quota failure stays visibly unsaved until the real server acknowledges (4.9s)
browser	Run make test-e2e	2026-10-04T01:12:57.4459075Z   ✓  124 ../../tests/e2e/workbench.spec.ts:229:1 › offline UI candidates from two pages remain separate on reload (6.2s)
browser	Run make test-e2e	2026-10-04T01:13:05.7735038Z   ✓  125 ../../tests/e2e/workbench.spec.ts:250:1 › quota-only memory candidate with a changed server baseline shows three-way comparison before explicit CAS (8.3s)
browser	Run make test-e2e	2026-10-04T01:13:11.7479183Z   ✓  126 ../../tests/e2e/workbench.spec.ts:283:1 › per-object details and focus survive A to B to A and browser reload after lazy content readiness (6.0s)
browser	Run make test-e2e	2026-10-04T01:13:16.7359189Z   ✓  127 ../../tests/e2e/workbench.spec.ts:302:1 › first unsent-draft conflict shows original, local and stored text before any reload or choice (5.0s)
browser	Run make test-e2e	2026-10-04T01:13:22.5435181Z   ✓  128 ../../tests/e2e/workbench.spec.ts:332:1 › route directory stays honestly empty and continue reading restores the exact last lesson (5.8s)
browser	Run make test-e2e	2026-10-04T01:13:27.2455346Z   ✓  129 ../../tests/e2e/workbench.spec.ts:354:1 › native keyboard selection updates frozen-reference preview and ambiguous source matches are refused (4.7s)
browser	Run make test-e2e	2026-10-04T01:13:32.1235116Z   ✓  130 ../../tests/e2e/zoom.spec.ts:5:1 › real browser 200 percent zoom reflows CSS width through Chrome appearance setting (4.9s)
browser	Run make test-e2e	2026-10-04T01:13:32.3113141Z 
browser	Run make test-e2e	2026-10-04T01:13:32.3120651Z   130 passed (31.7m)
browser	Retain synthetic Restore numeric outcome	﻿2026-10-04T01:13:32.3481890Z ##[group]Run actions/upload-artifact@043fb46d1a93c77aae656e7c1c64a875d1fc6a0a
browser	Retain synthetic Restore numeric outcome	2026-10-04T01:13:32.3482459Z with:
browser	Retain synthetic Restore numeric outcome	2026-10-04T01:13:32.3482780Z   name: restore-numeric-outcome-push-37165685426-1
browser	Retain synthetic Restore numeric outcome	2026-10-04T01:13:32.3483955Z   path: $RUNNER_HOME/work/_temp/learning-workbench-e2e-results/**/restore-numeric-actual.json
browser	Retain synthetic Restore numeric outcome	$RUNNER_HOME/work/_temp/learning-workbench-e2e-results/**/actual-publication-response.json
browser	Retain synthetic Restore numeric outcome	
browser	Retain synthetic Restore numeric outcome	2026-10-04T01:13:32.3484998Z   retention-days: 3
browser	Retain synthetic Restore numeric outcome	2026-10-04T01:13:32.3485275Z   if-no-files-found: warn
browser	Retain synthetic Restore numeric outcome	2026-10-04T01:13:32.3485583Z   include-hidden-files: false
browser	Retain synthetic Restore numeric outcome	2026-10-04T01:13:32.3485900Z   compression-level: 6
browser	Retain synthetic Restore numeric outcome	2026-10-04T01:13:32.3486175Z   overwrite: false
browser	Retain synthetic Restore numeric outcome	2026-10-04T01:13:32.3486421Z   archive: true
browser	Retain synthetic Restore numeric outcome	2026-10-04T01:13:32.3487110Z env:
browser	Retain synthetic Restore numeric outcome	2026-10-04T01:13:32.3487442Z   pythonLocation: /opt/hostedtoolcache/Python/3.12.13/x64
browser	Retain synthetic Restore numeric outcome	2026-10-04T01:13:32.3488020Z   PKG_CONFIG_PATH: /opt/hostedtoolcache/Python/3.12.13/x64/lib/pkgconfig
browser	Retain synthetic Restore numeric outcome	2026-10-04T01:13:32.3488576Z   Python_ROOT_DIR: /opt/hostedtoolcache/Python/3.12.13/x64
browser	Retain synthetic Restore numeric outcome	2026-10-04T01:13:32.3489123Z   Python2_ROOT_DIR: /opt/hostedtoolcache/Python/3.12.13/x64
browser	Retain synthetic Restore numeric outcome	2026-10-04T01:13:32.3489658Z   Python3_ROOT_DIR: /opt/hostedtoolcache/Python/3.12.13/x64
browser	Retain synthetic Restore numeric outcome	2026-10-04T01:13:32.3490182Z   LD_LIBRARY_PATH: /opt/hostedtoolcache/Python/3.12.13/x64/lib
browser	Retain synthetic Restore numeric outcome	2026-10-04T01:13:32.3490583Z ##[endgroup]
browser	Retain synthetic Restore numeric outcome	2026-10-04T01:13:32.5520175Z With the provided path, there will be 2 files uploaded
browser	Retain synthetic Restore numeric outcome	2026-10-04T01:13:32.5526694Z Artifact name is valid!
browser	Retain synthetic Restore numeric outcome	2026-10-04T01:13:32.5527565Z Root directory input is valid!
browser	Retain synthetic Restore numeric outcome	2026-10-04T01:13:32.7741509Z Uploading artifact: restore-numeric-outcome-push-37165685426-1.zip
browser	Retain synthetic Restore numeric outcome	2026-10-04T01:13:32.7782985Z Beginning upload of artifact content to blob storage
browser	Retain synthetic Restore numeric outcome	2026-10-04T01:13:32.8586309Z Uploaded bytes 5930
browser	Retain synthetic Restore numeric outcome	2026-10-04T01:13:32.8742419Z Finished uploading artifact content to blob storage!
browser	Retain synthetic Restore numeric outcome	2026-10-04T01:13:32.8743622Z SHA256 digest of uploaded artifact is 2f88d76048258e3d23223ae3b49ee1b5e622af81119557e35cefc9b36522e98f
browser	Retain synthetic Restore numeric outcome	2026-10-04T01:13:32.8744518Z Finalizing artifact upload
browser	Retain synthetic Restore numeric outcome	2026-10-04T01:13:33.0861481Z Artifact restore-numeric-outcome-push-37165685426-1 successfully finalized. Artifact ID 11290385947
browser	Retain synthetic Restore numeric outcome	2026-10-04T01:13:33.0863096Z Artifact restore-numeric-outcome-push-37165685426-1 has been successfully uploaded! Final size is 5930 bytes. Artifact ID is 11290385947
browser	Retain synthetic Restore numeric outcome	2026-10-04T01:13:33.0865544Z Artifact download URL: https://github.com/kl3574/Learning_Workbench/actions/runs/37165685426/artifacts/11290385947
browser	Retain single generated example publication outcome	﻿2026-10-04T01:13:33.1020736Z ##[group]Run actions/upload-artifact@043fb46d1a93c77aae656e7c1c64a875d1fc6a0a
browser	Retain single generated example publication outcome	2026-10-04T01:13:33.1021178Z with:
browser	Retain single generated example publication outcome	2026-10-04T01:13:33.1021445Z   name: single-publication-outcome-push-37165685426-1
browser	Retain single generated example publication outcome	2026-10-04T01:13:33.1021978Z   path: $RUNNER_HOME/work/_temp/learning-workbench-e2e-results/**/single-publication-actual.json
browser	Retain single generated example publication outcome	2026-10-04T01:13:33.1022465Z   retention-days: 3
browser	Retain single generated example publication outcome	2026-10-04T01:13:33.1022690Z   if-no-files-found: warn
browser	Retain single generated example publication outcome	2026-10-04T01:13:33.1022932Z   include-hidden-files: false
browser	Retain single generated example publication outcome	2026-10-04T01:13:33.1023185Z   compression-level: 6
browser	Retain single generated example publication outcome	2026-10-04T01:13:33.1023406Z   overwrite: false
browser	Retain single generated example publication outcome	2026-10-04T01:13:33.1023619Z   archive: true
browser	Retain single generated example publication outcome	2026-10-04T01:13:33.1023819Z env:
browser	Retain single generated example publication outcome	2026-10-04T01:13:33.1024312Z   pythonLocation: /opt/hostedtoolcache/Python/3.12.13/x64
browser	Retain single generated example publication outcome	2026-10-04T01:13:33.1024751Z   PKG_CONFIG_PATH: /opt/hostedtoolcache/Python/3.12.13/x64/lib/pkgconfig
browser	Retain single generated example publication outcome	2026-10-04T01:13:33.1025199Z   Python_ROOT_DIR: /opt/hostedtoolcache/Python/3.12.13/x64
browser	Retain single generated example publication outcome	2026-10-04T01:13:33.1025593Z   Python2_ROOT_DIR: /opt/hostedtoolcache/Python/3.12.13/x64
browser	Retain single generated example publication outcome	2026-10-04T01:13:33.1026076Z   Python3_ROOT_DIR: /opt/hostedtoolcache/Python/3.12.13/x64
browser	Retain single generated example publication outcome	2026-10-04T01:13:33.1026765Z   LD_LIBRARY_PATH: /opt/hostedtoolcache/Python/3.12.13/x64/lib
browser	Retain single generated example publication outcome	2026-10-04T01:13:33.1027242Z ##[endgroup]
browser	Retain single generated example publication outcome	2026-10-04T01:13:33.2989689Z With the provided path, there will be 1 file uploaded
browser	Retain single generated example publication outcome	2026-10-04T01:13:33.2995579Z Artifact name is valid!
browser	Retain single generated example publication outcome	2026-10-04T01:13:33.2996291Z Root directory input is valid!
browser	Retain single generated example publication outcome	2026-10-04T01:13:33.4886403Z Uploading artifact: single-publication-outcome-push-37165685426-1.zip
browser	Retain single generated example publication outcome	2026-10-04T01:13:33.4932987Z Beginning upload of artifact content to blob storage
browser	Retain single generated example publication outcome	2026-10-04T01:13:33.5688703Z Uploaded bytes 2829
browser	Retain single generated example publication outcome	2026-10-04T01:13:33.5848072Z Finished uploading artifact content to blob storage!
browser	Retain single generated example publication outcome	2026-10-04T01:13:33.5849365Z SHA256 digest of uploaded artifact is d25fb9b4a850a5474e8c639f1083420b4baa08fa6d4006521cc730fe0be35e5a
browser	Retain single generated example publication outcome	2026-10-04T01:13:33.5850009Z Finalizing artifact upload
browser	Retain single generated example publication outcome	2026-10-04T01:13:33.8039189Z Artifact single-publication-outcome-push-37165685426-1 successfully finalized. Artifact ID 11290530611
browser	Retain single generated example publication outcome	2026-10-04T01:13:33.8040319Z Artifact single-publication-outcome-push-37165685426-1 has been successfully uploaded! Final size is 2829 bytes. Artifact ID is 11290530611
browser	Retain single generated example publication outcome	2026-10-04T01:13:33.8043001Z Artifact download URL: https://github.com/kl3574/Learning_Workbench/actions/runs/37165685426/artifacts/11290530611
browser	Post Run actions/setup-node@820762786026740c76f36085b0efc47a31fe5020	﻿2026-10-04T01:13:33.8251289Z Post job cleanup.
browser	Post Run actions/setup-python@5fda3b95a4ea91299a34e894583c3862153e4b97	﻿2026-10-04T01:13:33.9594441Z Post job cleanup.
browser	Post Run actions/checkout@3d3c42e5aac5ba805825da76410c181273ba90b1	﻿2026-10-04T01:13:34.0963734Z Post job cleanup.
browser	Post Run actions/checkout@3d3c42e5aac5ba805825da76410c181273ba90b1	2026-10-04T01:13:34.2019611Z [command]/usr/bin/git version
browser	Post Run actions/checkout@3d3c42e5aac5ba805825da76410c181273ba90b1	2026-10-04T01:13:34.2082197Z git version 2.55.0
browser	Post Run actions/checkout@3d3c42e5aac5ba805825da76410c181273ba90b1	2026-10-04T01:13:34.2120840Z Temporarily overriding HOME='$RUNNER_HOME/work/_temp/f00e86e9-b8b3-41f2-8729-d86cfaad2236' before making global git config changes
browser	Post Run actions/checkout@3d3c42e5aac5ba805825da76410c181273ba90b1	2026-10-04T01:13:34.2122445Z Adding repository directory to the temporary git global config as a safe directory
browser	Post Run actions/checkout@3d3c42e5aac5ba805825da76410c181273ba90b1	2026-10-04T01:13:34.2127742Z [command]/usr/bin/git config --global --add safe.directory $RUNNER_HOME/work/Learning_Workbench/Learning_Workbench
browser	Post Run actions/checkout@3d3c42e5aac5ba805825da76410c181273ba90b1	2026-10-04T01:13:34.2167598Z Removing SSH command configuration
browser	Post Run actions/checkout@3d3c42e5aac5ba805825da76410c181273ba90b1	2026-10-04T01:13:34.2174707Z [command]/usr/bin/git config --local --name-only --get-regexp core\.sshCommand
browser	Post Run actions/checkout@3d3c42e5aac5ba805825da76410c181273ba90b1	2026-10-04T01:13:34.2226826Z [command]/usr/bin/git submodule foreach --recursive sh -c "git config --local --name-only --get-regexp 'core\.sshCommand' && git config --local --unset-all 'core.sshCommand' || :"
browser	Post Run actions/checkout@3d3c42e5aac5ba805825da76410c181273ba90b1	2026-10-04T01:13:34.2587967Z Removing HTTP extra header
browser	Post Run actions/checkout@3d3c42e5aac5ba805825da76410c181273ba90b1	2026-10-04T01:13:34.2589238Z [command]/usr/bin/git config --local --name-only --get-regexp http\.https\:\/\/github\.com\/\.extraheader
browser	Post Run actions/checkout@3d3c42e5aac5ba805825da76410c181273ba90b1	2026-10-04T01:13:34.2632952Z [command]/usr/bin/git submodule foreach --recursive sh -c "git config --local --name-only --get-regexp 'http\.https\:\/\/github\.com\/\.extraheader' && git config --local --unset-all 'http.https://github.com/.extraheader' || :"
browser	Post Run actions/checkout@3d3c42e5aac5ba805825da76410c181273ba90b1	2026-10-04T01:13:34.2998524Z Removing includeIf entries pointing to credentials config files
browser	Post Run actions/checkout@3d3c42e5aac5ba805825da76410c181273ba90b1	2026-10-04T01:13:34.3007521Z [command]/usr/bin/git config --local --name-only --get-regexp ^includeIf\.gitdir:
browser	Post Run actions/checkout@3d3c42e5aac5ba805825da76410c181273ba90b1	2026-10-04T01:13:34.3038681Z includeif.gitdir:$RUNNER_HOME/work/Learning_Workbench/Learning_Workbench/.git.path
browser	Post Run actions/checkout@3d3c42e5aac5ba805825da76410c181273ba90b1	2026-10-04T01:13:34.3039720Z includeif.gitdir:$RUNNER_HOME/work/Learning_Workbench/Learning_Workbench/.git/worktrees/*.path
browser	Post Run actions/checkout@3d3c42e5aac5ba805825da76410c181273ba90b1	2026-10-04T01:13:34.3040513Z includeif.gitdir:/github/workspace/.git.path
browser	Post Run actions/checkout@3d3c42e5aac5ba805825da76410c181273ba90b1	2026-10-04T01:13:34.3040991Z includeif.gitdir:/github/workspace/.git/worktrees/*.path
browser	Post Run actions/checkout@3d3c42e5aac5ba805825da76410c181273ba90b1	2026-10-04T01:13:34.3048205Z [command]/usr/bin/git config --local --get-all includeif.gitdir:$RUNNER_HOME/work/Learning_Workbench/Learning_Workbench/.git.path
browser	Post Run actions/checkout@3d3c42e5aac5ba805825da76410c181273ba90b1	2026-10-04T01:13:34.3074727Z $RUNNER_HOME/work/_temp/git-credentials-dc9c13a8-b39d-47dd-9dff-36483d96a4c2.config
browser	Post Run actions/checkout@3d3c42e5aac5ba805825da76410c181273ba90b1	2026-10-04T01:13:34.3085521Z [command]/usr/bin/git config --local --unset includeif.gitdir:$RUNNER_HOME/work/Learning_Workbench/Learning_Workbench/.git.path \/home\/runner\/work\/_temp\/git\-credentials\-dc9c13a8\-b39d\-47dd\-9dff\-36483d96a4c2\.config
browser	Post Run actions/checkout@3d3c42e5aac5ba805825da76410c181273ba90b1	2026-10-04T01:13:34.3129361Z [command]/usr/bin/git config --local --get-all includeif.gitdir:$RUNNER_HOME/work/Learning_Workbench/Learning_Workbench/.git/worktrees/*.path
browser	Post Run actions/checkout@3d3c42e5aac5ba805825da76410c181273ba90b1	2026-10-04T01:13:34.3157150Z $RUNNER_HOME/work/_temp/git-credentials-dc9c13a8-b39d-47dd-9dff-36483d96a4c2.config
browser	Post Run actions/checkout@3d3c42e5aac5ba805825da76410c181273ba90b1	2026-10-04T01:13:34.3167258Z [command]/usr/bin/git config --local --unset includeif.gitdir:$RUNNER_HOME/work/Learning_Workbench/Learning_Workbench/.git/worktrees/*.path \/home\/runner\/work\/_temp\/git\-credentials\-dc9c13a8\-b39d\-47dd\-9dff\-36483d96a4c2\.config
browser	Post Run actions/checkout@3d3c42e5aac5ba805825da76410c181273ba90b1	2026-10-04T01:13:34.3214147Z [command]/usr/bin/git config --local --get-all includeif.gitdir:/github/workspace/.git.path
browser	Post Run actions/checkout@3d3c42e5aac5ba805825da76410c181273ba90b1	2026-10-04T01:13:34.3239399Z /github/runner_temp/git-credentials-dc9c13a8-b39d-47dd-9dff-36483d96a4c2.config
browser	Post Run actions/checkout@3d3c42e5aac5ba805825da76410c181273ba90b1	2026-10-04T01:13:34.3247783Z [command]/usr/bin/git config --local --unset includeif.gitdir:/github/workspace/.git.path \/github\/runner_temp\/git\-credentials\-dc9c13a8\-b39d\-47dd\-9dff\-36483d96a4c2\.config
browser	Post Run actions/checkout@3d3c42e5aac5ba805825da76410c181273ba90b1	2026-10-04T01:13:34.3282550Z [command]/usr/bin/git config --local --get-all includeif.gitdir:/github/workspace/.git/worktrees/*.path
browser	Post Run actions/checkout@3d3c42e5aac5ba805825da76410c181273ba90b1	2026-10-04T01:13:34.3307879Z /github/runner_temp/git-credentials-dc9c13a8-b39d-47dd-9dff-36483d96a4c2.config
browser	Post Run actions/checkout@3d3c42e5aac5ba805825da76410c181273ba90b1	2026-10-04T01:13:34.3316658Z [command]/usr/bin/git config --local --unset includeif.gitdir:/github/workspace/.git/worktrees/*.path \/github\/runner_temp\/git\-credentials\-dc9c13a8\-b39d\-47dd\-9dff\-36483d96a4c2\.config
browser	Post Run actions/checkout@3d3c42e5aac5ba805825da76410c181273ba90b1	2026-10-04T01:13:34.3355454Z [command]/usr/bin/git submodule foreach --recursive git config --local --show-origin --name-only --get-regexp remote.origin.url
browser	Post Run actions/checkout@3d3c42e5aac5ba805825da76410c181273ba90b1	2026-10-04T01:13:34.3678618Z Removing credentials config '$RUNNER_HOME/work/_temp/git-credentials-dc9c13a8-b39d-47dd-9dff-36483d96a4c2.config'
browser	Complete job	﻿2026-10-04T01:13:34.3849750Z Cleaning up orphan processes
