2026-09-14T12:20:36.8330615Z Current runner version: '2.337.0'
2026-09-14T12:20:36.8358341Z ##[group]Runner Image Provisioner
2026-09-14T12:20:36.8359303Z Hosted Compute Agent
2026-09-14T12:20:36.8359884Z Version: 20260828.587
2026-09-14T12:20:36.8360809Z Commit: abac92662cab4cc7352de4f9f9d2e2419aad9c29
2026-09-14T12:20:36.8361534Z Build Date: 2026-08-28T16:44:25Z
2026-09-14T12:20:36.8362170Z Worker ID: {ad7738f9-ee5c-4ff8-8ba8-159b96837399}
2026-09-14T12:20:36.8362932Z Azure Region: centralus
2026-09-14T12:20:36.8363467Z ##[endgroup]
2026-09-14T12:20:36.8364849Z ##[group]Operating System
2026-09-14T12:20:36.8365461Z Ubuntu
2026-09-14T12:20:36.8365965Z 24.04.5
2026-09-14T12:20:36.8366615Z LTS
2026-09-14T12:20:36.8367081Z ##[endgroup]
2026-09-14T12:20:36.8367592Z ##[group]Runner Image
2026-09-14T12:20:36.8368218Z Image: ubuntu-24.04
2026-09-14T12:20:36.8368742Z Version: 20260907.300.1
2026-09-14T12:20:36.8369982Z Included Software: https://github.com/actions/runner-images/blob/ubuntu24/20260907.300/images/ubuntu/Ubuntu2404-Readme.md
2026-09-14T12:20:36.8372022Z Image Release: https://github.com/actions/runner-images/releases/tag/ubuntu24%2F20260907.300
2026-09-14T12:20:36.8372895Z ##[endgroup]
2026-09-14T12:20:36.8374332Z ##[group]GITHUB_TOKEN Permissions
2026-09-14T12:20:36.8376604Z Contents: read
2026-09-14T12:20:36.8377429Z Metadata: read
2026-09-14T12:20:36.8377987Z ##[endgroup]
2026-09-14T12:20:36.8380360Z Secret source: Actions
2026-09-14T12:20:36.8381299Z Cache mode: write
2026-09-14T12:20:36.8382115Z Prepare workflow directory
2026-09-14T12:20:36.8672029Z Prepare all required actions
2026-09-14T12:20:36.8717793Z Getting action download info
2026-09-14T12:20:37.1114494Z Download action repository 'actions/checkout@3d3c42e5aac5ba805825da76410c181273ba90b1' (SHA:3d3c42e5aac5ba805825da76410c181273ba90b1)
2026-09-14T12:20:37.3606973Z Download action repository 'actions/setup-python@5fda3b95a4ea91299a34e894583c3862153e4b97' (SHA:5fda3b95a4ea91299a34e894583c3862153e4b97)
2026-09-14T12:20:37.5957435Z Complete job name: backend
2026-09-14T12:20:37.6631292Z ##[group]Run actions/checkout@3d3c42e5aac5ba805825da76410c181273ba90b1
2026-09-14T12:20:37.6632481Z with:
2026-09-14T12:20:37.6633046Z   repository: kl3574/Learning_Workbench
2026-09-14T12:20:37.6637228Z   token: ***
2026-09-14T12:20:37.6637798Z   ssh-strict: true
2026-09-14T12:20:37.6638369Z   ssh-user: git
2026-09-14T12:20:37.6638932Z   persist-credentials: true
2026-09-14T12:20:37.6639517Z   clean: true
2026-09-14T12:20:37.6640042Z   sparse-checkout-cone-mode: true
2026-09-14T12:20:37.6640935Z   fetch-depth: 1
2026-09-14T12:20:37.6641800Z   fetch-tags: false
2026-09-14T12:20:37.6642346Z   show-progress: true
2026-09-14T12:20:37.6642933Z   lfs: false
2026-09-14T12:20:37.6643441Z   submodules: false
2026-09-14T12:20:37.6644018Z   set-safe-directory: true
2026-09-14T12:20:37.6644649Z   allow-unsafe-pr-checkout: false
2026-09-14T12:20:37.6645472Z ##[endgroup]
2026-09-14T12:20:37.7605685Z Syncing repository: kl3574/Learning_Workbench
2026-09-14T12:20:37.7609388Z ##[group]Getting Git version info
2026-09-14T12:20:37.7611154Z Working directory is '<USER_HOME>/work/Learning_Workbench/Learning_Workbench'
2026-09-14T12:20:37.7613213Z [command]/usr/bin/git version
2026-09-14T12:20:37.7614200Z git version 2.55.0
2026-09-14T12:20:37.7634575Z ##[endgroup]
2026-09-14T12:20:37.7642924Z Temporarily overriding HOME='<USER_HOME>/work/_temp/7880644e-3e9e-4cf9-9f2d-60eaaed59887' before making global git config changes
2026-09-14T12:20:37.7645354Z Adding repository directory to the temporary git global config as a safe directory
2026-09-14T12:20:37.7647316Z [command]/usr/bin/git config --global --add safe.directory <USER_HOME>/work/Learning_Workbench/Learning_Workbench
2026-09-14T12:20:37.7685918Z Deleting the contents of '<USER_HOME>/work/Learning_Workbench/Learning_Workbench'
2026-09-14T12:20:37.7688870Z ##[group]Determining repository object format
2026-09-14T12:20:37.7696282Z ##[endgroup]
2026-09-14T12:20:37.7697896Z ##[group]Initializing the repository
2026-09-14T12:20:37.7699820Z [command]/usr/bin/git init <USER_HOME>/work/Learning_Workbench/Learning_Workbench
2026-09-14T12:20:37.7793359Z hint: Using 'master' as the name for the initial branch. This default branch name
2026-09-14T12:20:37.7795429Z hint: will change to "main" in Git 3.0. To configure the initial branch name
2026-09-14T12:20:37.7797012Z hint: to use in all of your new repositories, which will suppress this warning,
2026-09-14T12:20:37.7798478Z hint: call:
2026-09-14T12:20:37.7799199Z hint:
2026-09-14T12:20:37.7800156Z hint: 	git config --global init.defaultBranch <name>
2026-09-14T12:20:37.7801472Z hint:
2026-09-14T12:20:37.7802530Z hint: Names commonly chosen instead of 'master' are 'main', 'trunk' and
2026-09-14T12:20:37.7804183Z hint: 'development'. The just-created branch can be renamed via this command:
2026-09-14T12:20:37.7805442Z hint:
2026-09-14T12:20:37.7806177Z hint: 	git branch -m <name>
2026-09-14T12:20:37.7806783Z hint:
2026-09-14T12:20:37.7807622Z hint: Disable this message with "git config set advice.defaultBranchName false"
2026-09-14T12:20:37.7809779Z Initialized empty Git repository in <USER_HOME>/work/Learning_Workbench/Learning_Workbench/.git/
2026-09-14T12:20:37.7814535Z [command]/usr/bin/git remote add origin https://github.com/kl3574/Learning_Workbench
2026-09-14T12:20:37.7847707Z ##[endgroup]
2026-09-14T12:20:37.7849164Z ##[group]Disabling automatic garbage collection
2026-09-14T12:20:37.7850498Z [command]/usr/bin/git config --local gc.auto 0
2026-09-14T12:20:37.7875037Z ##[endgroup]
2026-09-14T12:20:37.7876310Z ##[group]Setting up auth
2026-09-14T12:20:37.7877221Z Removing SSH command configuration
2026-09-14T12:20:37.7879862Z [command]/usr/bin/git config --local --name-only --get-regexp core\.sshCommand
2026-09-14T12:20:37.7906186Z [command]/usr/bin/git submodule foreach --recursive sh -c "git config --local --name-only --get-regexp 'core\.sshCommand' && git config --local --unset-all 'core.sshCommand' || :"
2026-09-14T12:20:37.8255578Z Removing HTTP extra header
2026-09-14T12:20:37.8260531Z [command]/usr/bin/git config --local --name-only --get-regexp http\.https\:\/\/github\.com\/\.extraheader
2026-09-14T12:20:37.8286669Z [command]/usr/bin/git submodule foreach --recursive sh -c "git config --local --name-only --get-regexp 'http\.https\:\/\/github\.com\/\.extraheader' && git config --local --unset-all 'http.https://github.com/.extraheader' || :"
2026-09-14T12:20:37.8472630Z Removing includeIf entries pointing to credentials config files
2026-09-14T12:20:37.8476298Z [command]/usr/bin/git config --local --name-only --get-regexp ^includeIf\.gitdir:
2026-09-14T12:20:37.8504616Z [command]/usr/bin/git submodule foreach --recursive git config --local --show-origin --name-only --get-regexp remote.origin.url
2026-09-14T12:20:37.8709233Z [command]/usr/bin/git config --file <USER_HOME>/work/_temp/git-credentials-eca98295-2286-461a-be98-46ccd2b2cbb7.config http.https://github.com/.extraheader AUTHORIZATION: basic ***
2026-09-14T12:20:37.8744631Z [command]/usr/bin/git config --local includeIf.gitdir:<USER_HOME>/work/Learning_Workbench/Learning_Workbench/.git.path <USER_HOME>/work/_temp/git-credentials-eca98295-2286-461a-be98-46ccd2b2cbb7.config
2026-09-14T12:20:37.8773137Z [command]/usr/bin/git config --local includeIf.gitdir:<USER_HOME>/work/Learning_Workbench/Learning_Workbench/.git/worktrees/*.path <USER_HOME>/work/_temp/git-credentials-eca98295-2286-461a-be98-46ccd2b2cbb7.config
2026-09-14T12:20:37.8802556Z [command]/usr/bin/git config --local includeIf.gitdir:/github/workspace/.git.path /github/runner_temp/git-credentials-eca98295-2286-461a-be98-46ccd2b2cbb7.config
2026-09-14T12:20:37.8829734Z [command]/usr/bin/git config --local includeIf.gitdir:/github/workspace/.git/worktrees/*.path /github/runner_temp/git-credentials-eca98295-2286-461a-be98-46ccd2b2cbb7.config
2026-09-14T12:20:37.8853736Z ##[endgroup]
2026-09-14T12:20:37.8855196Z ##[group]Fetching the repository
2026-09-14T12:20:37.8861697Z [command]/usr/bin/git -c protocol.version=2 fetch --no-tags --prune --no-recurse-submodules --depth=1 origin +d258537256e19f552a502ef3a13e1bcbc9caa913:refs/remotes/origin/feat/M2.3-document-extraction
2026-09-14T12:20:38.6655778Z From https://github.com/kl3574/Learning_Workbench
2026-09-14T12:20:38.6659260Z  * [new ref]         d258537256e19f552a502ef3a13e1bcbc9caa913 -> origin/feat/M2.3-document-extraction
2026-09-14T12:20:38.6664714Z [command]/usr/bin/git branch --list --remote origin/feat/M2.3-document-extraction
2026-09-14T12:20:38.6691999Z   origin/feat/M2.3-document-extraction
2026-09-14T12:20:38.6699165Z [command]/usr/bin/git rev-parse refs/remotes/origin/feat/M2.3-document-extraction
2026-09-14T12:20:38.6720501Z d258537256e19f552a502ef3a13e1bcbc9caa913
2026-09-14T12:20:38.6725129Z ##[endgroup]
2026-09-14T12:20:38.6727305Z ##[group]Determining the checkout info
2026-09-14T12:20:38.6729993Z ##[endgroup]
2026-09-14T12:20:38.6731737Z [command]/usr/bin/git sparse-checkout disable
2026-09-14T12:20:38.6772042Z [command]/usr/bin/git config --local --unset-all extensions.worktreeConfig
2026-09-14T12:20:38.6799119Z ##[group]Checking out the ref
2026-09-14T12:20:38.6803120Z [command]/usr/bin/git checkout --progress --force -B feat/M2.3-document-extraction refs/remotes/origin/feat/M2.3-document-extraction
2026-09-14T12:20:38.7144008Z Switched to a new branch 'feat/M2.3-document-extraction'
2026-09-14T12:20:38.7148614Z branch 'feat/M2.3-document-extraction' set up to track 'origin/feat/M2.3-document-extraction'.
2026-09-14T12:20:38.7156282Z ##[endgroup]
2026-09-14T12:20:38.7190974Z [command]/usr/bin/git log -1 --format=%H
2026-09-14T12:20:38.7212660Z d258537256e19f552a502ef3a13e1bcbc9caa913
2026-09-14T12:20:38.7566951Z ##[group]Run actions/setup-python@5fda3b95a4ea91299a34e894583c3862153e4b97
2026-09-14T12:20:38.7568738Z with:
2026-09-14T12:20:38.7569691Z   python-version: 3.12.13
2026-09-14T12:20:38.7570937Z   check-latest: false
2026-09-14T12:20:38.7579900Z   token: ***
2026-09-14T12:20:38.7581167Z   update-environment: true
2026-09-14T12:20:38.7582301Z   allow-prereleases: false
2026-09-14T12:20:38.7583405Z   freethreaded: false
2026-09-14T12:20:38.7584532Z ##[endgroup]
2026-09-14T12:20:38.8672430Z ##[group]Installed versions
2026-09-14T12:20:38.8687369Z Version 3.12.13 was not found in the local cache
2026-09-14T12:20:39.7011470Z Version 3.12.13 is available for downloading
2026-09-14T12:20:39.7013028Z Download from "https://github.com/actions/python-versions/releases/download/3.12.13-27650778726/python-3.12.13-linux-24.04-x64.tar.gz"
2026-09-14T12:20:40.5473195Z Extract downloaded archive
2026-09-14T12:20:40.5568825Z [command]/usr/bin/tar xz --warning=no-unknown-keyword --overwrite -C <USER_HOME>/work/_temp/4f632e65-9db6-427f-853f-f6519c28a71d -f <USER_HOME>/work/_temp/9be9f200-db2c-4da0-bfa3-d01eda76a155
2026-09-14T12:20:42.6075336Z Execute installation script
2026-09-14T12:20:42.6156204Z Check if Python hostedtoolcache folder exist...
2026-09-14T12:20:42.6157379Z Create Python 3.12.13 folder
2026-09-14T12:20:42.6169164Z Copy Python binaries to hostedtoolcache folder
2026-09-14T12:20:42.8676152Z Create additional symlinks (Required for the UsePythonVersion Azure Pipelines task and the setup-python GitHub Action)
2026-09-14T12:20:42.8707359Z Upgrading pip...
2026-09-14T12:20:46.4253485Z Collecting pip
2026-09-14T12:20:46.4889142Z Downloading pip-26.2.1-py3-none-any.whl.metadata (4.6 kB)
2026-09-14T12:20:46.5071864Z Downloading pip-26.2.1-py3-none-any.whl (1.8 MB)
2026-09-14T12:20:46.6093366Z ━━━━━━━━━━━━━━━━━━━━━━━━━━━━━━━━━━━━━━━━ 1.8/1.8 MB 24.0 MB/s eta 0:00:00
2026-09-14T12:20:46.6093885Z 
2026-09-14T12:20:46.6284764Z Installing collected packages: pip
2026-09-14T12:20:46.6286140Z Attempting uninstall: pip
2026-09-14T12:20:46.6305345Z Found existing installation: pip 25.0.1
2026-09-14T12:20:46.6530624Z Uninstalling pip-25.0.1:
2026-09-14T12:20:46.6573737Z Successfully uninstalled pip-25.0.1
2026-09-14T12:20:47.5543866Z Successfully installed pip-26.2.1
2026-09-14T12:20:47.6126390Z Create complete file
2026-09-14T12:20:47.6156292Z Successfully set up CPython (3.12.13)
2026-09-14T12:20:47.6157326Z ##[endgroup]
2026-09-14T12:20:47.6306705Z ##[group]Run python -m pip install uv==0.11.21
2026-09-14T12:20:47.6307422Z [36;1mpython -m pip install uv==0.11.21[0m
2026-09-14T12:20:47.6338097Z shell: /usr/bin/bash -e {0}
2026-09-14T12:20:47.6338542Z env:
2026-09-14T12:20:47.6338915Z   pythonLocation: /opt/hostedtoolcache/Python/3.12.13/x64
2026-09-14T12:20:47.6339458Z   PKG_CONFIG_PATH: /opt/hostedtoolcache/Python/3.12.13/x64/lib/pkgconfig
2026-09-14T12:20:47.6339990Z   Python_ROOT_DIR: /opt/hostedtoolcache/Python/3.12.13/x64
2026-09-14T12:20:47.6340642Z   Python2_ROOT_DIR: /opt/hostedtoolcache/Python/3.12.13/x64
2026-09-14T12:20:47.6341070Z   Python3_ROOT_DIR: /opt/hostedtoolcache/Python/3.12.13/x64
2026-09-14T12:20:47.6341572Z   LD_LIBRARY_PATH: /opt/hostedtoolcache/Python/3.12.13/x64/lib
2026-09-14T12:20:47.6341951Z ##[endgroup]
2026-09-14T12:20:48.6529883Z Collecting uv==0.11.21
2026-09-14T12:20:48.7311939Z   Downloading uv-0.11.21-py3-none-manylinux_2_17_x86_64.manylinux2014_x86_64.whl.metadata (11 kB)
2026-09-14T12:20:48.7533936Z Downloading uv-0.11.21-py3-none-manylinux_2_17_x86_64.manylinux2014_x86_64.whl (25.1 MB)
2026-09-14T12:20:49.0590353Z    ━━━━━━━━━━━━━━━━━━━━━━━━━━━━━━━━━━━━━━━━ 25.1/25.1 MB 92.1 MB/s  0:00:00
2026-09-14T12:20:49.1014172Z Installing collected packages: uv
2026-09-14T12:20:49.4058835Z Successfully installed uv-0.11.21
2026-09-14T12:20:49.4654607Z ##[group]Run uv sync --frozen
2026-09-14T12:20:49.4655033Z [36;1muv sync --frozen[0m
2026-09-14T12:20:49.4677657Z shell: /usr/bin/bash -e {0}
2026-09-14T12:20:49.4678092Z env:
2026-09-14T12:20:49.4678464Z   pythonLocation: /opt/hostedtoolcache/Python/3.12.13/x64
2026-09-14T12:20:49.4678971Z   PKG_CONFIG_PATH: /opt/hostedtoolcache/Python/3.12.13/x64/lib/pkgconfig
2026-09-14T12:20:49.4679477Z   Python_ROOT_DIR: /opt/hostedtoolcache/Python/3.12.13/x64
2026-09-14T12:20:49.4679916Z   Python2_ROOT_DIR: /opt/hostedtoolcache/Python/3.12.13/x64
2026-09-14T12:20:49.4680975Z   Python3_ROOT_DIR: /opt/hostedtoolcache/Python/3.12.13/x64
2026-09-14T12:20:49.4681528Z   LD_LIBRARY_PATH: /opt/hostedtoolcache/Python/3.12.13/x64/lib
2026-09-14T12:20:49.4681959Z ##[endgroup]
2026-09-14T12:20:49.5205855Z Using CPython 3.12.13 interpreter at: /opt/hostedtoolcache/Python/3.12.13/x64/bin/python3.12
2026-09-14T12:20:49.5206795Z Creating virtual environment at: .venv
2026-09-14T12:20:49.6109940Z Downloading ruff (9.9MiB)
2026-09-14T12:20:49.6111898Z Downloading ast-serialize (1.3MiB)
2026-09-14T12:20:49.6114795Z Downloading pygments (1.2MiB)
2026-09-14T12:20:49.6115691Z Downloading mypy (14.6MiB)
2026-09-14T12:20:49.6116518Z Downloading pydantic-core (2.0MiB)
2026-09-14T12:20:49.9111538Z  Downloaded ast-serialize
2026-09-14T12:20:49.9184344Z  Downloaded pygments
2026-09-14T12:20:49.9375645Z  Downloaded pydantic-core
2026-09-14T12:20:50.1056720Z  Downloaded ruff
2026-09-14T12:20:50.2817886Z  Downloaded mypy
2026-09-14T12:20:50.3249541Z Prepared 37 packages in 802ms
2026-09-14T12:20:50.3747492Z Installed 37 packages in 49ms
2026-09-14T12:20:50.3748183Z  + annotated-doc==0.0.5
2026-09-14T12:20:50.3748621Z  + annotated-types==0.8.0
2026-09-14T12:20:50.3749066Z  + anyio==4.15.1
2026-09-14T12:20:50.3749496Z  + ast-serialize==0.11.2
2026-09-14T12:20:50.3749918Z  + attrs==26.1.0
2026-09-14T12:20:50.3750429Z  + certifi==2026.7.22
2026-09-14T12:20:50.3750848Z  + click==8.5.0
2026-09-14T12:20:50.3751274Z  + defusedxml==0.7.1
2026-09-14T12:20:50.3751717Z  + fastapi==0.141.1
2026-09-14T12:20:50.3752321Z  + h11==0.16.0
2026-09-14T12:20:50.3752704Z  + httpcore==1.0.9
2026-09-14T12:20:50.3753109Z  + httpx==0.28.1
2026-09-14T12:20:50.3753498Z  + idna==3.19
2026-09-14T12:20:50.3753890Z  + iniconfig==2.3.0
2026-09-14T12:20:50.3754299Z  + jsonschema==4.26.0
2026-09-14T12:20:50.3754723Z  + jsonschema-specifications==2025.9.1
2026-09-14T12:20:50.3755221Z  + librt==0.15.0
2026-09-14T12:20:50.3755650Z  + markdown-it-py==4.2.0
2026-09-14T12:20:50.3756073Z  + mdurl==0.1.2
2026-09-14T12:20:50.3756464Z  + mypy==2.3.1
2026-09-14T12:20:50.3756826Z  + mypy-extensions==1.1.0
2026-09-14T12:20:50.3769744Z  + packaging==26.3
2026-09-14T12:20:50.3770655Z  + pathspec==1.1.1
2026-09-14T12:20:50.3771692Z  + pluggy==1.6.0
2026-09-14T12:20:50.3772755Z  + pydantic==2.13.5
2026-09-14T12:20:50.3773211Z  + pydantic-core==2.46.5
2026-09-14T12:20:50.3773609Z  + pygments==2.21.0
2026-09-14T12:20:50.3773939Z  + pypdf==6.18.1
2026-09-14T12:20:50.3774266Z  + pytest==9.1.1
2026-09-14T12:20:50.3774567Z  + python-multipart==0.0.32
2026-09-14T12:20:50.3774878Z  + referencing==0.37.0
2026-09-14T12:20:50.3775206Z  + rpds-py==2026.6.3
2026-09-14T12:20:50.3775526Z  + ruff==0.16.7
2026-09-14T12:20:50.3775814Z  + starlette==1.6.0
2026-09-14T12:20:50.3776163Z  + typing-extensions==4.16.0
2026-09-14T12:20:50.3776478Z  + typing-inspection==0.4.4
2026-09-14T12:20:50.3802271Z  + uvicorn==0.53.0
2026-09-14T12:20:50.3841519Z ##[group]Run sudo apt-get update
2026-09-14T12:20:50.3841930Z [36;1msudo apt-get update[0m
2026-09-14T12:20:50.3842434Z [36;1msudo apt-get install -y bubblewrap=0.9.0-1ubuntu0.1 libseccomp2=2.5.5-1ubuntu3.1[0m
2026-09-14T12:20:50.3842920Z [36;1mbwrap --version[0m
2026-09-14T12:20:50.3865500Z shell: /usr/bin/bash -e {0}
2026-09-14T12:20:50.3865889Z env:
2026-09-14T12:20:50.3866248Z   pythonLocation: /opt/hostedtoolcache/Python/3.12.13/x64
2026-09-14T12:20:50.3866833Z   PKG_CONFIG_PATH: /opt/hostedtoolcache/Python/3.12.13/x64/lib/pkgconfig
2026-09-14T12:20:50.3867337Z   Python_ROOT_DIR: /opt/hostedtoolcache/Python/3.12.13/x64
2026-09-14T12:20:50.3867780Z   Python2_ROOT_DIR: /opt/hostedtoolcache/Python/3.12.13/x64
2026-09-14T12:20:50.3868237Z   Python3_ROOT_DIR: /opt/hostedtoolcache/Python/3.12.13/x64
2026-09-14T12:20:50.3868685Z   LD_LIBRARY_PATH: /opt/hostedtoolcache/Python/3.12.13/x64/lib
2026-09-14T12:20:50.3869088Z ##[endgroup]
2026-09-14T12:20:50.7786950Z Get:1 file:/etc/apt/apt-mirrors.txt Mirrorlist [144 B]
2026-09-14T12:20:50.8291278Z Hit:2 http://azure.archive.ubuntu.com/ubuntu noble InRelease
2026-09-14T12:20:50.8315418Z Get:3 http://azure.archive.ubuntu.com/ubuntu noble-updates InRelease [126 kB]
2026-09-14T12:20:50.8331639Z Get:6 https://packages.microsoft.com/ubuntu/24.04/prod noble InRelease [3600 B]
2026-09-14T12:20:50.8438331Z Get:4 http://azure.archive.ubuntu.com/ubuntu noble-backports InRelease [126 kB]
2026-09-14T12:20:50.8622176Z Get:5 http://azure.archive.ubuntu.com/ubuntu noble-security InRelease [126 kB]
2026-09-14T12:20:50.9457639Z Get:7 http://azure.archive.ubuntu.com/ubuntu noble-updates/main amd64 Packages [1263 kB]
2026-09-14T12:20:50.9825880Z Get:16 https://dl.google.com/linux/chrome-stable/deb stable InRelease [2548 B]
2026-09-14T12:20:50.9829847Z Get:8 http://azure.archive.ubuntu.com/ubuntu noble-updates/main Translation-en [292 kB]
2026-09-14T12:20:50.9873497Z Get:17 https://packages.microsoft.com/ubuntu/24.04/prod noble/main arm64 Packages [414 kB]
2026-09-14T12:20:50.9923359Z Get:9 http://azure.archive.ubuntu.com/ubuntu noble-updates/main amd64 Components [181 kB]
2026-09-14T12:20:51.0202362Z Get:10 http://azure.archive.ubuntu.com/ubuntu noble-updates/universe amd64 Packages [1691 kB]
2026-09-14T12:20:51.0301081Z Get:20 https://packages.microsoft.com/ubuntu/24.04/prod noble/main amd64 Packages [463 kB]
2026-09-14T12:20:51.0409553Z Get:11 http://azure.archive.ubuntu.com/ubuntu noble-updates/universe Translation-en [339 kB]
2026-09-14T12:20:51.0703799Z Get:12 http://azure.archive.ubuntu.com/ubuntu noble-updates/universe amd64 Components [388 kB]
2026-09-14T12:20:51.0832645Z Get:13 http://azure.archive.ubuntu.com/ubuntu noble-updates/restricted amd64 Packages [1544 kB]
2026-09-14T12:20:51.1029018Z Get:14 http://azure.archive.ubuntu.com/ubuntu noble-updates/restricted Translation-en [354 kB]
2026-09-14T12:20:51.1410070Z Get:15 http://azure.archive.ubuntu.com/ubuntu noble-updates/multiverse amd64 Components [940 B]
2026-09-14T12:20:51.1413377Z Get:18 http://azure.archive.ubuntu.com/ubuntu noble-backports/main amd64 Components [5772 B]
2026-09-14T12:20:51.1849051Z Get:19 http://azure.archive.ubuntu.com/ubuntu noble-backports/universe amd64 Components [12.6 kB]
2026-09-14T12:20:51.2208967Z Get:21 http://azure.archive.ubuntu.com/ubuntu noble-security/main amd64 Packages [1006 kB]
2026-09-14T12:20:51.2221316Z Get:29 https://dl.google.com/linux/chrome-stable/deb stable/main amd64 Packages [1410 B]
2026-09-14T12:20:51.2698908Z Get:22 http://azure.archive.ubuntu.com/ubuntu noble-security/main Translation-en [213 kB]
2026-09-14T12:20:51.2816085Z Get:23 http://azure.archive.ubuntu.com/ubuntu noble-security/main amd64 Components [46.4 kB]
2026-09-14T12:20:51.2822523Z Get:24 http://azure.archive.ubuntu.com/ubuntu noble-security/universe amd64 Packages [1206 kB]
2026-09-14T12:20:51.3205923Z Get:25 http://azure.archive.ubuntu.com/ubuntu noble-security/universe Translation-en [242 kB]
2026-09-14T12:20:51.3300880Z Get:26 http://azure.archive.ubuntu.com/ubuntu noble-security/universe amd64 Components [76.3 kB]
2026-09-14T12:20:51.3525196Z Get:27 http://azure.archive.ubuntu.com/ubuntu noble-security/restricted amd64 Packages [1445 kB]
2026-09-14T12:20:51.3916794Z Get:28 http://azure.archive.ubuntu.com/ubuntu noble-security/restricted Translation-en [336 kB]
2026-09-14T12:20:56.7322443Z Fetched 11.9 MB in 1s (8795 kB/s)
2026-09-14T12:20:57.5179549Z Reading package lists...
2026-09-14T12:20:57.5608417Z Reading package lists...
2026-09-14T12:20:57.7029901Z Building dependency tree...
2026-09-14T12:20:57.7035024Z Reading state information...
2026-09-14T12:20:57.8676703Z libseccomp2 is already the newest version (2.5.5-1ubuntu3.1).
2026-09-14T12:20:57.8677659Z libseccomp2 set to manually installed.
2026-09-14T12:20:57.8678135Z The following NEW packages will be installed:
2026-09-14T12:20:57.8683838Z   bubblewrap
2026-09-14T12:20:57.8832423Z 0 upgraded, 1 newly installed, 0 to remove and 50 not upgraded.
2026-09-14T12:20:57.8833300Z Need to get 50.2 kB of archives.
2026-09-14T12:20:57.8834275Z After this operation, 133 kB of additional disk space will be used.
2026-09-14T12:20:57.8835098Z Get:1 file:/etc/apt/apt-mirrors.txt Mirrorlist [144 B]
2026-09-14T12:20:58.0114626Z Get:2 http://azure.archive.ubuntu.com/ubuntu noble-updates/main amd64 bubblewrap amd64 0.9.0-1ubuntu0.1 [50.2 kB]
2026-09-14T12:20:58.3628949Z Fetched 50.2 kB in 0s (368 kB/s)
2026-09-14T12:20:58.3847521Z Selecting previously unselected package bubblewrap.
2026-09-14T12:20:58.5610401Z (Reading database ... 
2026-09-14T12:20:58.5610996Z (Reading database ... 5%
2026-09-14T12:20:58.5611712Z (Reading database ... 10%
2026-09-14T12:20:58.5612186Z (Reading database ... 15%
2026-09-14T12:20:58.5612592Z (Reading database ... 20%
2026-09-14T12:20:58.5612898Z (Reading database ... 25%
2026-09-14T12:20:58.5613189Z (Reading database ... 30%
2026-09-14T12:20:58.5613526Z (Reading database ... 35%
2026-09-14T12:20:58.5613830Z (Reading database ... 40%
2026-09-14T12:20:58.5614163Z (Reading database ... 45%
2026-09-14T12:20:58.5614517Z (Reading database ... 50%
2026-09-14T12:20:58.5656786Z (Reading database ... 55%
2026-09-14T12:20:58.6821592Z (Reading database ... 60%
2026-09-14T12:20:58.8844213Z (Reading database ... 65%
2026-09-14T12:20:59.0482604Z (Reading database ... 70%
2026-09-14T12:20:59.2311722Z (Reading database ... 75%
2026-09-14T12:20:59.4567142Z (Reading database ... 80%
2026-09-14T12:20:59.6253818Z (Reading database ... 85%
2026-09-14T12:20:59.8318342Z (Reading database ... 90%
2026-09-14T12:21:00.0439081Z (Reading database ... 95%
2026-09-14T12:21:00.0439838Z (Reading database ... 100%
2026-09-14T12:21:00.0444423Z (Reading database ... 201818 files and directories currently installed.)
2026-09-14T12:21:00.0482943Z Preparing to unpack .../bubblewrap_0.9.0-1ubuntu0.1_amd64.deb ...
2026-09-14T12:21:00.0527874Z Unpacking bubblewrap (0.9.0-1ubuntu0.1) ...
2026-09-14T12:21:00.0900556Z Setting up bubblewrap (0.9.0-1ubuntu0.1) ...
2026-09-14T12:21:00.0953852Z Processing triggers for man-db (2.12.0-4build2) ...
2026-09-14T12:21:00.0974781Z Not building database; man-db/auto-update is not 'true'.
2026-09-14T12:21:00.6009696Z 
2026-09-14T12:21:00.6010675Z Running kernel seems to be up-to-date.
2026-09-14T12:21:00.6011044Z 
2026-09-14T12:21:00.6011327Z No services need to be restarted.
2026-09-14T12:21:00.6011505Z 
2026-09-14T12:21:00.6012120Z No containers need to be restarted.
2026-09-14T12:21:00.6012350Z 
2026-09-14T12:21:00.6012506Z No user sessions are running outdated binaries.
2026-09-14T12:21:00.6012768Z 
2026-09-14T12:21:00.6012963Z No VM guests are running outdated hypervisor (qemu) binaries on this host.
2026-09-14T12:21:01.3842800Z bubblewrap 0.9.0
2026-09-14T12:21:01.3882640Z ##[group]Run uv run --frozen ruff check .
2026-09-14T12:21:01.3883080Z [36;1muv run --frozen ruff check .[0m
2026-09-14T12:21:01.3905579Z shell: /usr/bin/bash -e {0}
2026-09-14T12:21:01.3905953Z env:
2026-09-14T12:21:01.3906324Z   pythonLocation: /opt/hostedtoolcache/Python/3.12.13/x64
2026-09-14T12:21:01.3906816Z   PKG_CONFIG_PATH: /opt/hostedtoolcache/Python/3.12.13/x64/lib/pkgconfig
2026-09-14T12:21:01.3907338Z   Python_ROOT_DIR: /opt/hostedtoolcache/Python/3.12.13/x64
2026-09-14T12:21:01.3907777Z   Python2_ROOT_DIR: /opt/hostedtoolcache/Python/3.12.13/x64
2026-09-14T12:21:01.3908250Z   Python3_ROOT_DIR: /opt/hostedtoolcache/Python/3.12.13/x64
2026-09-14T12:21:01.3908700Z   LD_LIBRARY_PATH: /opt/hostedtoolcache/Python/3.12.13/x64/lib
2026-09-14T12:21:01.3909073Z ##[endgroup]
2026-09-14T12:21:01.4634367Z All checks passed!
2026-09-14T12:21:01.4677361Z ##[group]Run uv run --frozen mypy
2026-09-14T12:21:01.4677752Z [36;1muv run --frozen mypy[0m
2026-09-14T12:21:01.4698977Z shell: /usr/bin/bash -e {0}
2026-09-14T12:21:01.4699401Z env:
2026-09-14T12:21:01.4699766Z   pythonLocation: /opt/hostedtoolcache/Python/3.12.13/x64
2026-09-14T12:21:01.4700422Z   PKG_CONFIG_PATH: /opt/hostedtoolcache/Python/3.12.13/x64/lib/pkgconfig
2026-09-14T12:21:01.4700971Z   Python_ROOT_DIR: /opt/hostedtoolcache/Python/3.12.13/x64
2026-09-14T12:21:01.4701421Z   Python2_ROOT_DIR: /opt/hostedtoolcache/Python/3.12.13/x64
2026-09-14T12:21:01.4701846Z   Python3_ROOT_DIR: /opt/hostedtoolcache/Python/3.12.13/x64
2026-09-14T12:21:01.4702324Z   LD_LIBRARY_PATH: /opt/hostedtoolcache/Python/3.12.13/x64/lib
2026-09-14T12:21:01.4702718Z ##[endgroup]
2026-09-14T12:21:05.6821467Z Success: no issues found in 48 source files
2026-09-14T12:21:05.6925359Z ##[group]Run uv run --frozen pytest tests/unit tests/security
2026-09-14T12:21:05.6925870Z [36;1muv run --frozen pytest tests/unit tests/security[0m
2026-09-14T12:21:05.6948632Z shell: /usr/bin/bash -e {0}
2026-09-14T12:21:05.6948980Z env:
2026-09-14T12:21:05.6949390Z   pythonLocation: /opt/hostedtoolcache/Python/3.12.13/x64
2026-09-14T12:21:05.6949881Z   PKG_CONFIG_PATH: /opt/hostedtoolcache/Python/3.12.13/x64/lib/pkgconfig
2026-09-14T12:21:05.6950599Z   Python_ROOT_DIR: /opt/hostedtoolcache/Python/3.12.13/x64
2026-09-14T12:21:05.6951063Z   Python2_ROOT_DIR: /opt/hostedtoolcache/Python/3.12.13/x64
2026-09-14T12:21:05.6951506Z   Python3_ROOT_DIR: /opt/hostedtoolcache/Python/3.12.13/x64
2026-09-14T12:21:05.6951966Z   LD_LIBRARY_PATH: /opt/hostedtoolcache/Python/3.12.13/x64/lib
2026-09-14T12:21:05.6952353Z ##[endgroup]
2026-09-14T12:21:07.8443760Z ============================= test session starts ==============================
2026-09-14T12:21:07.8444647Z platform linux -- Python 3.12.13, pytest-9.1.1, pluggy-1.6.0
2026-09-14T12:21:07.8445159Z rootdir: <USER_HOME>/work/Learning_Workbench/Learning_Workbench
2026-09-14T12:21:07.8445607Z configfile: pyproject.toml
2026-09-14T12:21:07.8445941Z plugins: anyio-4.15.1
2026-09-14T12:21:07.8446259Z collected 258 items
2026-09-14T12:21:07.8446484Z 
2026-09-14T12:21:09.9503648Z tests/unit/test_backend_database.py ........                             [  3%]
2026-09-14T12:21:10.0414849Z tests/unit/test_backup_command.py ...                                    [  4%]
2026-09-14T12:21:10.2520375Z tests/unit/test_content_store.py ....................................... [ 19%]
2026-09-14T12:21:10.3222998Z ...........................                                              [ 29%]
2026-09-14T12:21:10.8781869Z tests/unit/test_document_extraction.py F.FFFFFFFFFFFF........FF..FFFFFFF [ 42%]
2026-09-14T12:21:11.0925783Z F.FFFFFFFFFFFFFF                                                         [ 48%]
2026-09-14T12:21:11.0967413Z tests/unit/test_governance.py .....                                      [ 50%]
2026-09-14T12:21:11.1643830Z tests/unit/test_import_budgets.py ......................                 [ 59%]
2026-09-14T12:21:11.3325642Z tests/unit/test_import_parsing.py .................................FF... [ 74%]
2026-09-14T12:21:11.4429180Z ......                                                                   [ 76%]
2026-09-14T12:21:11.9004991Z tests/unit/test_spec_catalog.py ....                                     [ 77%]
2026-09-14T12:21:11.9165445Z tests/unit/test_spec_extraction.py .........                             [ 81%]
2026-09-14T12:21:12.7070389Z tests/security/test_document_sandbox.py FFFFFF.......FF                  [ 87%]
2026-09-14T12:21:15.4629339Z tests/security/test_local_boundary.py .................................  [100%]
2026-09-14T12:21:15.4630041Z 
2026-09-14T12:21:15.4630613Z =================================== FAILURES ===================================
2026-09-14T12:21:15.4631454Z __ test_pdf_two_pages_are_exact_source_citations_and_distinct_derived_bodies ___
2026-09-14T12:21:15.4631994Z 
2026-09-14T12:21:15.4632405Z     def test_pdf_two_pages_are_exact_source_citations_and_distinct_derived_bodies():
2026-09-14T12:21:15.4633232Z         original = pdf_text_fixture()
2026-09-14T12:21:15.4633785Z >       result = parse(original, "pdf")
2026-09-14T12:21:15.4634329Z                  ^^^^^^^^^^^^^^^^^^^^^^
2026-09-14T12:21:15.4634688Z 
2026-09-14T12:21:15.4634952Z tests/unit/test_document_extraction.py:40: 
2026-09-14T12:21:15.4635586Z _ _ _ _ _ _ _ _ _ _ _ _ _ _ _ _ _ _ _ _ _ _ _ _ _ _ _ _ _ _ _ _ _ _ _ _ _ _ _ _ 
2026-09-14T12:21:15.4636322Z tests/unit/test_document_extraction.py:31: in parse
2026-09-14T12:21:15.4637208Z     return parse_import(data, kind=kind, filename="synthetic." + kind, source_id=SOURCE, budgets=budgets)
2026-09-14T12:21:15.4638162Z            ^^^^^^^^^^^^^^^^^^^^^^^^^^^^^^^^^^^^^^^^^^^^^^^^^^^^^^^^^^^^^^^^^^^^^^^^^^^^^^^^^^^^^^^^^^^^^^
2026-09-14T12:21:15.4639233Z _ _ _ _ _ _ _ _ _ _ _ _ _ _ _ _ _ _ _ _ _ _ _ _ _ _ _ _ _ _ _ _ _ _ _ _ _ _ _ _ 
2026-09-14T12:21:15.4639715Z 
2026-09-14T12:21:15.4640915Z data = b'%PDF-1.4\n%\xe2\xe3\xcf\xd3\n1 0 obj\n<< /Type /Catalog /Pages 2 0 R >>\nendobj\n2 0 obj\n<< /Type /Pages /Count 2 /...0865 00000 n \n0000011144 00000 n \n0000011296 00000 n \ntrailer\n<< /Size 9 /Root 1 0 R >>\nstartxref\n11530\n%%EOF\n'
2026-09-14T12:21:15.4642631Z kind = 'pdf', filename = 'synthetic.pdf', source_id = 'source_document_test'
2026-09-14T12:21:15.4643957Z budgets = ImportBudgets(max_source_bytes=52428800, max_block_characters=400000, max_package_bytes=209715200, max_package_files=2000, max_compression_ratio=100)
2026-09-14T12:21:15.4644889Z 
2026-09-14T12:21:15.4645066Z     def parse_import(
2026-09-14T12:21:15.4645873Z         data: bytes, *, kind: str, filename: str, source_id: str, budgets: ImportBudgets = ImportBudgets()
2026-09-14T12:21:15.4646681Z     ) -> ParsedImport:
2026-09-14T12:21:15.4647320Z         if type(data) is not bytes or len(data) > budgets.max_source_bytes:
2026-09-14T12:21:15.4648116Z             raise ImportParsingError(
2026-09-14T12:21:15.4649232Z                 "SOURCE_BUDGET_EXCEEDED", f"单原件必须是字节流且不超过配置预算 {budgets.max_source_bytes} 字节。"
2026-09-14T12:21:15.4650030Z             )
2026-09-14T12:21:15.4650596Z         try:
2026-09-14T12:21:15.4651147Z             TypeAdapter(dm.Id).validate_python(source_id)
2026-09-14T12:21:15.4651766Z             if not isinstance(filename, str):
2026-09-14T12:21:15.4652408Z                 raise ValueError("Invalid filename")
2026-09-14T12:21:15.4653027Z         except (ValidationError, ValueError):
2026-09-14T12:21:15.4653927Z             raise ImportParsingError("IMPORT_INPUT_INVALID", "来源标识或文件名无效。") from None
2026-09-14T12:21:15.4654798Z         actual_kind = detected_kind(data, kind, filename)
2026-09-14T12:21:15.4655393Z         if actual_kind in {"pdf", "docx"}:
2026-09-14T12:21:15.4656141Z             from ..infrastructure.document_sandbox import DocumentSandboxError, extract_document
2026-09-14T12:21:15.4657509Z             from .import_extract_build import build_document, source_warnings
2026-09-14T12:21:15.4658193Z     
2026-09-14T12:21:15.4658649Z             try:
2026-09-14T12:21:15.4659416Z                 document = extract_document(data, kind=actual_kind, filename=filename, source_id=source_id, budgets=budgets)
2026-09-14T12:21:15.4660860Z             except DocumentSandboxError as error:
2026-09-14T12:21:15.4661816Z >               raise ImportParsingError(error.code, "文档隔离提取未完成；原件已保留，请查看定位诊断或修正提取环境。",
2026-09-14T12:21:15.4663413Z                                          warnings=source_warnings(error.warnings, source_id)) from None
2026-09-14T12:21:15.4664762Z E               services.api.app.application.import_parse_types.ImportParsingError: 文档隔离提取未完成；原件已保留，请查看定位诊断或修正提取环境。
2026-09-14T12:21:15.4665467Z 
2026-09-14T12:21:15.4665819Z services/api/app/application/import_parsing.py:78: ImportParsingError
2026-09-14T12:21:15.4666725Z ____ test_mixed_pdf_preserves_readable_page_and_marks_exact_unreadable_page ____
2026-09-14T12:21:15.4667282Z 
2026-09-14T12:21:15.4667719Z     def test_mixed_pdf_preserves_readable_page_and_marks_exact_unreadable_page():
2026-09-14T12:21:15.4668524Z >       result = parse(pdf_mixed_fixture(), "pdf")
2026-09-14T12:21:15.4669098Z                  ^^^^^^^^^^^^^^^^^^^^^^^^^^^^^^^^^
2026-09-14T12:21:15.4669477Z 
2026-09-14T12:21:15.4669680Z tests/unit/test_document_extraction.py:65: 
2026-09-14T12:21:15.4670483Z _ _ _ _ _ _ _ _ _ _ _ _ _ _ _ _ _ _ _ _ _ _ _ _ _ _ _ _ _ _ _ _ _ _ _ _ _ _ _ _ 
2026-09-14T12:21:15.4671173Z tests/unit/test_document_extraction.py:31: in parse
2026-09-14T12:21:15.4672164Z     return parse_import(data, kind=kind, filename="synthetic." + kind, source_id=SOURCE, budgets=budgets)
2026-09-14T12:21:15.4673066Z            ^^^^^^^^^^^^^^^^^^^^^^^^^^^^^^^^^^^^^^^^^^^^^^^^^^^^^^^^^^^^^^^^^^^^^^^^^^^^^^^^^^^^^^^^^^^^^^
2026-09-14T12:21:15.4673770Z _ _ _ _ _ _ _ _ _ _ _ _ _ _ _ _ _ _ _ _ _ _ _ _ _ _ _ _ _ _ _ _ _ _ _ _ _ _ _ _ 
2026-09-14T12:21:15.4674223Z 
2026-09-14T12:21:15.4675487Z data = b'%PDF-1.4\n%\xe2\xe3\xcf\xd3\n1 0 obj\n<< /Type /Catalog /Pages 2 0 R >>\nendobj\n2 0 obj\n<< /Type /Pages /Count 2 /...0865 00000 n \n0000010967 00000 n \n0000011119 00000 n \ntrailer\n<< /Size 9 /Root 1 0 R >>\nstartxref\n11202\n%%EOF\n'
2026-09-14T12:21:15.4677016Z kind = 'pdf', filename = 'synthetic.pdf', source_id = 'source_document_test'
2026-09-14T12:21:15.4678329Z budgets = ImportBudgets(max_source_bytes=52428800, max_block_characters=400000, max_package_bytes=209715200, max_package_files=2000, max_compression_ratio=100)
2026-09-14T12:21:15.4679231Z 
2026-09-14T12:21:15.4679446Z     def parse_import(
2026-09-14T12:21:15.4680167Z         data: bytes, *, kind: str, filename: str, source_id: str, budgets: ImportBudgets = ImportBudgets()
2026-09-14T12:21:15.4681864Z     ) -> ParsedImport:
2026-09-14T12:21:15.4682551Z         if type(data) is not bytes or len(data) > budgets.max_source_bytes:
2026-09-14T12:21:15.4683225Z             raise ImportParsingError(
2026-09-14T12:21:15.4684151Z                 "SOURCE_BUDGET_EXCEEDED", f"单原件必须是字节流且不超过配置预算 {budgets.max_source_bytes} 字节。"
2026-09-14T12:21:15.4685089Z             )
2026-09-14T12:21:15.4685483Z         try:
2026-09-14T12:21:15.4686017Z             TypeAdapter(dm.Id).validate_python(source_id)
2026-09-14T12:21:15.4686641Z             if not isinstance(filename, str):
2026-09-14T12:21:15.4687192Z                 raise ValueError("Invalid filename")
2026-09-14T12:21:15.4687966Z         except (ValidationError, ValueError):
2026-09-14T12:21:15.4688857Z             raise ImportParsingError("IMPORT_INPUT_INVALID", "来源标识或文件名无效。") from None
2026-09-14T12:21:15.4689712Z         actual_kind = detected_kind(data, kind, filename)
2026-09-14T12:21:15.4690393Z         if actual_kind in {"pdf", "docx"}:
2026-09-14T12:21:15.4691284Z             from ..infrastructure.document_sandbox import DocumentSandboxError, extract_document
2026-09-14T12:21:15.4692177Z             from .import_extract_build import build_document, source_warnings
2026-09-14T12:21:15.4693029Z     
2026-09-14T12:21:15.4693460Z             try:
2026-09-14T12:21:15.4694229Z                 document = extract_document(data, kind=actual_kind, filename=filename, source_id=source_id, budgets=budgets)
2026-09-14T12:21:15.4695263Z             except DocumentSandboxError as error:
2026-09-14T12:21:15.4696168Z >               raise ImportParsingError(error.code, "文档隔离提取未完成；原件已保留，请查看定位诊断或修正提取环境。",
2026-09-14T12:21:15.4697131Z                                          warnings=source_warnings(error.warnings, source_id)) from None
2026-09-14T12:21:15.4698371Z E               services.api.app.application.import_parse_types.ImportParsingError: 文档隔离提取未完成；原件已保留，请查看定位诊断或修正提取环境。
2026-09-14T12:21:15.4699069Z 
2026-09-14T12:21:15.4699405Z services/api/app/application/import_parsing.py:78: ImportParsingError
2026-09-14T12:21:15.4700729Z _ test_failed_documents_return_safe_diagnostics_without_candidate_or_raw_exception[pdf_scan_fixture-pdf-PDF_NO_EXTRACTABLE_TEXT] _
2026-09-14T12:21:15.4701574Z 
2026-09-14T12:21:15.4702321Z factory = <function pdf_scan_fixture at 0x7fea4c32d1c0>, kind = 'pdf'
2026-09-14T12:21:15.4703041Z code = 'PDF_NO_EXTRACTABLE_TEXT'
2026-09-14T12:21:15.4703323Z 
2026-09-14T12:21:15.4703584Z     @pytest.mark.parametrize("factory,kind,code", [
2026-09-14T12:21:15.4704306Z         (pdf_scan_fixture, "pdf", "PDF_NO_EXTRACTABLE_TEXT"),
2026-09-14T12:21:15.4705028Z         (pdf_encrypted_fixture, "pdf", "PDF_ENCRYPTED_UNSUPPORTED"),
2026-09-14T12:21:15.4705725Z         (pdf_malformed_fixture, "pdf", "PDF_MALFORMED"),
2026-09-14T12:21:15.4706434Z         (docx_malformed_fixture, "docx", "DOCX_XML_INVALID"),
2026-09-14T12:21:15.4707120Z         (docx_dtd_fixture, "docx", "DOCX_XML_UNSAFE"),
2026-09-14T12:21:15.4707704Z     ])
2026-09-14T12:21:15.4708468Z     def test_failed_documents_return_safe_diagnostics_without_candidate_or_raw_exception(factory, kind, code):
2026-09-14T12:21:15.4709397Z         with pytest.raises(ImportParsingError) as error:
2026-09-14T12:21:15.4710163Z             parse(factory(), kind)
2026-09-14T12:21:15.4710872Z >       assert error.value.code == code
2026-09-14T12:21:15.4711640Z E       AssertionError: assert 'EXTRACTION_E...T_UNAVAILABLE' == 'PDF_NO_EXTRACTABLE_TEXT'
2026-09-14T12:21:15.4712376Z E         
2026-09-14T12:21:15.4712861Z E         - PDF_NO_EXTRACTABLE_TEXT
2026-09-14T12:21:15.4713461Z E         + EXTRACTION_ENVIRONMENT_UNAVAILABLE
2026-09-14T12:21:15.4713825Z 
2026-09-14T12:21:15.4714123Z tests/unit/test_document_extraction.py:82: AssertionError
2026-09-14T12:21:15.4715252Z _ test_failed_documents_return_safe_diagnostics_without_candidate_or_raw_exception[pdf_encrypted_fixture-pdf-PDF_ENCRYPTED_UNSUPPORTED] _
2026-09-14T12:21:15.4716113Z 
2026-09-14T12:21:15.4716448Z factory = <function pdf_encrypted_fixture at 0x7fea4c32cd60>, kind = 'pdf'
2026-09-14T12:21:15.4717180Z code = 'PDF_ENCRYPTED_UNSUPPORTED'
2026-09-14T12:21:15.4717570Z 
2026-09-14T12:21:15.4717806Z     @pytest.mark.parametrize("factory,kind,code", [
2026-09-14T12:21:15.4718542Z         (pdf_scan_fixture, "pdf", "PDF_NO_EXTRACTABLE_TEXT"),
2026-09-14T12:21:15.4719295Z         (pdf_encrypted_fixture, "pdf", "PDF_ENCRYPTED_UNSUPPORTED"),
2026-09-14T12:21:15.4720037Z         (pdf_malformed_fixture, "pdf", "PDF_MALFORMED"),
2026-09-14T12:21:15.4720853Z         (docx_malformed_fixture, "docx", "DOCX_XML_INVALID"),
2026-09-14T12:21:15.4721538Z         (docx_dtd_fixture, "docx", "DOCX_XML_UNSAFE"),
2026-09-14T12:21:15.4722098Z     ])
2026-09-14T12:21:15.4722839Z     def test_failed_documents_return_safe_diagnostics_without_candidate_or_raw_exception(factory, kind, code):
2026-09-14T12:21:15.4723817Z         with pytest.raises(ImportParsingError) as error:
2026-09-14T12:21:15.4724512Z             parse(factory(), kind)
2026-09-14T12:21:15.4725097Z >       assert error.value.code == code
2026-09-14T12:21:15.4725839Z E       AssertionError: assert 'EXTRACTION_E...T_UNAVAILABLE' == 'PDF_ENCRYPTED_UNSUPPORTED'
2026-09-14T12:21:15.4726618Z E         
2026-09-14T12:21:15.4727058Z E         - PDF_ENCRYPTED_UNSUPPORTED
2026-09-14T12:21:15.4727777Z E         + EXTRACTION_ENVIRONMENT_UNAVAILABLE
2026-09-14T12:21:15.4728254Z 
2026-09-14T12:21:15.4728513Z tests/unit/test_document_extraction.py:82: AssertionError
2026-09-14T12:21:15.4730061Z _ test_failed_documents_return_safe_diagnostics_without_candidate_or_raw_exception[pdf_malformed_fixture-pdf-PDF_MALFORMED] _
2026-09-14T12:21:15.4730869Z 
2026-09-14T12:21:15.4731861Z factory = <function pdf_malformed_fixture at 0x7fea4c32ce00>, kind = 'pdf'
2026-09-14T12:21:15.4732616Z code = 'PDF_MALFORMED'
2026-09-14T12:21:15.4732886Z 
2026-09-14T12:21:15.4733172Z     @pytest.mark.parametrize("factory,kind,code", [
2026-09-14T12:21:15.4733864Z         (pdf_scan_fixture, "pdf", "PDF_NO_EXTRACTABLE_TEXT"),
2026-09-14T12:21:15.4734643Z         (pdf_encrypted_fixture, "pdf", "PDF_ENCRYPTED_UNSUPPORTED"),
2026-09-14T12:21:15.4735342Z         (pdf_malformed_fixture, "pdf", "PDF_MALFORMED"),
2026-09-14T12:21:15.4736073Z         (docx_malformed_fixture, "docx", "DOCX_XML_INVALID"),
2026-09-14T12:21:15.4736686Z         (docx_dtd_fixture, "docx", "DOCX_XML_UNSAFE"),
2026-09-14T12:21:15.4737276Z     ])
2026-09-14T12:21:15.4738035Z     def test_failed_documents_return_safe_diagnostics_without_candidate_or_raw_exception(factory, kind, code):
2026-09-14T12:21:15.4738998Z         with pytest.raises(ImportParsingError) as error:
2026-09-14T12:21:15.4739640Z             parse(factory(), kind)
2026-09-14T12:21:15.4740162Z >       assert error.value.code == code
2026-09-14T12:21:15.4741028Z E       AssertionError: assert 'EXTRACTION_E...T_UNAVAILABLE' == 'PDF_MALFORMED'
2026-09-14T12:21:15.4741734Z E         
2026-09-14T12:21:15.4742166Z E         - PDF_MALFORMED
2026-09-14T12:21:15.4742697Z E         + EXTRACTION_ENVIRONMENT_UNAVAILABLE
2026-09-14T12:21:15.4743025Z 
2026-09-14T12:21:15.4743337Z tests/unit/test_document_extraction.py:82: AssertionError
2026-09-14T12:21:15.4744384Z _ test_failed_documents_return_safe_diagnostics_without_candidate_or_raw_exception[docx_malformed_fixture-docx-DOCX_XML_INVALID] _
2026-09-14T12:21:15.4745333Z 
2026-09-14T12:21:15.4745667Z factory = <function docx_malformed_fixture at 0x7fea4c32d620>, kind = 'docx'
2026-09-14T12:21:15.4746320Z code = 'DOCX_XML_INVALID'
2026-09-14T12:21:15.4746692Z 
2026-09-14T12:21:15.4746969Z     @pytest.mark.parametrize("factory,kind,code", [
2026-09-14T12:21:15.4747611Z         (pdf_scan_fixture, "pdf", "PDF_NO_EXTRACTABLE_TEXT"),
2026-09-14T12:21:15.4748325Z         (pdf_encrypted_fixture, "pdf", "PDF_ENCRYPTED_UNSUPPORTED"),
2026-09-14T12:21:15.4748992Z         (pdf_malformed_fixture, "pdf", "PDF_MALFORMED"),
2026-09-14T12:21:15.4749593Z         (docx_malformed_fixture, "docx", "DOCX_XML_INVALID"),
2026-09-14T12:21:15.4750541Z         (docx_dtd_fixture, "docx", "DOCX_XML_UNSAFE"),
2026-09-14T12:21:15.4751076Z     ])
2026-09-14T12:21:15.4751801Z     def test_failed_documents_return_safe_diagnostics_without_candidate_or_raw_exception(factory, kind, code):
2026-09-14T12:21:15.4752750Z         with pytest.raises(ImportParsingError) as error:
2026-09-14T12:21:15.4753313Z             parse(factory(), kind)
2026-09-14T12:21:15.4753889Z >       assert error.value.code == code
2026-09-14T12:21:15.4754568Z E       AssertionError: assert 'EXTRACTION_E...T_UNAVAILABLE' == 'DOCX_XML_INVALID'
2026-09-14T12:21:15.4755237Z E         
2026-09-14T12:21:15.4755656Z E         - DOCX_XML_INVALID
2026-09-14T12:21:15.4756151Z E         + EXTRACTION_ENVIRONMENT_UNAVAILABLE
2026-09-14T12:21:15.4756554Z 
2026-09-14T12:21:15.4756825Z tests/unit/test_document_extraction.py:82: AssertionError
2026-09-14T12:21:15.4757846Z _ test_failed_documents_return_safe_diagnostics_without_candidate_or_raw_exception[docx_dtd_fixture-docx-DOCX_XML_UNSAFE] _
2026-09-14T12:21:15.4758544Z 
2026-09-14T12:21:15.4758892Z factory = <function docx_dtd_fixture at 0x7fea4c32d6c0>, kind = 'docx'
2026-09-14T12:21:15.4759546Z code = 'DOCX_XML_UNSAFE'
2026-09-14T12:21:15.4759830Z 
2026-09-14T12:21:15.4760059Z     @pytest.mark.parametrize("factory,kind,code", [
2026-09-14T12:21:15.4760852Z         (pdf_scan_fixture, "pdf", "PDF_NO_EXTRACTABLE_TEXT"),
2026-09-14T12:21:15.4761636Z         (pdf_encrypted_fixture, "pdf", "PDF_ENCRYPTED_UNSUPPORTED"),
2026-09-14T12:21:15.4762459Z         (pdf_malformed_fixture, "pdf", "PDF_MALFORMED"),
2026-09-14T12:21:15.4763093Z         (docx_malformed_fixture, "docx", "DOCX_XML_INVALID"),
2026-09-14T12:21:15.4763738Z         (docx_dtd_fixture, "docx", "DOCX_XML_UNSAFE"),
2026-09-14T12:21:15.4764281Z     ])
2026-09-14T12:21:15.4764987Z     def test_failed_documents_return_safe_diagnostics_without_candidate_or_raw_exception(factory, kind, code):
2026-09-14T12:21:15.4765869Z         with pytest.raises(ImportParsingError) as error:
2026-09-14T12:21:15.4766476Z             parse(factory(), kind)
2026-09-14T12:21:15.4766998Z >       assert error.value.code == code
2026-09-14T12:21:15.4767727Z E       AssertionError: assert 'EXTRACTION_E...T_UNAVAILABLE' == 'DOCX_XML_UNSAFE'
2026-09-14T12:21:15.4768385Z E         
2026-09-14T12:21:15.4768765Z E         - DOCX_XML_UNSAFE
2026-09-14T12:21:15.4769299Z E         + EXTRACTION_ENVIRONMENT_UNAVAILABLE
2026-09-14T12:21:15.4769621Z 
2026-09-14T12:21:15.4769948Z tests/unit/test_document_extraction.py:82: AssertionError
2026-09-14T12:21:15.4770831Z _ test_docx_headings_paragraph_cells_and_omitted_fidelity_have_real_node_locators _
2026-09-14T12:21:15.4771396Z 
2026-09-14T12:21:15.4771780Z     def test_docx_headings_paragraph_cells_and_omitted_fidelity_have_real_node_locators():
2026-09-14T12:21:15.4772514Z         original = docx_fixture()
2026-09-14T12:21:15.4773087Z >       result = parse(original, "docx")
2026-09-14T12:21:15.4773622Z                  ^^^^^^^^^^^^^^^^^^^^^^^
2026-09-14T12:21:15.4773903Z 
2026-09-14T12:21:15.4774153Z tests/unit/test_document_extraction.py:92: 
2026-09-14T12:21:15.4774766Z _ _ _ _ _ _ _ _ _ _ _ _ _ _ _ _ _ _ _ _ _ _ _ _ _ _ _ _ _ _ _ _ _ _ _ _ _ _ _ _ 
2026-09-14T12:21:15.4775412Z tests/unit/test_document_extraction.py:31: in parse
2026-09-14T12:21:15.4776357Z     return parse_import(data, kind=kind, filename="synthetic." + kind, source_id=SOURCE, budgets=budgets)
2026-09-14T12:21:15.4777261Z            ^^^^^^^^^^^^^^^^^^^^^^^^^^^^^^^^^^^^^^^^^^^^^^^^^^^^^^^^^^^^^^^^^^^^^^^^^^^^^^^^^^^^^^^^^^^^^^
2026-09-14T12:21:15.4777970Z _ _ _ _ _ _ _ _ _ _ _ _ _ _ _ _ _ _ _ _ _ _ _ _ _ _ _ _ _ _ _ _ _ _ _ _ _ _ _ _ 
2026-09-14T12:21:15.4778355Z 
2026-09-14T12:21:15.4779379Z data = b'PK\x03\x04\x14\x00\x00\x00\x00\x00\x00\x00!\x00\xa4\xa1N6\xa8\x01\x00\x00\xa8\x01\x00\x00\x13\x00\x00\x00[Content_Ty...1\x8c\n\x00\x00word/media/synthetic.pngPK\x05\x06\x00\x00\x00\x00\x05\x00\x05\x00I\x01\x00\x00\xa2\x0b\x00\x00\x00\x00'
2026-09-14T12:21:15.4781007Z kind = 'docx', filename = 'synthetic.docx', source_id = 'source_document_test'
2026-09-14T12:21:15.4782240Z budgets = ImportBudgets(max_source_bytes=52428800, max_block_characters=400000, max_package_bytes=209715200, max_package_files=2000, max_compression_ratio=100)
2026-09-14T12:21:15.4783141Z 
2026-09-14T12:21:15.4783311Z     def parse_import(
2026-09-14T12:21:15.4784187Z         data: bytes, *, kind: str, filename: str, source_id: str, budgets: ImportBudgets = ImportBudgets()
2026-09-14T12:21:15.4784961Z     ) -> ParsedImport:
2026-09-14T12:21:15.4785534Z         if type(data) is not bytes or len(data) > budgets.max_source_bytes:
2026-09-14T12:21:15.4786237Z             raise ImportParsingError(
2026-09-14T12:21:15.4787313Z                 "SOURCE_BUDGET_EXCEEDED", f"单原件必须是字节流且不超过配置预算 {budgets.max_source_bytes} 字节。"
2026-09-14T12:21:15.4787987Z             )
2026-09-14T12:21:15.4788383Z         try:
2026-09-14T12:21:15.4788852Z             TypeAdapter(dm.Id).validate_python(source_id)
2026-09-14T12:21:15.4789490Z             if not isinstance(filename, str):
2026-09-14T12:21:15.4790379Z                 raise ValueError("Invalid filename")
2026-09-14T12:21:15.4790935Z         except (ValidationError, ValueError):
2026-09-14T12:21:15.4791799Z             raise ImportParsingError("IMPORT_INPUT_INVALID", "来源标识或文件名无效。") from None
2026-09-14T12:21:15.4792610Z         actual_kind = detected_kind(data, kind, filename)
2026-09-14T12:21:15.4793358Z         if actual_kind in {"pdf", "docx"}:
2026-09-14T12:21:15.4794107Z             from ..infrastructure.document_sandbox import DocumentSandboxError, extract_document
2026-09-14T12:21:15.4794968Z             from .import_extract_build import build_document, source_warnings
2026-09-14T12:21:15.4795621Z     
2026-09-14T12:21:15.4795989Z             try:
2026-09-14T12:21:15.4796796Z                 document = extract_document(data, kind=actual_kind, filename=filename, source_id=source_id, budgets=budgets)
2026-09-14T12:21:15.4797704Z             except DocumentSandboxError as error:
2026-09-14T12:21:15.4798583Z >               raise ImportParsingError(error.code, "文档隔离提取未完成；原件已保留，请查看定位诊断或修正提取环境。",
2026-09-14T12:21:15.4799477Z                                          warnings=source_warnings(error.warnings, source_id)) from None
2026-09-14T12:21:15.4800713Z E               services.api.app.application.import_parse_types.ImportParsingError: 文档隔离提取未完成；原件已保留，请查看定位诊断或修正提取环境。
2026-09-14T12:21:15.4801417Z 
2026-09-14T12:21:15.4801776Z services/api/app/application/import_parsing.py:78: ImportParsingError
2026-09-14T12:21:15.4802627Z ______ test_plain_characters_stay_literal_through_markdown_rendering[pdf] ______
2026-09-14T12:21:15.4803134Z 
2026-09-14T12:21:15.4803277Z kind = 'pdf'
2026-09-14T12:21:15.4803524Z 
2026-09-14T12:21:15.4803817Z     @pytest.mark.parametrize("kind", ["pdf", "docx"])
2026-09-14T12:21:15.4804562Z     def test_plain_characters_stay_literal_through_markdown_rendering(kind):
2026-09-14T12:21:15.4805364Z         literal = r"<b> &lt; $x$ \alpha [label](javascript:bad)"
2026-09-14T12:21:15.4805977Z         if kind == "pdf":
2026-09-14T12:21:15.4806609Z             escaped = literal.replace("\\", "\\\\").replace("(", "\\(").replace(")", "\\)")
2026-09-14T12:21:15.4807464Z             data = _pdf([f"BT /F1 12 Tf 50 700 Td ({escaped}) Tj ET".encode()], image=False)
2026-09-14T12:21:15.4808100Z         else:
2026-09-14T12:21:15.4808639Z             payloads = docx_payloads()
2026-09-14T12:21:15.4809576Z             payloads["word/document.xml"] = DOCX_DOCUMENT.replace("DOCX paragraph alpha", html.escape(literal)).encode()
2026-09-14T12:21:15.4810636Z             data = docx_from_payloads(payloads)
2026-09-14T12:21:15.4811236Z >       result = parse(data, kind)
2026-09-14T12:21:15.4811774Z                  ^^^^^^^^^^^^^^^^^
2026-09-14T12:21:15.4812090Z 
2026-09-14T12:21:15.4812299Z tests/unit/test_document_extraction.py:120: 
2026-09-14T12:21:15.4812970Z _ _ _ _ _ _ _ _ _ _ _ _ _ _ _ _ _ _ _ _ _ _ _ _ _ _ _ _ _ _ _ _ _ _ _ _ _ _ _ _ 
2026-09-14T12:21:15.4813649Z tests/unit/test_document_extraction.py:31: in parse
2026-09-14T12:21:15.4814595Z     return parse_import(data, kind=kind, filename="synthetic." + kind, source_id=SOURCE, budgets=budgets)
2026-09-14T12:21:15.4815556Z            ^^^^^^^^^^^^^^^^^^^^^^^^^^^^^^^^^^^^^^^^^^^^^^^^^^^^^^^^^^^^^^^^^^^^^^^^^^^^^^^^^^^^^^^^^^^^^^
2026-09-14T12:21:15.4816248Z _ _ _ _ _ _ _ _ _ _ _ _ _ _ _ _ _ _ _ _ _ _ _ _ _ _ _ _ _ _ _ _ _ _ _ _ _ _ _ _ 
2026-09-14T12:21:15.4816677Z 
2026-09-14T12:21:15.4817766Z data = b'%PDF-1.4\n%\xe2\xe3\xcf\xd3\n1 0 obj\n<< /Type /Catalog /Pages 2 0 R >>\nendobj\n2 0 obj\n<< /Type /Pages /Count 1 /...000121 00000 n \n0000000191 00000 n \n0000000317 00000 n \ntrailer\n<< /Size 6 /Root 1 0 R >>\nstartxref\n444\n%%EOF\n'
2026-09-14T12:21:15.4819321Z kind = 'pdf', filename = 'synthetic.pdf', source_id = 'source_document_test'
2026-09-14T12:21:15.4820794Z budgets = ImportBudgets(max_source_bytes=52428800, max_block_characters=400000, max_package_bytes=209715200, max_package_files=2000, max_compression_ratio=100)
2026-09-14T12:21:15.4821795Z 
2026-09-14T12:21:15.4822026Z     def parse_import(
2026-09-14T12:21:15.4823102Z         data: bytes, *, kind: str, filename: str, source_id: str, budgets: ImportBudgets = ImportBudgets()
2026-09-14T12:21:15.4823953Z     ) -> ParsedImport:
2026-09-14T12:21:15.4824581Z         if type(data) is not bytes or len(data) > budgets.max_source_bytes:
2026-09-14T12:21:15.4825383Z             raise ImportParsingError(
2026-09-14T12:21:15.4826432Z                 "SOURCE_BUDGET_EXCEEDED", f"单原件必须是字节流且不超过配置预算 {budgets.max_source_bytes} 字节。"
2026-09-14T12:21:15.4827090Z             )
2026-09-14T12:21:15.4827485Z         try:
2026-09-14T12:21:15.4828102Z             TypeAdapter(dm.Id).validate_python(source_id)
2026-09-14T12:21:15.4828953Z             if not isinstance(filename, str):
2026-09-14T12:21:15.4829754Z                 raise ValueError("Invalid filename")
2026-09-14T12:21:15.4830734Z         except (ValidationError, ValueError):
2026-09-14T12:21:15.4831928Z             raise ImportParsingError("IMPORT_INPUT_INVALID", "来源标识或文件名无效。") from None
2026-09-14T12:21:15.4833094Z         actual_kind = detected_kind(data, kind, filename)
2026-09-14T12:21:15.4833935Z         if actual_kind in {"pdf", "docx"}:
2026-09-14T12:21:15.4835049Z             from ..infrastructure.document_sandbox import DocumentSandboxError, extract_document
2026-09-14T12:21:15.4836388Z             from .import_extract_build import build_document, source_warnings
2026-09-14T12:21:15.4837282Z     
2026-09-14T12:21:15.4837813Z             try:
2026-09-14T12:21:15.4838941Z                 document = extract_document(data, kind=actual_kind, filename=filename, source_id=source_id, budgets=budgets)
2026-09-14T12:21:15.4840365Z             except DocumentSandboxError as error:
2026-09-14T12:21:15.4841686Z >               raise ImportParsingError(error.code, "文档隔离提取未完成；原件已保留，请查看定位诊断或修正提取环境。",
2026-09-14T12:21:15.4842915Z                                          warnings=source_warnings(error.warnings, source_id)) from None
2026-09-14T12:21:15.4844675Z E               services.api.app.application.import_parse_types.ImportParsingError: 文档隔离提取未完成；原件已保留，请查看定位诊断或修正提取环境。
2026-09-14T12:21:15.4845690Z 
2026-09-14T12:21:15.4846202Z services/api/app/application/import_parsing.py:78: ImportParsingError
2026-09-14T12:21:15.4847413Z _____ test_plain_characters_stay_literal_through_markdown_rendering[docx] ______
2026-09-14T12:21:15.4848230Z 
2026-09-14T12:21:15.4848621Z kind = 'docx'
2026-09-14T12:21:15.4848945Z 
2026-09-14T12:21:15.4849291Z     @pytest.mark.parametrize("kind", ["pdf", "docx"])
2026-09-14T12:21:15.4850470Z     def test_plain_characters_stay_literal_through_markdown_rendering(kind):
2026-09-14T12:21:15.4851597Z         literal = r"<b> &lt; $x$ \alpha [label](javascript:bad)"
2026-09-14T12:21:15.4852428Z         if kind == "pdf":
2026-09-14T12:21:15.4853290Z             escaped = literal.replace("\\", "\\\\").replace("(", "\\(").replace(")", "\\)")
2026-09-14T12:21:15.4854480Z             data = _pdf([f"BT /F1 12 Tf 50 700 Td ({escaped}) Tj ET".encode()], image=False)
2026-09-14T12:21:15.4855457Z         else:
2026-09-14T12:21:15.4856062Z             payloads = docx_payloads()
2026-09-14T12:21:15.4857354Z             payloads["word/document.xml"] = DOCX_DOCUMENT.replace("DOCX paragraph alpha", html.escape(literal)).encode()
2026-09-14T12:21:15.4858656Z             data = docx_from_payloads(payloads)
2026-09-14T12:21:15.4859424Z >       result = parse(data, kind)
2026-09-14T12:21:15.4860114Z                  ^^^^^^^^^^^^^^^^^
2026-09-14T12:21:15.4861133Z 
2026-09-14T12:21:15.4861436Z tests/unit/test_document_extraction.py:120: 
2026-09-14T12:21:15.4861931Z _ _ _ _ _ _ _ _ _ _ _ _ _ _ _ _ _ _ _ _ _ _ _ _ _ _ _ _ _ _ _ _ _ _ _ _ _ _ _ _ 
2026-09-14T12:21:15.4862446Z tests/unit/test_document_extraction.py:31: in parse
2026-09-14T12:21:15.4863021Z     return parse_import(data, kind=kind, filename="synthetic." + kind, source_id=SOURCE, budgets=budgets)
2026-09-14T12:21:15.4863660Z            ^^^^^^^^^^^^^^^^^^^^^^^^^^^^^^^^^^^^^^^^^^^^^^^^^^^^^^^^^^^^^^^^^^^^^^^^^^^^^^^^^^^^^^^^^^^^^^
2026-09-14T12:21:15.4864101Z _ _ _ _ _ _ _ _ _ _ _ _ _ _ _ _ _ _ _ _ _ _ _ _ _ _ _ _ _ _ _ _ _ _ _ _ _ _ _ _ 
2026-09-14T12:21:15.4864373Z 
2026-09-14T12:21:15.4865025Z data = b'PK\x03\x04\x14\x00\x00\x00\x00\x00\x00\x00!\x00\xa4\xa1N6\xa8\x01\x00\x00\xa8\x01\x00\x00\x13\x00\x00\x00[Content_Ty...1\xad\n\x00\x00word/media/synthetic.pngPK\x05\x06\x00\x00\x00\x00\x05\x00\x05\x00I\x01\x00\x00\xc3\x0b\x00\x00\x00\x00'
2026-09-14T12:21:15.4866140Z kind = 'docx', filename = 'synthetic.docx', source_id = 'source_document_test'
2026-09-14T12:21:15.4866902Z budgets = ImportBudgets(max_source_bytes=52428800, max_block_characters=400000, max_package_bytes=209715200, max_package_files=2000, max_compression_ratio=100)
2026-09-14T12:21:15.4867438Z 
2026-09-14T12:21:15.4867618Z     def parse_import(
2026-09-14T12:21:15.4868108Z         data: bytes, *, kind: str, filename: str, source_id: str, budgets: ImportBudgets = ImportBudgets()
2026-09-14T12:21:15.4868589Z     ) -> ParsedImport:
2026-09-14T12:21:15.4869005Z         if type(data) is not bytes or len(data) > budgets.max_source_bytes:
2026-09-14T12:21:15.4869430Z             raise ImportParsingError(
2026-09-14T12:21:15.4870082Z                 "SOURCE_BUDGET_EXCEEDED", f"单原件必须是字节流且不超过配置预算 {budgets.max_source_bytes} 字节。"
2026-09-14T12:21:15.4870741Z             )
2026-09-14T12:21:15.4871050Z         try:
2026-09-14T12:21:15.4871436Z             TypeAdapter(dm.Id).validate_python(source_id)
2026-09-14T12:21:15.4871835Z             if not isinstance(filename, str):
2026-09-14T12:21:15.4872220Z                 raise ValueError("Invalid filename")
2026-09-14T12:21:15.4872638Z         except (ValidationError, ValueError):
2026-09-14T12:21:15.4873184Z             raise ImportParsingError("IMPORT_INPUT_INVALID", "来源标识或文件名无效。") from None
2026-09-14T12:21:15.4873690Z         actual_kind = detected_kind(data, kind, filename)
2026-09-14T12:21:15.4874085Z         if actual_kind in {"pdf", "docx"}:
2026-09-14T12:21:15.4874619Z             from ..infrastructure.document_sandbox import DocumentSandboxError, extract_document
2026-09-14T12:21:15.4875219Z             from .import_extract_build import build_document, source_warnings
2026-09-14T12:21:15.4875625Z     
2026-09-14T12:21:15.4875901Z             try:
2026-09-14T12:21:15.4876494Z                 document = extract_document(data, kind=actual_kind, filename=filename, source_id=source_id, budgets=budgets)
2026-09-14T12:21:15.4877073Z             except DocumentSandboxError as error:
2026-09-14T12:21:15.4877692Z >               raise ImportParsingError(error.code, "文档隔离提取未完成；原件已保留，请查看定位诊断或修正提取环境。",
2026-09-14T12:21:15.4878241Z                                          warnings=source_warnings(error.warnings, source_id)) from None
2026-09-14T12:21:15.4879050Z E               services.api.app.application.import_parse_types.ImportParsingError: 文档隔离提取未完成；原件已保留，请查看定位诊断或修正提取环境。
2026-09-14T12:21:15.4879444Z 
2026-09-14T12:21:15.4879699Z services/api/app/application/import_parsing.py:78: ImportParsingError
2026-09-14T12:21:15.4973630Z _ test_explicit_source_and_text_budgets_can_be_lowered_then_raised[%PDF-1.4\n%\xe2\xe3\xcf\xd3\n1 0 obj\n<< /Type /Catalog /Pages 2 0 R >>\nendobj\n2 0 obj\n<< /Type /Pages /Count 2 /Kids [5 0 R 7 0 R] >>\nendobj\n3 0 obj\n<< /Type /Font /Subtype /Type1 /BaseFont /Helvetica >>\nendobj\n4 0 obj\n<< /Type /XObject /Subtype /Image /Width 72 /Height 48 /ColorSpace /DeviceRGB /BitsPerComponent 8 /Length 10368 >>\nstream\n\xff\xff\xff\xff\xff\xff\xff\xff\xff\xff\xff\xff\xff\xff\xff\xff\xff\xff\xff\xff\xff\xff\xff\xff\xff\xff\xff\xff\xff\xff\xff\xff\xff\xff\xff\xff\xff\xff\xff\xff\xff\xff\xff\xff\xff\xff\xff\xff\xff\xff\xff\xff\xff\xff\xff\xff\xff\xff\xff\xff\xff\xff\xff\xff\xff\xff\xff\xff\xff\xff\xff\xff\xff\xff\xff\xff\xff\xff\xff\xff\xff\xff\xff\xff\xff\xff\xff\xff\xff\xff\xff\xff\xff\xff\xff\xff\xff\xff\xff\xff\xff\xff\xff\xff\xff\xff\xff\xff\xff\xff\xff\xff\xff\xff\xff\xff\xff\xff\xff\xff\xff\xff\xff\xff\xff\xff\xff\xff\xff\xff\xff\xff\xff\xff\xff\xff\xff\xff\xff\xff\xff\xff\xff\xff\xff\xff\xff\xff\xff\xff\xff\xff\xff\xff\xff\xff\xff\xff\xff\xff\xff\xff\xff\xff\xff\xff\xff\xff\xff\xff\xff\xff\xff\xff\xff\xff\xff\xff\xff\xff\xff\xff\xff\xff\xff\xff\xff\xff\xff\xff\xff\xff\xff\xff\xff\xff\xff\xff\xff\xff\xff\xff\xff\xff\xff\xff\xff\xff\xff\xff\xff\xff\xff\xff\xff\xff\xff\xff\xff\xff\xff\xff\xff\xff\xff\xff\xff\xff\xff\xff\xff\xff\xff\xff\xff\xff\xff\xff\xff\xff\xff\xff\xff\xff\xff\xff\xff\xff\xff\xff\xff\xff\xff\xff\xff\xff\xff\xff\xff\xff\xff\xff\xff\xff\xff\xff\xff\xff\xff\xff\xff\xff\xff\xff\xff\xff\xff\xff\xff\xff\xff\xff\xff\xff\xff\xff\xff\xff\xff\xff\xff\xff\xff\xff\xff\xff\xff\xff\xff\xff\xff\xff\xff\xff\xff\xff\xff\xff\xff\xff\xff\xff\xff\xff\xff\xff\xff\xff\xff\xff\xff\xff\xff\xff\xff\xff\xff\xff\xff\xff\xff\xff\xff\xff\xff\xff\xff\xff\xff\xff\xff\xff\xff\xff\xff\xff\xff\xff\xff\xff\xff\xff\xff\xff\xff\xff\xff\xff\xff\xff\xff\xff\xff\xff\xff\xff\xff\xff\xff\xff\xff\xff\xff\xff\xff\xff\xff\xff\xff\xff\xff\xff\xff\xff\xff\xff\xff\xff\xff\xff\xff\xff\xff\xff\xff\xff\xff\xff\xff\xff\xff\xff\xff\xff\xff\xff\xff\xff\xff\xff\xff\xff\xff\xff\xff\xff\xff\xff\xff\xff\xff\xff\xff\xff\xff\xff\xff\xff\xff\xff\xff\xff\xff\xff\xff\xff\xff\xff\xff\xff\xff\xff\xff\xff\xff\xff\xff\xff\xff\xff\xff\xff\xff\xff\xff\xff\xff\xff\xff\xff\xff\xff\xff\xff\xff\xff\xff\xff\xff\xff\xff\xff\xff\xff\xff\xff\xff\xff\xff\xff\xff\xff\xff\xff\xff\xff\xff\xff\xff\xff\xff\xff\xff\xff\xff\xff\xff\xff\xff\xff\xff\xff\xff\xff\xff\xff\xff\xff\xff\xff\xff\xff\xff\xff\xff\xff\xff\xff\xff\xff\xff\xff\xff\xff\xff\xff\xff\xff\xff\xff\xff\xff\xff\xff\xff\xff\xff\xff\xff\xff\xff\xff\xff\xff\xff\xff\xff\xff\xff\xff\xff\xff\xff\xff\xff\xff\xff\xff\xff\xff\xff\xff\xff\xff\xff\xff\xff\xff\xff\xff\xff\xff\xff\xff\xff\xff\xff\xff\xff\xff\xff\xff\xff\xff\xff\xff\xff\xff\xff\xff\xff\xff\xff\xff\xff\xff\xff\xff\xff\xff\xff\xff\xff\xff\xff\xff\xff\xff\xff\xff\xff\xff\xff\xff\xff\xff\xff\xff\xff\xff\xff\xff\xff\xff\xff\xff\xff\xff\xff\xff\xff\xff\xff\xff\xff\xff\xff\xff\xff\xff\xff\xff\xff\xff\xff\xff\xff\xff\xff\xff\xff\xff\xff\xff\xff\xff\xff\xff\xff\xff\xff\xff\xff\xff\xff\xff\xff\xff\xff\xff\xff\xff\xff\xff\xff\xff\xff\xff\xff\xff\xff\xff\xff\xff\xff\xff\xff\xff\xff\xff\xff\xff\xff\xff\xff\xff\xff\xff\xff\xff\xff\xff\xff\xff\xff\xff\xff\xff\xff\xff\xff\xff\xff\xff\xff\xff\xff\xff\xff\xff\xff\xff\xff\xff\xff\xff\xff\xff\xff\xff\xff\xff\xff\xff\xff\xff\xff\xff\xff\xff\xff\xff\xff\xff\xff\xff\xff\xff\xff\xff\xff\xff\xff\xff\xff\xff\xff\xff\xff\xff\xff\xff\xff\xff\xff\xff\xff\xff\xff\xff\xff\xff\xff\xff\xff\xff\xff\xff\xff\xff\xff\xff\xff\xff\xff\xff\xff\xff\xff\xff\xff\xff\xff\xff\xff\xff\xff\xff\xff\xff\xff\xff\xff\xff\xff\xff\xff\xff\xff\xff\xff\xff\xff\xff\xff\xff\xff\xff\xff\xff\xff\xff\xff\xff\xff\xff\xff\xff\xff\xff\xff\xff\xff\xff\xff\xff\xff\xff\xff\xff\xff\xff\xff\xff\xff\xff\xff\xff\xff\xff\xff\xff\xff\xff\xff\xff\xff\xff\xff\xff\xff\xff\xff\xff\xff\xff\xff\xff\xff\xff\xff\xff\xff\xff\xff\xff\xff\xff\xff\xff\xff\xff\xff\xff\xff\xff\xff\xff\xff\xff\xff\xff\xff\xff\xff\xff\xff\xff\xff\xff\xff\xff\xff\xff\xff\xff\xff\xff\xff\xff\xff\xff\xff\xff\xff\xff\xff\xff\xff\xff\xff\xff\xff\xff\xff\xff\xff\xff\xff\xff\xff\xff\xff\xff\xff\xff\xff\xff\xff\xff\xff\xff\xff\xff\xff\xff\xff\xff\xff\xff\xff\xff\xff\xff\xff\xff\xff\xff\xff\xff\x00\x00\x00\x00\x00\x00\x00\x00\x00\x00\x00\x00\x00\x00\x00\x00\x00\x00\x00\x00\x00\x00\x00\x00\x00\x00\x00\x00\x00\x00\x00\x00\x00\x00\x00\x00\xff\xff\xff\xff\xff\xff\xff\xff\xff\xff\xff\xff\xff\xff\xff\xff\xff\xff\xff\xff\xff\xff\xff\xff\xff\xff\xff\xff\xff\xff\xff\xff\xff\xff\xff\xff\xff\xff\xff\xff\xff\xff\xff\xff\xff\xff\xff\xff\xff\xff\xff\xff\xff\xff\xff\xff\xff\xff\xff\xff\xff\xff\xff\xff\xff\xff\xff\xff\xff\xff\xff\xff\xff\xff\xff\xff\xff\xff\xff\xff\xff\xff\xff\xff\xff\xff\xff\xff\xff\xff\xff\xff\xff\xff\xff\xff\xff\xff\xff\xff\xff\xff\xff\xff\xff\xff\xff\xff\xff\xff\xff\xff\xff\xff\xff\xff\xff\xff\xff\xff\xff\xff\xff\xff\xff\xff\xff\xff\xff\xff\xff\xff\xff\xff\xff\xff\xff\xff\xff\xff\xff\xff\xff\xff\xff\xff\xff\xff\xff\xff\xff\xff\xff\xff\xff\xff\xff\xff\xff\xff\xff\xff\xff\xff\xff\xff\xff\xff\xff\xff\xff\xff\xff\xff\xff\xff\xff\xff\xff\xff\x00\x00\x00\x00\x00\x00\x00\x00\x00\x00\x00\x00\x00\x00\x00\x00\x00\x00\x00\x00\x00\x00\x00\x00\x00\x00\x00\x00\x00\x00\x00\x00\x00\x00\x00\x00\xff\xff\xff\xff\xff\xff\xff\xff\xff\xff\xff\xff\xff\xff\xff\xff\xff\xff\xff\xff\xff\xff\xff\xff\xff\xff\xff\xff\xff\xff\xff\xff\xff\xff\xff\xff\xff\xff\xff\xff\xff\xff\xff\xff\xff\xff\xff\xff\xff\xff\xff\xff\xff\xff\xff\xff\xff\xff\xff\xff\xff\xff\xff\xff\xff\xff\xff\xff\xff\xff\xff\xff\xff\xff\xff\xff\xff\xff\xff\xff\xff\xff\xff\xff\xff\xff\xff\xff\xff\xff\xff\xff\xff\xff\xff\xff\xff\xff\xff\xff\xff\xff\xff\xff\xff\xff\xff\xff\xff\xff\xff\xff\xff\xff\xff\xff\xff\xff\xff\xff\xff\xff\xff\xff\xff\xff\xff\xff\xff\xff\xff\xff\xff\xff\xff\xff\xff\xff\xff\xff\xff\xff\xff\xff\xff\xff\xff\xff\xff\xff\xff\xff\xff\xff\xff\xff\xff\xff\xff\xff\xff\xff\xff\xff\xff\xff\xff\xff\xff\xff\xff\xff\xff\xff\xff\xff\xff\xff\xff\xff\x00\x00\x00\x00\x00\x00\x00\x00\x00\x00\x00\x00\x00\x00\x00\x00\x00\x00\x00\x00\x00\x00\x00\x00\x00\x00\x00\x00\x00\x00\x00\x00\x00\x00\x00\x00\xff\xff\xff\xff\xff\xff\xff\xff\xff\xff\xff\xff\xff\xff\xff\xff\xff\xff\xff\xff\xff\xff\xff\xff\xff\xff\xff\xff\xff\xff\xff\xff\xff\xff\xff\xff\xff\xff\xff\xff\xff\xff\xff\xff\xff\xff\xff\xff\xff\xff\xff\xff\xff\xff\xff\xff\xff\xff\xff\xff\xff\xff\xff\xff\xff\xff\xff\xff\xff\xff\xff\xff\xff\xff\xff\xff\xff\xff\xff\xff\xff\xff\xff\xff\xff\xff\xff\xff\xff\xff\xff\xff\xff\xff\xff\xff\xff\xff\xff\xff\xff\xff\xff\xff\xff\xff\xff\xff\xff\xff\xff\xff\xff\xff\xff\xff\xff\xff\xff\xff\xff\xff\xff\xff\xff\xff\xff\xff\xff\xff\xff\xff\xff\xff\xff\xff\xff\xff\xff\xff\xff\xff\xff\xff\xff\xff\xff\xff\xff\xff\xff\xff\xff\xff\xff\xff\xff\xff\xff\xff\xff\xff\xff\xff\xff\xff\xff\xff\xff\xff\xff\xff\xff\xff\xff\xff\xff\xff\xff\xff\x00\x00\x00\x00\x00\x00\x00\x00\x00\x00\x00\x00\x00\x00\x00\x00\x00\x00\x00\x00\x00\x00\x00\x00\x00\x00\x00\x00\x00\x00\x00\x00\x00\x00\x00\x00\xff\xff\xff\xff\xff\xff\xff\xff\xff\xff\xff\xff\xff\xff\xff\xff\xff\xff\xff\xff\xff\xff\xff\xff\xff\xff\xff\xff\xff\xff\xff\xff\xff\xff\xff\xff\xff\xff\xff\xff\xff\xff\xff\xff\xff\xff\xff\xff\xff\xff\xff\xff\xff\xff\xff\xff\xff\xff\xff\xff\xff\xff\xff\xff\xff\xff\xff\xff\xff\xff\xff\xff\xff\xff\xff\xff\xff\xff\xff\xff\xff\xff\xff\xff\xff\xff\xff\xff\xff\xff\xff\xff\xff\xff\xff\xff\xff\xff\xff\xff\xff\xff\xff\xff\xff\xff\xff\xff\xff\xff\xff\xff\xff\xff\xff\xff\xff\xff\xff\xff\xff\xff\xff\xff\xff\xff\xff\xff\xff\xff\xff\xff\xff\xff\xff\xff\xff\xff\xff\xff\xff\xff\xff\xff\xff\xff\xff\xff\xff\xff\xff\xff\xff\xff\xff\xff\xff\xff\xff\xff\xff\xff\xff\xff\xff\xff\xff\xff\xff\xff\xff\xff\xff\xff\xff\xff\xff\xff\xff\xff\xff\xff\xff\xff\xff\xff\xff\xff\xff\xff\xff\xff\xff\xff\xff\xff\xff\xff\xff\xff\xff\xff\xff\xff\x00\x00\x00\x00\x00\x00\x00\x00\x00\x00\x00\x00\xff\xff\xff\xff\xff\xff\xff\xff\xff\xff\xff\xff\xff\xff\xff\xff\xff\xff\xff\xff\xff\xff\xff\xff\xff\xff\xff\xff\xff\xff\xff\xff\xff\xff\xff\xff\xff\xff\xff\xff\xff\xff\xff\xff\xff\xff\xff\xff\xff\xff\xff\xff\xff\xff\xff\xff\xff\xff\xff\xff\xff\xff\xff\xff\xff\xff\xff\xff\xff\xff\xff\xff\xff\xff\xff\xff\xff\xff\xff\xff\xff\xff\xff\xff\xff\xff\xff\xff\xff\xff\xff\xff\xff\xff\xff\xff\xff\xff\xff\xff\xff\xff\xff\xff\xff\xff\xff\xff\xff\xff\xff\xff\xff\xff\xff\xff\xff\xff\xff\xff\xff\xff\xff\xff\xff\xff\xff\xff\xff\xff\xff\xff\xff\xff\xff\xff\xff\xff\xff\xff\xff\xff\xff\xff\xff\xff\xff\xff\xff\xff\xff\xff\xff\xff\xff\xff\xff\xff\xff\xff\xff\xff\xff\xff\xff\xff\xff\xff\xff\xff\xff\xff\xff\xff\xff\xff\xff\xff\xff\xff\xff\xff\xff\xff\xff\xff\xff\xff\xff\xff\xff\xff\xff\xff\xff\xff\xff\xff\xff\xff\xff\xff\xff\xff\x00\x00\x00\x00\x00\x00\x00\x00\x00\x00\x00\x00\xff\xff\xff\xff\xff\xff\xff\xff\xff\xff\xff\xff\xff\xff\xff\xff\xff\xff\xff\xff\xff\xff\xff\xff\xff\xff\xff\xff\xff\xff\xff\xff\xff\xff\xff\xff\xff\xff\xff\xff\xff\xff\xff\xff\xff\xff\xff\xff\xff\xff\xff\xff\xff\xff\xff\xff\xff\xff\xff\xff\xff\xff\xff\xff\xff\xff\xff\xff\xff\xff\xff\xff\xff\xff\xff\xff\xff\xff\xff\xff\xff\xff\xff\xff\xff\xff\xff\xff\xff\xff\xff\xff\xff\xff\xff\xff\xff\xff\xff\xff\xff\xff\xff\xff\xff\xff\xff\xff\xff\xff\xff\xff\xff\xff\xff\xff\xff\xff\xff\xff\xff\xff\xff\xff\xff\xff\xff\xff\xff\xff\xff\xff\xff\xff\xff\xff\xff\xff\xff\xff\xff\xff\xff\xff\xff\xff\xff\xff\xff\xff\xff\xff\xff\xff\xff\xff\xff\xff\xff\xff\xff\xff\xff\xff\xff\xff\xff\xff\xff\xff\xff\xff\xff\xff\xff\xff\xff\xff\xff\xff\xff\xff\xff\xff\xff\xff\xff\xff\xff\xff\xff\xff\xff\xff\xff\xff\xff\xff\xff\xff\xff\xff\xff\xff\x00\x00\x00\x00\x00\x00\x00\x00\x00\x00\x00\x00\xff\xff\xff\xff\xff\xff\xff\xff\xff\xff\xff\xff\xff\xff\xff\xff\xff\xff\xff\xff\xff\xff\xff\xff\xff\xff\xff\xff\xff\xff\xff\xff\xff\xff\xff\xff\xff\xff\xff\xff\xff\xff\xff\xff\xff\xff\xff\xff\xff\xff\xff\xff\xff\xff\xff\xff\xff\xff\xff\xff\xff\xff\xff\xff\xff\xff\xff\xff\xff\xff\xff\xff\xff\xff\xff\xff\xff\xff\xff\xff\xff\xff\xff\xff\xff\xff\xff\xff\xff\xff\xff\xff\xff\xff\xff\xff\xff\xff\xff\xff\xff\xff\xff\xff\xff\xff\xff\xff\xff\xff\xff\xff\xff\xff\xff\xff\xff\xff\xff\xff\xff\xff\xff\xff\xff\xff\xff\xff\xff\xff\xff\xff\xff\xff\xff\xff\xff\xff\xff\xff\xff\xff\xff\xff\xff\xff\xff\xff\xff\xff\xff\xff\xff\xff\xff\xff\xff\xff\xff\xff\xff\xff\xff\xff\xff\xff\xff\xff\xff\xff\xff\xff\xff\xff\xff\xff\xff\xff\xff\xff\xff\xff\xff\xff\xff\xff\xff\xff\xff\xff\xff\xff\xff\xff\xff\xff\xff\xff\xff\xff\xff\xff\xff\xff\x00\x00\x00\x00\x00\x00\x00\x00\x00\x00\x00\x00\xff\xff\xff\xff\xff\xff\xff\xff\xff\xff\xff\xff\xff\xff\xff\xff\xff\xff\xff\xff\xff\xff\xff\xff\xff\xff\xff\xff\xff\xff\xff\xff\xff\xff\xff\xff\xff\xff\xff\xff\xff\xff\xff\xff\xff\xff\xff\xff\xff\xff\xff\xff\xff\xff\xff\xff\xff\xff\xff\xff\xff\xff\xff\xff\xff\xff\xff\xff\xff\xff\xff\xff\xff\xff\xff\xff\xff\xff\xff\xff\xff\xff\xff\xff\xff\xff\xff\xff\xff\xff\xff\xff\xff\xff\xff\xff\xff\xff\xff\xff\xff\xff\xff\xff\xff\xff\xff\xff\xff\xff\xff\xff\xff\xff\xff\xff\xff\xff\xff\xff\xff\xff\xff\xff\xff\xff\xff\xff\xff\xff\xff\xff\xff\xff\xff\xff\xff\xff\xff\xff\xff\xff\xff\xff\xff\xff\xff\xff\xff\xff\xff\xff\xff\xff\xff\xff\xff\xff\xff\xff\xff\xff\xff\xff\xff\xff\xff\xff\xff\xff\xff\xff\xff\xff\xff\xff\xff\xff\xff\xff\x00\x00\x00\x00\x00\x00\x00\x00\x00\x00\x00\x00\x00\x00\x00\x00\x00\x00\x00\x00\x00\x00\x00\x00\x00\x00\x00\x00\x00\x00\x00\x00\x00\x00\x00\x00\xff\xff\xff\xff\xff\xff\xff\xff\xff\xff\xff\xff\xff\xff\xff\xff\xff\xff\xff\xff\xff\xff\xff\xff\xff\xff\xff\xff\xff\xff\xff\xff\xff\xff\xff\xff\xff\xff\xff\xff\xff\xff\xff\xff\xff\xff\xff\xff\xff\xff\xff\xff\xff\xff\xff\xff\xff\xff\xff\xff\xff\xff\xff\xff\xff\xff\xff\xff\xff\xff\xff\xff\xff\xff\xff\xff\xff\xff\xff\xff\xff\xff\xff\xff\xff\xff\xff\xff\xff\xff\xff\xff\xff\xff\xff\xff\xff\xff\xff\xff\xff\xff\xff\xff\xff\xff\xff\xff\xff\xff\xff\xff\xff\xff\xff\xff\xff\xff\xff\xff\xff\xff\xff\xff\xff\xff\xff\xff\xff\xff\xff\xff\xff\xff\xff\xff\xff\xff\xff\xff\xff\xff\xff\xff\xff\xff\xff\xff\xff\xff\xff\xff\xff\xff\xff\xff\xff\xff\xff\xff\xff\xff\xff\xff\xff\xff\xff\xff\xff\xff\xff\xff\xff\xff\xff\xff\xff\xff\xff\xff\x00\x00\x00\x00\x00\x00\x00\x00\x00\x00\x00\x00\x00\x00\x00\x00\x00\x00\x00\x00\x00\x00\x00\x00\x00\x00\x00\x00\x00\x00\x00\x00\x00\x00\x00\x00\xff\xff\xff\xff\xff\xff\xff\xff\xff\xff\xff\xff\xff\xff\xff\xff\xff\xff\xff\xff\xff\xff\xff\xff\xff\xff\xff\xff\xff\xff\xff\xff\xff\xff\xff\xff\xff\xff\xff\xff\xff\xff\xff\xff\xff\xff\xff\xff\xff\xff\xff\xff\xff\xff\xff\xff\xff\xff\xff\xff\xff\xff\xff\xff\xff\xff\xff\xff\xff\xff\xff\xff\xff\xff\xff\xff\xff\xff\xff\xff\xff\xff\xff\xff\xff\xff\xff\xff\xff\xff\xff\xff\xff\xff\xff\xff\xff\xff\xff\xff\xff\xff\xff\xff\xff\xff\xff\xff\xff\xff\xff\xff\xff\xff\xff\xff\xff\xff\xff\xff\xff\xff\xff\xff\xff\xff\xff\xff\xff\xff\xff\xff\xff\xff\xff\xff\xff\xff\xff\xff\xff\xff\xff\xff\xff\xff\xff\xff\xff\xff\xff\xff\xff\xff\xff\xff\xff\xff\xff\xff\xff\xff\xff\xff\xff\xff\xff\xff\xff\xff\xff\xff\xff\xff\xff\xff\xff\xff\xff\xff\x00\x00\x00\x00\x00\x00\x00\x00\x00\x00\x00\x00\x00\x00\x00\x00\x00\x00\x00\x00\x00\x00\x00\x00\x00\x00\x00\x00\x00\x00\x00\x00\x00\x00\x00\x00\xff\xff\xff\xff\xff\xff\xff\xff\xff\xff\xff\xff\xff\xff\xff\xff\xff\xff\xff\xff\xff\xff\xff\xff\xff\xff\xff\xff\xff\xff\xff\xff\xff\xff\xff\xff\xff\xff\xff\xff\xff\xff\xff\xff\xff\xff\xff\xff\xff\xff\xff\xff\xff\xff\xff\xff\xff\xff\xff\xff\xff\xff\xff\xff\xff\xff\xff\xff\xff\xff\xff\xff\xff\xff\xff\xff\xff\xff\xff\xff\xff\xff\xff\xff\xff\xff\xff\xff\xff\xff\xff\xff\xff\xff\xff\xff\xff\xff\xff\xff\xff\xff\xff\xff\xff\xff\xff\xff\xff\xff\xff\xff\xff\xff\xff\xff\xff\xff\xff\xff\xff\xff\xff\xff\xff\xff\xff\xff\xff\xff\xff\xff\xff\xff\xff\xff\xff\xff\xff\xff\xff\xff\xff\xff\xff\xff\xff\xff\xff\xff\xff\xff\xff\xff\xff\xff\xff\xff\xff\xff\xff\xff\xff\xff\xff\xff\xff\xff\xff\xff\xff\xff\xff\xff\xff\xff\xff\xff\xff\xff\x00\x00\x00\x00\x00\x00\x00\x00\x00\x00\x00\x00\x00\x00\x00\x00\x00\x00\x00\x00\x00\x00\x00\x00\x00\x00\x00\x00\x00\x00\x00\x00\x00\x00\x00\x00\xff\xff\xff\xff\xff\xff\xff\xff\xff\xff\xff\xff\xff\xff\xff\xff\xff\xff\xff\xff\xff\xff\xff\xff\xff\xff\xff\xff\xff\xff\xff\xff\xff\xff\xff\xff\xff\xff\xff\xff\xff\xff\xff\xff\xff\xff\xff\xff\xff\xff\xff\xff\xff\xff\xff\xff\xff\xff\xff\xff\xff\xff\xff\xff\xff\xff\xff\xff\xff\xff\xff\xff\xff\xff\xff\xff\xff\xff\xff\xff\xff\xff\xff\xff\xff\xff\xff\xff\xff\xff\xff\xff\xff\xff\xff\xff\xff\xff\xff\xff\xff\xff\xff\xff\xff\xff\xff\xff\x00\x00\x00\x00\x00\x00\x00\x00\x00\x00\x00\x00\xff\xff\xff\xff\xff\xff\xff\xff\xff\xff\xff\xff\xff\xff\xff\xff\xff\xff\xff\xff\xff\xff\xff\xff\xff\xff\xff\xff\xff\xff\xff\xff\xff\xff\xff\xff\x00\x00\x00\x00\x00\x00\x00\x00\x00\x00\x00\x00\xff\xff\xff\xff\xff\xff\xff\xff\xff\xff\xff\xff\x00\x00\x00\x00\x00\x00\x00\x00\x00\x00\x00\x00\xff\xff\xff\xff\xff\xff\xff\xff\xff\xff\xff\xff\xff\xff\xff\xff\xff\xff\xff\xff\xff\xff\xff\xff\xff\xff\xff\xff\xff\xff\xff\xff\xff\xff\xff\xff\xff\xff\xff\xff\xff\xff\xff\xff\xff\xff\xff\xff\xff\xff\xff\xff\xff\xff\xff\xff\xff\xff\xff\xff\xff\xff\xff\xff\xff\xff\xff\xff\xff\xff\xff\xff\xff\xff\xff\xff\xff\xff\xff\xff\xff\xff\xff\xff\xff\xff\xff\xff\xff\xff\xff\xff\xff\xff\xff\xff\xff\xff\xff\xff\xff\xff\xff\xff\xff\xff\xff\xff\xff\xff\xff\xff\xff\xff\xff\xff\xff\xff\xff\xff\xff\xff\xff\xff\xff\xff\xff\xff\xff\xff\xff\xff\x00\x00\x00\x00\x00\x00\x00\x00\x00\x00\x00\x00\xff\xff\xff\xff\xff\xff\xff\xff\xff\xff\xff\xff\xff\xff\xff\xff\xff\xff\xff\xff\xff\xff\xff\xff\xff\xff\xff\xff\xff\xff\xff\xff\xff\xff\xff\xff\x00\x00\x00\x00\x00\x00\x00\x00\x00\x00\x00\x00\xff\xff\xff\xff\xff\xff\xff\xff\xff\xff\xff\xff\x00\x00\x00\x00\x00\x00\x00\x00\x00\x00\x00\x00\xff\xff\xff\xff\xff\xff\xff\xff\xff\xff\xff\xff\xff\xff\xff\xff\xff\xff\xff\xff\xff\xff\xff\xff\xff\xff\xff\xff\xff\xff\xff\xff\xff\xff\xff\xff\xff\xff\xff\xff\xff\xff\xff\xff\xff\xff\xff\xff\xff\xff\xff\xff\xff\xff\xff\xff\xff\xff\xff\xff\xff\xff\xff\xff\xff\xff\xff\xff\xff\xff\xff\xff\xff\xff\xff\xff\xff\xff\xff\xff\xff\xff\xff\xff\xff\xff\xff\xff\xff\xff\xff\xff\xff\xff\xff\xff\xff\xff\xff\xff\xff\xff\xff\xff\xff\xff\xff\xff\xff\xff\xff\xff\xff\xff\xff\xff\xff\xff\xff\xff\xff\xff\xff\xff\xff\xff\xff\xff\xff\xff\xff\xff\x00\x00\x00\x00\x00\x00\x00\x00\x00\x00\x00\x00\xff\xff\xff\xff\xff\xff\xff\xff\xff\xff\xff\xff\xff\xff\xff\xff\xff\xff\xff\xff\xff\xff\xff\xff\xff\xff\xff\xff\xff\xff\xff\xff\xff\xff\xff\xff\x00\x00\x00\x00\x00\x00\x00\x00\x00\x00\x00\x00\xff\xff\xff\xff\xff\xff\xff\xff\xff\xff\xff\xff\x00\x00\x00\x00\x00\x00\x00\x00\x00\x00\x00\x00\xff\xff\xff\xff\xff\xff\xff\xff\xff\xff\xff\xff\xff\xff\xff\xff\xff\xff\xff\xff\xff\xff\xff\xff\xff\xff\xff\xff\xff\xff\xff\xff\xff\xff\xff\xff\xff\xff\xff\xff\xff\xff\xff\xff\xff\xff\xff\xff\xff\xff\xff\xff\xff\xff\xff\xff\xff\xff\xff\xff\xff\xff\xff\xff\xff\xff\xff\xff\xff\xff\xff\xff\xff\xff\xff\xff\xff\xff\xff\xff\xff\xff\xff\xff\xff\xff\xff\xff\xff\xff\xff\xff\xff\xff\xff\xff\xff\xff\xff\xff\xff\xff\xff\xff\xff\xff\xff\xff\xff\xff\xff\xff\xff\xff\xff\xff\xff\xff\xff\xff\xff\xff\xff\xff\xff\xff\xff\xff\xff\xff\xff\xff\x00\x00\x00\x00\x00\x00\x00\x00\x00\x00\x00\x00\xff\xff\xff\xff\xff\xff\xff\xff\xff\xff\xff\xff\xff\xff\xff\xff\xff\xff\xff\xff\xff\xff\xff\xff\xff\xff\xff\xff\xff\xff\xff\xff\xff\xff\xff\xff\x00\x00\x00\x00\x00\x00\x00\x00\x00\x00\x00\x00\xff\xff\xff\xff\xff\xff\xff\xff\xff\xff\xff\xff\x00\x00\x00\x00\x00\x00\x00\x00\x00\x00\x00\x00\xff\xff\xff\xff\xff\xff\xff\xff\xff\xff\xff\xff\xff\xff\xff\xff\xff\xff\xff\xff\xff\xff\xff\xff\xff\xff\xff\xff\xff\xff\xff\xff\xff\xff\xff\xff\xff\xff\xff\xff\xff\xff\xff\xff\xff\xff\xff\xff\xff\xff\xff\xff\xff\xff\xff\xff\xff\xff\xff\xff\xff\xff\xff\xff\xff\xff\xff\xff\xff\xff\xff\xff\xff\xff\xff\xff\xff\xff\xff\xff\xff\xff\xff\xff\xff\xff\xff\xff\xff\xff\xff\xff\xff\xff\xff\xff\xff\xff\xff\xff\xff\xff\xff\xff\xff\xff\xff\xff\xff\xff\xff\xff\xff\xff\xff\xff\xff\xff\xff\xff\xff\xff\xff\xff\xff\xff\xff\xff\xff\xff\xff\xff\xff\xff\xff\xff\xff\xff\xff\xff\xff\xff\xff\xff\x00\x00\x00\x00\x00\x00\x00\x00\x00\x00\x00\x00\xff\xff\xff\xff\xff\xff\xff\xff\xff\xff\xff\xff\x00\x00\x00\x00\x00\x00\x00\x00\x00\x00\x00\x00\xff\xff\xff\xff\xff\xff\xff\xff\xff\xff\xff\xff\xff\xff\xff\xff\xff\xff\xff\xff\xff\xff\xff\xff\x00\x00\x00\x00\x00\x00\x00\x00\x00\x00\x00\x00\x00\x00\x00\x00\x00\x00\x00\x00\x00\x00\x00\x00\x00\x00\x00\x00\x00\x00\x00\x00\x00\x00\x00\x00\xff\xff\xff\xff\xff\xff\xff\xff\xff\xff\xff\xff\xff\xff\xff\xff\xff\xff\xff\xff\xff\xff\xff\xff\xff\xff\xff\xff\xff\xff\xff\xff\xff\xff\xff\xff\xff\xff\xff\xff\xff\xff\xff\xff\xff\xff\xff\xff\xff\xff\xff\xff\xff\xff\xff\xff\xff\xff\xff\xff\xff\xff\xff\xff\xff\xff\xff\xff\xff\xff\xff\xff\xff\xff\xff\xff\xff\xff\xff\xff\xff\xff\xff\xff\xff\xff\xff\xff\xff\xff\xff\xff\xff\xff\xff\xff\xff\xff\xff\xff\xff\xff\xff\xff\xff\xff\xff\xff\xff\xff\xff\xff\xff\xff\xff\xff\xff\xff\xff\xff\x00\x00\x00\x00\x00\x00\x00\x00\x00\x00\x00\x00\xff\xff\xff\xff\xff\xff\xff\xff\xff\xff\xff\xff\x00\x00\x00\x00\x00\x00\x00\x00\x00\x00\x00\x00\xff\xff\xff\xff\xff\xff\xff\xff\xff\xff\xff\xff\xff\xff\xff\xff\xff\xff\xff\xff\xff\xff\xff\xff\x00\x00\x00\x00\x00\x00\x00\x00\x00\x00\x00\x00\x00\x00\x00\x00\x00\x00\x00\x00\x00\x00\x00\x00\x00\x00\x00\x00\x00\x00\x00\x00\x00\x00\x00\x00\xff\xff\xff\xff\xff\xff\xff\xff\xff\xff\xff\xff\xff\xff\xff\xff\xff\xff\xff\xff\xff\xff\xff\xff\xff\xff\xff\xff\xff\xff\xff\xff\xff\xff\xff\xff\xff\xff\xff\xff\xff\xff\xff\xff\xff\xff\xff\xff\xff\xff\xff\xff\xff\xff\xff\xff\xff\xff\xff\xff\xff\xff\xff\xff\xff\xff\xff\xff\xff\xff\xff\xff\xff\xff\xff\xff\xff\xff\xff\xff\xff\xff\xff\xff\xff\xff\xff\xff\xff\xff\xff\xff\xff\xff\xff\xff\xff\xff\xff\xff\xff\xff\xff\xff\xff\xff\xff\xff\xff\xff\xff\xff\xff\xff\xff\xff\xff\xff\xff\xff\x00\x00\x00\x00\x00\x00\x00\x00\x00\x00\x00\x00\xff\xff\xff\xff\xff\xff\xff\xff\xff\xff\xff\xff\x00\x00\x00\x00\x00\x00\x00\x00\x00\x00\x00\x00\xff\xff\xff\xff\xff\xff\xff\xff\xff\xff\xff\xff\xff\xff\xff\xff\xff\xff\xff\xff\xff\xff\xff\xff\x00\x00\x00\x00\x00\x00\x00\x00\x00\x00\x00\x00\x00\x00\x00\x00\x00\x00\x00\x00\x00\x00\x00\x00\x00\x00\x00\x00\x00\x00\x00\x00\x00\x00\x00\x00\xff\xff\xff\xff\xff\xff\xff\xff\xff\xff\xff\xff\xff\xff\xff\xff\xff\xff\xff\xff\xff\xff\xff\xff\xff\xff\xff\xff\xff\xff\xff\xff\xff\xff\xff\xff\xff\xff\xff\xff\xff\xff\xff\xff\xff\xff\xff\xff\xff\xff\xff\xff\xff\xff\xff\xff\xff\xff\xff\xff\xff\xff\xff\xff\xff\xff\xff\xff\xff\xff\xff\xff\xff\xff\xff\xff\xff\xff\xff\xff\xff\xff\xff\xff\xff\xff\xff\xff\xff\xff\xff\xff\xff\xff\xff\xff\xff\xff\xff\xff\xff\xff\xff\xff\xff\xff\xff\xff\xff\xff\xff\xff\xff\xff\xff\xff\xff\xff\xff\xff\x00\x00\x00\x00\x00\x00\x00\x00\x00\x00\x00\x00\xff\xff\xff\xff\xff\xff\xff\xff\xff\xff\xff\xff\x00\x00\x00\x00\x00\x00\x00\x00\x00\x00\x00\x00\xff\xff\xff\xff\xff\xff\xff\xff\xff\xff\xff\xff\xff\xff\xff\xff\xff\xff\xff\xff\xff\xff\xff\xff\x00\x00\x00\x00\x00\x00\x00\x00\x00\x00\x00\x00\x00\x00\x00\x00\x00\x00\x00\x00\x00\x00\x00\x00\x00\x00\x00\x00\x00\x00\x00\x00\x00\x00\x00\x00\xff\xff\xff\xff\xff\xff\xff\xff\xff\xff\xff\xff\xff\xff\xff\xff\xff\xff\xff\xff\xff\xff\xff\xff\xff\xff\xff\xff\xff\xff\xff\xff\xff\xff\xff\xff\xff\xff\xff\xff\xff\xff\xff\xff\xff\xff\xff\xff\xff\xff\xff\xff\xff\xff\xff\xff\xff\xff\xff\xff\xff\xff\xff\xff\xff\xff\xff\xff\xff\xff\xff\xff\xff\xff\xff\xff\xff\xff\xff\xff\xff\xff\xff\xff\xff\xff\xff\xff\xff\xff\xff\xff\xff\xff\xff\xff\xff\xff\xff\xff\xff\xff\xff\xff\xff\xff\xff\xff\xff\xff\xff\xff\xff\xff\xff\xff\xff\xff\xff\xff\xff\xff\xff\xff\xff\xff\xff\xff\xff\xff\xff\xff\x00\x00\x00\x00\x00\x00\x00\x00\x00\x00\x00\x00\xff\xff\xff\xff\xff\xff\xff\xff\xff\xff\xff\xff\xff\xff\xff\xff\xff\xff\xff\xff\xff\xff\xff\xff\xff\xff\xff\xff\xff\xff\xff\xff\xff\xff\xff\xff\xff\xff\xff\xff\xff\xff\xff\xff\xff\xff\xff\xff\xff\xff\xff\xff\xff\xff\xff\xff\xff\xff\xff\xff\xff\xff\xff\xff\xff\xff\xff\xff\xff\xff\xff\xff\xff\xff\xff\xff\xff\xff\xff\xff\xff\xff\xff\xff\xff\xff\xff\xff\xff\xff\xff\xff\xff\xff\xff\xff\xff\xff\xff\xff\xff\xff\xff\xff\xff\xff\xff\xff\xff\xff\xff\xff\xff\xff\xff\xff\xff\xff\xff\xff\xff\xff\xff\xff\xff\xff\xff\xff\xff\xff\xff\xff\xff\xff\xff\xff\xff\xff\xff\xff\xff\xff\xff\xff\xff\xff\xff\xff\xff\xff\xff\xff\xff\xff\xff\xff\xff\xff\xff\xff\xff\xff\xff\xff\xff\xff\xff\xff\xff\xff\xff\xff\xff\xff\xff\xff\xff\xff\xff\xff\xff\xff\xff\xff\xff\xff\xff\xff\xff\xff\xff\xff\xff\xff\xff\xff\xff\xff\xff\xff\xff\xff\xff\xff\x00\x00\x00\x00\x00\x00\x00\x00\x00\x00\x00\x00\xff\xff\xff\xff\xff\xff\xff\xff\xff\xff\xff\xff\xff\xff\xff\xff\xff\xff\xff\xff\xff\xff\xff\xff\xff\xff\xff\xff\xff\xff\xff\xff\xff\xff\xff\xff\xff\xff\xff\xff\xff\xff\xff\xff\xff\xff\xff\xff\xff\xff\xff\xff\xff\xff\xff\xff\xff\xff\xff\xff\xff\xff\xff\xff\xff\xff\xff\xff\xff\xff\xff\xff\xff\xff\xff\xff\xff\xff\xff\xff\xff\xff\xff\xff\xff\xff\xff\xff\xff\xff\xff\xff\xff\xff\xff\xff\xff\xff\xff\xff\xff\xff\xff\xff\xff\xff\xff\xff\xff\xff\xff\xff\xff\xff\xff\xff\xff\xff\xff\xff\xff\xff\xff\xff\xff\xff\xff\xff\xff\xff\xff\xff\xff\xff\xff\xff\xff\xff\xff\xff\xff\xff\xff\xff\xff\xff\xff\xff\xff\xff\xff\xff\xff\xff\xff\xff\xff\xff\xff\xff\xff\xff\xff\xff\xff\xff\xff\xff\xff\xff\xff\xff\xff\xff\xff\xff\xff\xff\xff\xff\xff\xff\xff\xff\xff\xff\xff\xff\xff\xff\xff\xff\xff\xff\xff\xff\xff\xff\xff\xff\xff\xff\xff\xff\x00\x00\x00\x00\x00\x00\x00\x00\x00\x00\x00\x00\xff\xff\xff\xff\xff\xff\xff\xff\xff\xff\xff\xff\xff\xff\xff\xff\xff\xff\xff\xff\xff\xff\xff\xff\xff\xff\xff\xff\xff\xff\xff\xff\xff\xff\xff\xff\xff\xff\xff\xff\xff\xff\xff\xff\xff\xff\xff\xff\xff\xff\xff\xff\xff\xff\xff\xff\xff\xff\xff\xff\xff\xff\xff\xff\xff\xff\xff\xff\xff\xff\xff\xff\xff\xff\xff\xff\xff\xff\xff\xff\xff\xff\xff\xff\xff\xff\xff\xff\xff\xff\xff\xff\xff\xff\xff\xff\xff\xff\xff\xff\xff\xff\xff\xff\xff\xff\xff\xff\xff\xff\xff\xff\xff\xff\xff\xff\xff\xff\xff\xff\xff\xff\xff\xff\xff\xff\xff\xff\xff\xff\xff\xff\xff\xff\xff\xff\xff\xff\xff\xff\xff\xff\xff\xff\xff\xff\xff\xff\xff\xff\xff\xff\xff\xff\xff\xff\xff\xff\xff\xff\xff\xff\xff\xff\xff\xff\xff\xff\xff\xff\xff\xff\xff\xff\xff\xff\xff\xff\xff\xff\xff\xff\xff\xff\xff\xff\xff\xff\xff\xff\xff\xff\xff\xff\xff\xff\xff\xff\xff\xff\xff\xff\xff\xff\x00\x00\x00\x00\x00\x00\x00\x00\x00\x00\x00\x00\xff\xff\xff\xff\xff\xff\xff\xff\xff\xff\xff\xff\xff\xff\xff\xff\xff\xff\xff\xff\xff\xff\xff\xff\xff\xff\xff\xff\xff\xff\xff\xff\xff\xff\xff\xff\xff\xff\xff\xff\xff\xff\xff\xff\xff\xff\xff\xff\xff\xff\xff\xff\xff\xff\xff\xff\xff\xff\xff\xff\xff\xff\xff\xff\xff\xff\xff\xff\xff\xff\xff\xff\xff\xff\xff\xff\xff\xff\xff\xff\xff\xff\xff\xff\xff\xff\xff\xff\xff\xff\xff\xff\xff\xff\xff\xff\xff\xff\xff\xff\xff\xff\xff\xff\xff\xff\xff\xff\xff\xff\xff\xff\xff\xff\xff\xff\xff\xff\xff\xff\xff\xff\xff\xff\xff\xff\xff\xff\xff\xff\xff\xff\xff\xff\xff\xff\xff\xff\xff\xff\xff\xff\xff\xff\xff\xff\xff\xff\xff\xff\xff\xff\xff\xff\xff\xff\xff\xff\xff\xff\xff\xff\xff\xff\xff\xff\xff\xff\xff\xff\xff\xff\xff\xff\xff\xff\xff\xff\xff\xff\xff\xff\xff\xff\xff\xff\xff\xff\xff\xff\xff\xff\x00\x00\x00\x00\x00\x00\x00\x00\x00\x00\x00\x00\xff\xff\xff\xff\xff\xff\xff\xff\xff\xff\xff\xff\x00\x00\x00\x00\x00\x00\x00\x00\x00\x00\x00\x00\xff\xff\xff\xff\xff\xff\xff\xff\xff\xff\xff\xff\xff\xff\xff\xff\xff\xff\xff\xff\xff\xff\xff\xff\xff\xff\xff\xff\xff\xff\xff\xff\xff\xff\xff\xff\xff\xff\xff\xff\xff\xff\xff\xff\xff\xff\xff\xff\xff\xff\xff\xff\xff\xff\xff\xff\xff\xff\xff\xff\xff\xff\xff\xff\xff\xff\xff\xff\xff\xff\xff\xff\xff\xff\xff\xff\xff\xff\xff\xff\xff\xff\xff\xff\xff\xff\xff\xff\xff\xff\xff\xff\xff\xff\xff\xff\xff\xff\xff\xff\xff\xff\xff\xff\xff\xff\xff\xff\xff\xff\xff\xff\xff\xff\xff\xff\xff\xff\xff\xff\xff\xff\xff\xff\xff\xff\xff\xff\xff\xff\xff\xff\xff\xff\xff\xff\xff\xff\xff\xff\xff\xff\xff\xff\xff\xff\xff\xff\xff\xff\xff\xff\xff\xff\xff\xff\xff\xff\xff\xff\xff\xff\xff\xff\xff\xff\xff\xff\xff\xff\xff\xff\xff\xff\xff\xff\xff\xff\xff\xff\x00\x00\x00\x00\x00\x00\x00\x00\x00\x00\x00\x00\xff\xff\xff\xff\xff\xff\xff\xff\xff\xff\xff\xff\x00\x00\x00\x00\x00\x00\x00\x00\x00\x00\x00\x00\xff\xff\xff\xff\xff\xff\xff\xff\xff\xff\xff\xff\xff\xff\xff\xff\xff\xff\xff\xff\xff\xff\xff\xff\xff\xff\xff\xff\xff\xff\xff\xff\xff\xff\xff\xff\xff\xff\xff\xff\xff\xff\xff\xff\xff\xff\xff\xff\xff\xff\xff\xff\xff\xff\xff\xff\xff\xff\xff\xff\xff\xff\xff\xff\xff\xff\xff\xff\xff\xff\xff\xff\xff\xff\xff\xff\xff\xff\xff\xff\xff\xff\xff\xff\xff\xff\xff\xff\xff\xff\xff\xff\xff\xff\xff\xff\xff\xff\xff\xff\xff\xff\xff\xff\xff\xff\xff\xff\xff\xff\xff\xff\xff\xff\xff\xff\xff\xff\xff\xff\xff\xff\xff\xff\xff\xff\xff\xff\xff\xff\xff\xff\xff\xff\xff\xff\xff\xff\xff\xff\xff\xff\xff\xff\xff\xff\xff\xff\xff\xff\xff\xff\xff\xff\xff\xff\xff\xff\xff\xff\xff\xff\xff\xff\xff\xff\xff\xff\xff\xff\xff\xff\xff\xff\xff\xff\xff\xff\xff\xff\x00\x00\x00\x00\x00\x00\x00\x00\x00\x00\x00\x00\xff\xff\xff\xff\xff\xff\xff\xff\xff\xff\xff\xff\x00\x00\x00\x00\x00\x00\x00\x00\x00\x00\x00\x00\xff\xff\xff\xff\xff\xff\xff\xff\xff\xff\xff\xff\xff\xff\xff\xff\xff\xff\xff\xff\xff\xff\xff\xff\xff\xff\xff\xff\xff\xff\xff\xff\xff\xff\xff\xff\xff\xff\xff\xff\xff\xff\xff\xff\xff\xff\xff\xff\xff\xff\xff\xff\xff\xff\xff\xff\xff\xff\xff\xff\xff\xff\xff\xff\xff\xff\xff\xff\xff\xff\xff\xff\xff\xff\xff\xff\xff\xff\xff\xff\xff\xff\xff\xff\xff\xff\xff\xff\xff\xff\xff\xff\xff\xff\xff\xff\xff\xff\xff\xff\xff\xff\xff\xff\xff\xff\xff\xff\xff\xff\xff\xff\xff\xff\xff\xff\xff\xff\xff\xff\xff\xff\xff\xff\xff\xff\xff\xff\xff\xff\xff\xff\xff\xff\xff\xff\xff\xff\xff\xff\xff\xff\xff\xff\xff\xff\xff\xff\xff\xff\xff\xff\xff\xff\xff\xff\xff\xff\xff\xff\xff\xff\xff\xff\xff\xff\xff\xff\xff\xff\xff\xff\xff\xff\xff\xff\xff\xff\xff\xff\x00\x00\x00\x00\x00\x00\x00\x00\x00\x00\x00\x00\xff\xff\xff\xff\xff\xff\xff\xff\xff\xff\xff\xff\x00\x00\x00\x00\x00\x00\x00\x00\x00\x00\x00\x00\xff\xff\xff\xff\xff\xff\xff\xff\xff\xff\xff\xff\xff\xff\xff\xff\xff\xff\xff\xff\xff\xff\xff\xff\xff\xff\xff\xff\xff\xff\xff\xff\xff\xff\xff\xff\xff\xff\xff\xff\xff\xff\xff\xff\xff\xff\xff\xff\xff\xff\xff\xff\xff\xff\xff\xff\xff\xff\xff\xff\xff\xff\xff\xff\xff\xff\xff\xff\xff\xff\xff\xff\xff\xff\xff\xff\xff\xff\xff\xff\xff\xff\xff\xff\xff\xff\xff\xff\xff\xff\xff\xff\xff\xff\xff\xff\xff\xff\xff\xff\xff\xff\xff\xff\xff\xff\xff\xff\xff\xff\xff\xff\xff\xff\xff\xff\xff\xff\xff\xff\xff\xff\xff\xff\xff\xff\xff\xff\xff\xff\xff\xff\xff\xff\xff\xff\xff\xff\xff\xff\xff\xff\xff\xff\xff\xff\xff\xff\xff\xff\xff\xff\xff\xff\xff\xff\xff\xff\xff\xff\xff\xff\xff\xff\xff\xff\xff\xff\x00\x00\x00\x00\x00\x00\x00\x00\x00\x00\x00\x00\xff\xff\xff\xff\xff\xff\xff\xff\xff\xff\xff\xff\xff\xff\xff\xff\xff\xff\xff\xff\xff\xff\xff\xff\xff\xff\xff\xff\xff\xff\xff\xff\xff\xff\xff\xff\x00\x00\x00\x00\x00\x00\x00\x00\x00\x00\x00\x00\xff\xff\xff\xff\xff\xff\xff\xff\xff\xff\xff\xff\xff\xff\xff\xff\xff\xff\xff\xff\xff\xff\xff\xff\xff\xff\xff\xff\xff\xff\xff\xff\xff\xff\xff\xff\xff\xff\xff\xff\xff\xff\xff\xff\xff\xff\xff\xff\xff\xff\xff\xff\xff\xff\xff\xff\xff\xff\xff\xff\xff\xff\xff\xff\xff\xff\xff\xff\xff\xff\xff\xff\xff\xff\xff\xff\xff\xff\xff\xff\xff\xff\xff\xff\xff\xff\xff\xff\xff\xff\xff\xff\xff\xff\xff\xff\xff\xff\xff\xff\xff\xff\xff\xff\xff\xff\xff\xff\xff\xff\xff\xff\xff\xff\xff\xff\xff\xff\xff\xff\xff\xff\xff\xff\xff\xff\xff\xff\xff\xff\xff\xff\xff\xff\xff\xff\xff\xff\xff\xff\xff\xff\xff\xff\xff\xff\xff\xff\xff\xff\xff\xff\xff\xff\xff\xff\x00\x00\x00\x00\x00\x00\x00\x00\x00\x00\x00\x00\xff\xff\xff\xff\xff\xff\xff\xff\xff\xff\xff\xff\xff\xff\xff\xff\xff\xff\xff\xff\xff\xff\xff\xff\xff\xff\xff\xff\xff\xff\xff\xff\xff\xff\xff\xff\x00\x00\x00\x00\x00\x00\x00\x00\x00\x00\x00\x00\xff\xff\xff\xff\xff\xff\xff\xff\xff\xff\xff\xff\xff\xff\xff\xff\xff\xff\xff\xff\xff\xff\xff\xff\xff\xff\xff\xff\xff\xff\xff\xff\xff\xff\xff\xff\xff\xff\xff\xff\xff\xff\xff\xff\xff\xff\xff\xff\xff\xff\xff\xff\xff\xff\xff\xff\xff\xff\xff\xff\xff\xff\xff\xff\xff\xff\xff\xff\xff\xff\xff\xff\xff\xff\xff\xff\xff\xff\xff\xff\xff\xff\xff\xff\xff\xff\xff\xff\xff\xff\xff\xff\xff\xff\xff\xff\xff\xff\xff\xff\xff\xff\xff\xff\xff\xff\xff\xff\xff\xff\xff\xff\xff\xff\xff\xff\xff\xff\xff\xff\xff\xff\xff\xff\xff\xff\xff\xff\xff\xff\xff\xff\xff\xff\xff\xff\xff\xff\xff\xff\xff\xff\xff\xff\xff\xff\xff\xff\xff\xff\xff\xff\xff\xff\xff\xff\x00\x00\x00\x00\x00\x00\x00\x00\x00\x00\x00\x00\xff\xff\xff\xff\xff\xff\xff\xff\xff\xff\xff\xff\xff\xff\xff\xff\xff\xff\xff\xff\xff\xff\xff\xff\xff\xff\xff\xff\xff\xff\xff\xff\xff\xff\xff\xff\x00\x00\x00\x00\x00\x00\x00\x00\x00\x00\x00\x00\xff\xff\xff\xff\xff\xff\xff\xff\xff\xff\xff\xff\xff\xff\xff\xff\xff\xff\xff\xff\xff\xff\xff\xff\xff\xff\xff\xff\xff\xff\xff\xff\xff\xff\xff\xff\xff\xff\xff\xff\xff\xff\xff\xff\xff\xff\xff\xff\xff\xff\xff\xff\xff\xff\xff\xff\xff\xff\xff\xff\xff\xff\xff\xff\xff\xff\xff\xff\xff\xff\xff\xff\xff\xff\xff\xff\xff\xff\xff\xff\xff\xff\xff\xff\xff\xff\xff\xff\xff\xff\xff\xff\xff\xff\xff\xff\xff\xff\xff\xff\xff\xff\xff\xff\xff\xff\xff\xff\xff\xff\xff\xff\xff\xff\xff\xff\xff\xff\xff\xff\xff\xff\xff\xff\xff\xff\xff\xff\xff\xff\xff\xff\xff\xff\xff\xff\xff\xff\xff\xff\xff\xff\xff\xff\xff\xff\xff\xff\xff\xff\xff\xff\xff\xff\xff\xff\x00\x00\x00\x00\x00\x00\x00\x00\x00\x00\x00\x00\xff\xff\xff\xff\xff\xff\xff\xff\xff\xff\xff\xff\xff\xff\xff\xff\xff\xff\xff\xff\xff\xff\xff\xff\xff\xff\xff\xff\xff\xff\xff\xff\xff\xff\xff\xff\x00\x00\x00\x00\x00\x00\x00\x00\x00\x00\x00\x00\xff\xff\xff\xff\xff\xff\xff\xff\xff\xff\xff\xff\xff\xff\xff\xff\xff\xff\xff\xff\xff\xff\xff\xff\xff\xff\xff\xff\xff\xff\xff\xff\xff\xff\xff\xff\xff\xff\xff\xff\xff\xff\xff\xff\xff\xff\xff\xff\xff\xff\xff\xff\xff\xff\xff\xff\xff\xff\xff\xff\xff\xff\xff\xff\xff\xff\xff\xff\xff\xff\xff\xff\xff\xff\xff\xff\xff\xff\xff\xff\xff\xff\xff\xff\xff\xff\xff\xff\xff\xff\xff\xff\xff\xff\xff\xff\xff\xff\xff\xff\xff\xff\xff\xff\xff\xff\xff\xff\xff\xff\xff\xff\xff\xff\xff\xff\xff\xff\xff\xff\xff\xff\xff\xff\xff\xff\xff\xff\xff\xff\xff\xff\xff\xff\xff\xff\xff\xff\xff\xff\xff\xff\xff\xff\xff\xff\xff\xff\xff\xff\xff\xff\xff\xff\xff\xff\xff\xff\xff\xff\xff\xff\xff\xff\xff\xff\xff\xff\xff\xff\xff\xff\xff\xff\xff\xff\xff\xff\xff\xff\xff\xff\xff\xff\xff\xff\xff\xff\xff\xff\xff\xff\xff\xff\xff\xff\xff\xff\xff\xff\xff\xff\xff\xff\xff\xff\xff\xff\xff\xff\xff\xff\xff\xff\xff\xff\xff\xff\xff\xff\xff\xff\xff\xff\xff\xff\xff\xff\xff\xff\xff\xff\xff\xff\xff\xff\xff\xff\xff\xff\xff\xff\xff\xff\xff\xff\xff\xff\xff\xff\xff\xff\xff\xff\xff\xff\xff\xff\xff\xff\xff\xff\xff\xff\xff\xff\xff\xff\xff\xff\xff\xff\xff\xff\xff\xff\xff\xff\xff\xff\xff\xff\xff\xff\xff\xff\xff\xff\xff\xff\xff\xff\xff\xff\xff\xff\xff\xff\xff\xff\xff\xff\xff\xff\xff\xff\xff\xff\xff\xff\xff\xff\xff\xff\xff\xff\xff\xff\xff\xff\xff\xff\xff\xff\xff\xff\xff\xff\xff\xff\xff\xff\xff\xff\xff\xff\xff\xff\xff\xff\xff\xff\xff\xff\xff\xff\xff\xff\xff\xff\xff\xff\xff\xff\xff\xff\xff\xff\xff\xff\xff\xff\xff\xff\xff\xff\xff\xff\xff\xff\xff\xff\xff\xff\xff\xff\xff\xff\xff\xff\xff\xff\xff\xff\xff\xff\xff\xff\xff\xff\xff\xff\xff\xff\xff\xff\xff\xff\xff\xff\xff\xff\xff\xff\xff\xff\xff\xff\xff\xff\xff\xff\xff\xff\xff\xff\xff\xff\xff\xff\xff\xff\xff\xff\xff\xff\xff\xff\xff\xff\xff\xff\xff\xff\xff\xff\xff\xff\xff\xff\xff\xff\xff\xff\xff\xff\xff\xff\xff\xff\xff\xff\xff\xff\xff\xff\xff\xff\xff\xff\xff\xff\xff\xff\xff\xff\xff\xff\xff\xff\xff\xff\xff\xff\xff\xff\xff\xff\xff\xff\xff\xff\xff\xff\xff\xff\xff\xff\xff\xff\xff\xff\xff\xff\xff\xff\xff\xff\xff\xff\xff\xff\xff\xff\xff\xff\xff\xff\xff\xff\xff\xff\xff\xff\xff\xff\xff\xff\xff\xff\xff\xff\xff\xff\xff\xff\xff\xff\xff\xff\xff\xff\xff\xff\xff\xff\xff\xff\xff\xff\xff\xff\xff\xff\xff\xff\xff\xff\xff\xff\xff\xff\xff\xff\xff\xff\xff\xff\xff\xff\xff\xff\xff\xff\xff\xff\xff\xff\xff\xff\xff\xff\xff\xff\xff\xff\xff\xff\xff\xff\xff\xff\xff\xff\xff\xff\xff\xff\xff\xff\xff\xff\xff\xff\xff\xff\xff\xff\xff\xff\xff\xff\xff\xff\xff\xff\xff\xff\xff\xff\xff\xff\xff\xff\xff\xff\xff\xff\xff\xff\xff\xff\xff\xff\xff\xff\xff\xff\xff\xff\xff\xff\xff\xff\xff\xff\xff\xff\xff\xff\xff\xff\xff\xff\xff\xff\xff\xff\xff\xff\xff\xff\xff\xff\xff\xff\xff\xff\xff\xff\xff\xff\xff\xff\xff\xff\xff\xff\xff\xff\xff\xff\xff\xff\xff\xff\xff\xff\xff\xff\xff\xff\xff\xff\xff\xff\xff\xff\xff\xff\xff\xff\xff\xff\xff\xff\xff\xff\xff\xff\xff\xff\xff\xff\xff\xff\xff\xff\xff\xff\xff\xff\xff\xff\xff\xff\xff\xff\xff\xff\xff\xff\xff\xff\xff\xff\xff\xff\xff\xff\xff\xff\xff\xff\xff\xff\xff\xff\xff\xff\xff\xff\xff\xff\xff\xff\xff\xff\xff\xff\xff\xff\xff\xff\xff\xff\xff\xff\xff\xff\xff\xff\xff\xff\xff\xff\xff\xff\xff\xff\xff\xff\xff\xff\xff\xff\xff\xff\xff\xff\xff\xff\xff\xff\xff\xff\xff\xff\xff\xff\xff\xff\xff\xff\xff\xff\xff\xff\xff\xff\xff\xff\xff\xff\xff\xff\xff\xff\xff\xff\xff\xff\xff\xff\xff\xff\xff\xff\xff\xff\xff\xff\xff\xff\xff\xff\xff\xff\xff\xff\xff\xff\xff\xff\xff\xff\xff\xff\xff\xff\xff\xff\xff\xff\xff\xff\xff\xff\xff\xff\xff\xff\xff\xff\xff\xff\xff\xff\xff\xff\xff\xff\xff\xff\xff\xff\xff\xff\xff\xff\xff\xff\xff\xff\xff\xff\xff\xff\xff\xff\xff\xff\xff\xff\xff\xff\xff\xff\xff\xff\xff\xff\xff\xff\xff\xff\xff\xff\xff\xff\xff\xff\xff\xff\xff\xff\xff\xff\xff\xff\xff\xff\xff\xff\xff\xff\xff\xff\xff\xff\xff\xff\xff\xff\xff\xff\xff\xff\xff\xff\xff\xff\xff\xff\xff\xff\xff\xff\xff\xff\xff\xff\xff\xff\xff\xff\xff\xff\xff\xff\xff\xff\xff\xff\xff\xff\xff\xff\xff\xff\xff\xff\xff\xff\xff\xff\xff\xff\xff\xff\xff\xff\xff\xff\xff\xff\xff\xff\xff\xff\xff\xff\xff\xff\xff\xff\xff\xff\xff\xff\xff\xff\xff\xff\xff\xff\xff\xff\xff\xff\xff\xff\xff\xff\xff\xff\xff\xff\xff\xff\xff\xff\xff\xff\xff\xff\xff\xff\xff\xff\xff\xff\xff\xff\xff\xff\xff\xff\xff\xff\xff\xff\xff\xff\xff\xff\xff\xff\xff\xff\xff\xff\xff\xff\xff\xff\xff\xff\xff\xff\xff\xff\xff\xff\xff\xff\xff\xff\xff\xff\xff\xff\xff\xff\xff\xff\xff\xff\xff\xff\xff\xff\xff\xff\xff\xff\xff\xff\xff\xff\xff\xff\xff\xff\xff\xff\xff\xff\xff\xff\xff\xff\xff\xff\xff\xff\xff\xff\xff\xff\xff\xff\xff\xff\xff\xff\xff\xff\xff\xff\xff\xff\xff\xff\xff\xff\xff\xff\xff\xff\xff\xff\xff\xff\xff\xff\xff\xff\xff\xff\xff\xff\xff\xff\xff\xff\xff\xff\xff\xff\xff\xff\xff\xff\xff\xff\xff\xff\xff\xff\xff\xff\xff\xff\xff\xff\xff\xff\xff\xff\xff\xff\xff\xff\xff\xff\xff\xff\xff\xff\xff\xff\xff\xff\xff\xff\xff\xff\xff\xff\xff\xff\xff\xff\xff\xff\xff\xff\xff\xff\xff\xff\xff\xff\xff\xff\xff\xff\xff\xff\xff\xff\xff\xff\xff\xff\xff\xff\xff\xff\xff\xff\xff\xff\xff\xff\xff\xff\xff\xff\xff\xff\xff\xff\xff\xff\xff\xff\xff\xff\xff\xff\xff\xff\xff\xff\xff\xff\xff\xff\xff\xff\xff\xff\xff\xff\xff\xff\xff\xff\xff\xff\xff\xff\xff\xff\xff\xff\xff\xff\xff\xff\xff\xff\xff\xff\xff\xff\xff\xff\xff\xff\xff\xff\xff\xff\xff\xff\xff\xff\xff\xff\xff\xff\xff\xff\xff\xff\xff\xff\xff\xff\xff\xff\xff\xff\xff\xff\xff\xff\xff\xff\xff\xff\xff\xff\xff\xff\xff\xff\xff\xff\xff\xff\xff\xff\xff\xff\xff\xff\xff\xff\xff\xff\xff\xff\xff\xff\xff\xff\xff\xff\xff\xff\xff\xff\xff\xff\xff\xff\xff\xff\xff\xff\xff\xff\xff\xff\xff\xff\xff\xff\xff\xff\xff\xff\xff\xff\xff\xff\xff\xff\xff\xff\xff\xff\xff\xff\xff\xff\xff\xff\xff\xff\xff\xff\xff\xff\xff\xff\xff\xff\xff\xff\xff\xff\xff\xff\xff\xff\xff\xff\xff\xff\xff\xff\xff\xff\xff\xff\xff\xff\xff\xff\xff\xff\xff\xff\xff\xff\xff\xff\xff\xff\xff\xff\xff\xff\xff\xff\xff\xff\xff\xff\xff\xff\xff\xff\xff\xff\xff\xff\xff\xff\xff\xff\xff\xff\xff\xff\xff\xff\xff\xff\xff\xff\xff\xff\xff\xff\xff\xff\xff\xff\xff\xff\xff\xff\xff\xff\xff\xff\xff\xff\xff\xff\xff\xff\xff\xff\xff\xff\xff\xff\xff\xff\xff\xff\xff\xff\xff\xff\xff\xff\xff\xff\xff\xff\xff\xff\xff\xff\xff\xff\xff\xff\xff\xff\xff\xff\xff\xff\xff\xff\xff\xff\xff\xff\xff\xff\xff\xff\xff\xff\xff\xff\xff\xff\xff\xff\xff\xff\xff\xff\xff\xff\xff\xff\xff\xff\xff\xff\xff\xff\xff\xff\xff\xff\xff\xff\xff\xff\xff\xff\xff\xff\xff\xff\xff\xff\xff\xff\xff\xff\xff\xff\xff\xff\xff\xff\xff\xff\xff\xff\xff\xff\xff\xff\xff\xff\xff\xff\xff\xff\xff\xff\xff\xff\xff\xff\xff\xff\xff\xff\xff\xff\xff\xff\xff\xff\xff\xff\xff\xff\xff\xff\xff\xff\xff\xff\xff\xff\xff\xff\xff\xff\xff\xff\xff\xff\xff\xff\xff\xff\xff\xff\xff\xff\xff\xff\xff\xff\xff\xff\xff\xff\xff\xff\xff\xff\xff\xff\xff\xff\xff\xff\xff\xff\xff\xff\xff\xff\xff\xff\xff\xff\xff\xff\xff\xff\xff\xff\xff\xff\xff\xff\xff\xff\xff\xff\xff\xff\xff\xff\xff\xff\xff\xff\xff\xff\xff\xff\xff\xff\xff\xff\xff\xff\xff\xff\xff\xff\xff\xff\xff\xff\xff\xff\xff\xff\xff\xff\xff\xff\xff\xff\xff\xff\xff\xff\xff\xff\xff\xff\xff\xff\xff\xff\xff\xff\xff\xff\xff\xff\xff\xff\xff\xff\xff\xff\xff\xff\xff\xff\xff\xff\xff\xff\xff\xff\xff\xff\xff\xff\xff\xff\xff\xff\xff\xff\xff\xff\xff\xff\xff\xff\xff\xff\xff\xff\xff\xff\xff\xff\xff\xff\xff\xff\xff\xff\xff\xff\xff\xff\xff\xff\xff\xff\xff\xff\xff\xff\xff\xff\xff\xff\xff\xff\xff\xff\xff\xff\xff\xff\xff\xff\xff\xff\xff\xff\xff\xff\xff\xff\xff\xff\xff\xff\xff\xff\xff\xff\xff\xff\xff\xff\xff\xff\xff\xff\xff\xff\xff\xff\xff\xff\xff\xff\xff\xff\xff\xff\xff\xff\xff\xff\xff\xff\xff\xff\xff\xff\xff\xff\xff\xff\xff\xff\xff\xff\xff\xff\xff\xff\xff\xff\xff\xff\xff\xff\xff\xff\xff\xff\xff\xff\xff\xff\xff\xff\xff\xff\xff\xff\xff\xff\xff\xff\xff\xff\xff\xff\xff\xff\xff\xff\xff\xff\xff\xff\xff\xff\xff\xff\xff\xff\xff\xff\xff\xff\xff\xff\xff\xff\xff\xff\xff\xff\xff\xff\xff\xff\xff\xff\xff\xff\xff\xff\xff\xff\xff\xff\xff\xff\xff\xff\xff\xff\xff\xff\xff\xff\xff\xff\xff\xff\xff\xff\xff\xff\xff\xff\xff\xff\xff\xff\xff\xff\xff\xff\xff\xff\xff\xff\xff\xff\xff\xff\xff\xff\xff\xff\xff\xff\xff\xff\xff\xff\xff\xff\xff\xff\xff\xff\xff\xff\xff\xff\xff\xff\xff\xff\xff\xff\xff\xff\xff\xff\xff\xff\xff\xff\xff\xff\xff\xff\xff\xff\xff\xff\xff\xff\xff\xff\xff\xff\xff\xff\xff\xff\xff\xff\xff\xff\xff\xff\xff\xff\xff\xff\xff\xff\xff\xff\xff\xff\xff\xff\xff\xff\xff\xff\xff\xff\xff\xff\xff\xff\xff\xff\xff\xff\xff\xff\xff\xff\xff\xff\xff\xff\xff\xff\xff\xff\xff\xff\xff\xff\xff\xff\xff\xff\xff\xff\xff\xff\xff\xff\xff\xff\xff\xff\xff\xff\xff\xff\xff\xff\xff\xff\xff\xff\xff\xff\xff\xff\xff\xff\xff\xff\xff\xff\xff\xff\xff\xff\xff\xff\xff\xff\xff\xff\xff\xff\xff\xff\xff\xff\xff\xff\xff\xff\xff\xff\xff\xff\xff\xff\xff\xff\xff\xff\xff\xff\xff\xff\xff\xff\xff\xff\xff\xff\xff\xff\xff\xff\xff\xff\xff\xff\xff\xff\xff\xff\xff\xff\xff\xff\xff\xff\xff\xff\xff\xff\xff\xff\xff\xff\xff\xff\xff\xff\xff\xff\xff\xff\xff\xff\xff\xff\xff\xff\xff\xff\xff\xff\xff\xff\xff\xff\xff\xff\xff\xff\xff\xff\xff\xff\xff\xff\xff\xff\xff\xff\xff\xff\xff\xff\xff\xff\xff\xff\xff\xff\xff\xff\xff\xff\xff\xff\xff\xff\xff\xff\xff\xff\xff\xff\xff\xff\xff\xff\xff\xff\xff\xff\xff\xff\xff\xff\xff\xff\xff\xff\xff\xff\xff\xff\xff\xff\xff\xff\xff\xff\xff\xff\xff\xff\xff\xff\xff\xff\xff\xff\xff\xff\xff\xff\xff\xff\xff\xff\xff\xff\xff\xff\xff\xff\xff\xff\xff\xff\xff\xff\xff\xff\xff\xff\xff\xff\xff\xff\xff\xff\xff\xff\xff\xff\xff\xff\xff\xff\xff\xff\xff\xff\xff\xff\xff\xff\xff\xff\xff\xff\xff\xff\xff\xff\xff\xff\xff\xff\xff\xff\xff\xff\xff\xff\xff\xff\xff\xff\xff\xff\xff\xff\xff\xff\xff\xff\xff\xff\xff\xff\xff\xff\xff\xff\xff\xff\xff\xff\xff\xff\xff\xff\xff\xff\xff\xff\xff\xff\xff\xff\xff\xff\xff\xff\xff\xff\xff\xff\xff\xff\xff\xff\xff\xff\xff\xff\xff\xff\xff\xff\xff\xff\xff\xff\xff\xff\xff\xff\xff\xff\xff\xff\xff\xff\xff\xff\xff\xff\xff\xff\xff\xff\xff\xff\xff\xff\xff\xff\xff\xff\xff\xff\xff\xff\xff\xff\xff\xff\xff\xff\xff\xff\xff\xff\xff\xff\xff\xff\xff\xff\xff\xff\xff\xff\xff\xff\xff\xff\xff\xff\xff\xff\xff\xff\xff\xff\xff\xff\xff\xff\xff\xff\xff\xff\xff\xff\xff\xff\xff\xff\xff\xff\xff\xff\xff\xff\xff\xff\xff\xff\xff\xff\xff\xff\xff\xff\xff\xff\xff\xff\xff\xff\xff\xff\xff\xff\xff\xff\xff\xff\xff\xff\xff\xff\xff\xff\xff\xff\xff\xff\xff\xff\xff\xff\xff\xff\xff\xff\xff\xff\xff\xff\xff\xff\xff\xff\xff\xff\xff\xff\xff\xff\xff\xff\xff\xff\xff\xff\xff\xff\xff\xff\xff\xff\xff\xff\xff\xff\xff\xff\xff\xff\xff\xff\xff\xff\xff\xff\xff\xff\xff\xff\xff\xff\xff\xff\xff\xff\xff\xff\xff\xff\xff\xff\xff\xff\xff\xff\xff\xff\xff\xff\xff\xff\xff\xff\xff\xff\xff\xff\xff\xff\xff\xff\xff\xff\xff\xff\xff\xff\xff\xff\xff\xff\xff\xff\xff\xff\xff\xff\xff\xff\xff\xff\xff\xff\xff\xff\xff\xff\xff\xff\xff\xff\xff\xff\xff\xff\xff\xff\xff\xff\xff\xff\xff\xff\xff\xff\xff\xff\xff\xff\xff\xff\xff\xff\xff\xff\xff\xff\xff\xff\xff\xff\xff\xff\xff\xff\xff\xff\xff\xff\xff\xff\xff\xff\xff\xff\xff\xff\xff\xff\xff\xff\xff\xff\xff\xff\xff\xff\xff\xff\xff\xff\xff\xff\xff\xff\xff\xff\xff\xff\xff\xff\xff\xff\xff\xff\xff\xff\xff\xff\xff\xff\xff\xff\xff\xff\xff\xff\xff\xff\xff\xff\xff\xff\xff\xff\xff\xff\xff\xff\xff\xff\xff\xff\xff\xff\xff\xff\xff\xff\xff\xff\xff\xff\xff\xff\xff\xff\xff\xff\xff\xff\xff\xff\xff\xff\xff\xff\nendstream\nendobj\n5 0 obj\n<< /Type /Page /Parent 2 0 R /MediaBox [0 0 612 792] /Resources << /Font << /F1 3 0 R >> /XObject << /Im1 4 0 R >> >> /Contents 6 0 R >>\nendobj\n6 0 obj\n<< /Length 228 >>\nstream\nBT /F1 12 Tf 50 740 Td (PDF page one alpha.) Tj ET\nBT /F1 12 Tf 50 650 Td (Left column line one) Tj 0 -20 Td (Left column line two) Tj ET\nBT /F1 12 Tf 330 650 Td (Right column line one) Tj 0 -20 Td (Right column line two) Tj ET\n\nendstream\nendobj\n7 0 obj\n<< /Type /Page /Parent 2 0 R /MediaBox [0 0 612 792] /Resources << /Font << /F1 3 0 R >> /XObject << /Im1 4 0 R >> >> /Contents 8 0 R >>\nendobj\n8 0 obj\n<< /Length 183 >>\nstream\nBT /F1 12 Tf 50 740 Td (PDF page two beta.) Tj ET\n50 580 300 60 re S\n200 580 m 200 640 l S\nBT /F1 12 Tf 70 610 Td (Cell A) Tj 170 0 Td (Cell B) Tj ET\nq 144 0 0 96 50 450 cm /Im1 Do Q\n\nendstream\nendobj\nxref\n0 9\n0000000000 65535 f \n0000000015 00000 n \n0000000064 00000 n \n0000000127 00000 n \n0000000197 00000 n \n0000010713 00000 n \n0000010865 00000 n \n0000011144 00000 n \n0000011296 00000 n \ntrailer\n<< /Size 9 /Root 1 0 R >>\nstartxref\n11530\n%%EOF\n-pdf] _
2026-09-14T12:21:15.5065517Z 
2026-09-14T12:21:15.5066283Z data = b'%PDF-1.4\n%\xe2\xe3\xcf\xd3\n1 0 obj\n<< /Type /Catalog /Pages 2 0 R >>\nendobj\n2 0 obj\n<< /Type /Pages /Count 2 /...0865 00000 n \n0000011144 00000 n \n0000011296 00000 n \ntrailer\n<< /Size 9 /Root 1 0 R >>\nstartxref\n11530\n%%EOF\n'
2026-09-14T12:21:15.5067206Z kind = 'pdf'
2026-09-14T12:21:15.5067486Z 
2026-09-14T12:21:15.5067829Z     @pytest.mark.parametrize("data,kind", [(pdf_text_fixture(), "pdf"), (docx_fixture(), "docx")])
2026-09-14T12:21:15.5068604Z     def test_explicit_source_and_text_budgets_can_be_lowered_then_raised(data, kind):
2026-09-14T12:21:15.5069228Z         budget = replace(ImportBudgets(), max_source_bytes=len(data) - 1)
2026-09-14T12:21:15.5069749Z         with pytest.raises(ImportParsingError) as error:
2026-09-14T12:21:15.5070161Z             parse(data, kind, budgets=budget)
2026-09-14T12:21:15.5070765Z         assert error.value.code == "SOURCE_BUDGET_EXCEEDED"
2026-09-14T12:21:15.5071236Z         with pytest.raises(ImportParsingError) as error:
2026-09-14T12:21:15.5071868Z             parse(data, kind, budgets=replace(budget, max_source_bytes=len(data), max_block_characters=5))
2026-09-14T12:21:15.5072575Z >       assert error.value.code == "EXTRACTION_BUDGET_EXCEEDED"
2026-09-14T12:21:15.5073268Z E       AssertionError: assert 'EXTRACTION_E...T_UNAVAILABLE' == 'EXTRACTION_BUDGET_EXCEEDED'
2026-09-14T12:21:15.5073813Z E         
2026-09-14T12:21:15.5074170Z E         - EXTRACTION_BUDGET_EXCEEDED
2026-09-14T12:21:15.5074563Z E         + EXTRACTION_ENVIRONMENT_UNAVAILABLE
2026-09-14T12:21:15.5074848Z 
2026-09-14T12:21:15.5075050Z tests/unit/test_document_extraction.py:139: AssertionError
2026-09-14T12:21:15.5088186Z _ test_explicit_source_and_text_budgets_can_be_lowered_then_raised[PK\x03\x04\x14\x00\x00\x00\x00\x00\x00\x00!\x00\xa4\xa1N6\xa8\x01\x00\x00\xa8\x01\x00\x00\x13\x00\x00\x00[Content_Types].xml<Types xmlns="http://schemas.openxmlformats.org/package/2006/content-types"><Default Extension="rels" ContentType="application/vnd.openxmlformats-package.relationships+xml"/><Default Extension="xml" ContentType="application/xml"/><Default Extension="png" ContentType="image/png"/><Override PartName="/word/document.xml" ContentType="application/vnd.openxmlformats-officedocument.wordprocessingml.document.main+xml"/></Types>PK\x03\x04\x14\x00\x00\x00\x00\x00\x00\x00!\x00\xdd\xa3$\xf7\xf7\x00\x00\x00\xf7\x00\x00\x00\x0b\x00\x00\x00_rels/.rels<Relationships xmlns="http://schemas.openxmlformats.org/package/2006/relationships"><Relationship Id="rDocument" Type="http://schemas.openxmlformats.org/officeDocument/2006/relationships/officeDocument" Target="word/document.xml"/></Relationships>PK\x03\x04\x14\x00\x00\x00\x00\x00\x00\x00!\x00Wk\xf6j\xd6\x04\x00\x00\xd6\x04\x00\x00\x11\x00\x00\x00word/document.xml<?xml version="1.0" encoding="UTF-8"?>\n<w:document xmlns:w="http://schemas.openxmlformats.org/wordprocessingml/2006/main" xmlns:r="http://schemas.openxmlformats.org/officeDocument/2006/relationships" xmlns:m="http://schemas.openxmlformats.org/officeDocument/2006/math" xmlns:wp="http://schemas.openxmlformats.org/drawingml/2006/wordprocessingDrawing" xmlns:a="http://schemas.openxmlformats.org/drawingml/2006/main">\n<w:body>\n<w:p><w:pPr><w:pStyle w:val="Heading1"/></w:pPr><w:r><w:t>Synthetic DOCX</w:t></w:r></w:p>\n<w:p><w:r><w:t>DOCX paragraph alpha</w:t></w:r></w:p>\n<w:tbl><w:tr><w:tc><w:p><w:r><w:t>Cell A</w:t></w:r></w:p></w:tc><w:tc><w:p><w:r><w:t>Cell B</w:t></w:r></w:p></w:tc></w:tr></w:tbl>\n<w:p><m:oMath><m:f><m:num><m:r><m:t>x</m:t></m:r></m:num><m:den><m:r><m:t>2</m:t></m:r></m:den></m:f></m:oMath></w:p>\n<w:p><w:r><w:drawing><wp:anchor><a:graphic><a:graphicData><a:blip r:embed="rImage"/></a:graphicData></a:graphic></wp:anchor></w:drawing></w:r></w:p>\n<w:p><w:hyperlink r:id="rLink"><w:r><w:t>External reference</w:t></w:r></w:hyperlink><w:r><w:drawing><wp:inline><a:graphic><a:graphicData><a:blip r:link="rRemoteImage"/></a:graphicData></a:graphic></wp:inline></w:drawing></w:r></w:p>\n<w:sectPr/>\n</w:body></w:document>PK\x03\x04\x14\x00\x00\x00\x00\x00\x00\x00!\x00+\xd4\xf6fT\x02\x00\x00T\x02\x00\x00\x1c\x00\x00\x00word/_rels/document.xml.rels<Relationships xmlns="http://schemas.openxmlformats.org/package/2006/relationships"><Relationship Id="rImage" Type="http://schemas.openxmlformats.org/officeDocument/2006/relationships/image" Target="media/synthetic.png"/><Relationship Id="rLink" Type="http://schemas.openxmlformats.org/officeDocument/2006/relationships/hyperlink" Target="https://example.invalid/reference" TargetMode="External"/><Relationship Id="rRemoteImage" Type="http://schemas.openxmlformats.org/officeDocument/2006/relationships/image" Target="https://example.invalid/private-image" TargetMode="External"/></Relationships>PK\x03\x04\x14\x00\x00\x00\x00\x00\x00\x00!\x00N\xee\x14C\xe0\x00\x00\x00\xe0\x00\x00\x00\x18\x00\x00\x00word/media/synthetic.png\x89PNG\r\n\x1a\n\x00\x00\x00\rIHDR\x00\x00\x00H\x00\x00\x000\x08\x02\x00\x00\x00=\xfe\xab\xbc\x00\x00\x00\xa7IDATx\x9c\xed\x96A\x0e\x80 \x0c\x04\xfb\xffO\xeb\xcd\x84\xc4b\xd1\xaeP2s\xa5\xecv.\x8a\x1d\x9bb\xb3\x17P\x81X5\xe4b\x16@\xd2\xab\x08m\n\x10K\xeeU\x846\x05\xbb\x8a\xb9\xc5\x88\xbd\xccW\x84\x86\x8a\x11{\x99\xaf\x08m\nv\xfdx \x96\xdd\xab\x08m\nV\x13\x1b-\xf6\xe6\xd5\x02\xee>\xee\x01b\xfdy\xc4\x92\x91/m\x01\xbeJ\xdc\xf6\x86\x86\x10\xeb\xdfE,\x81\xe1P\xf5BY v]@l.%\x7f\xbe\x11\x10Cl\x11\xe4\x8f\xe0Y \xf6\x18\x84\xd8?,\xb1\x84\x02\xc4\xaa\x81X5\x10\xab\x06b\xd5@\xac\x1a\xdb\x8a\x9d:\xce\x9d]u\x8d0\xdb\x00\x00\x00\x00IEND\xaeB`\x82PK\x01\x02\x14\x03\x14\x00\x00\x00\x00\x00\x00\x00!\x00\xa4\xa1N6\xa8\x01\x00\x00\xa8\x01\x00\x00\x13\x00\x00\x00\x00\x00\x00\x00\x00\x00\x00\x00\x80\x01\x00\x00\x00\x00[Content_Types].xmlPK\x01\x02\x14\x03\x14\x00\x00\x00\x00\x00\x00\x00!\x00\xdd\xa3$\xf7\xf7\x00\x00\x00\xf7\x00\x00\x00\x0b\x00\x00\x00\x00\x00\x00\x00\x00\x00\x00\x00\x80\x01\xd9\x01\x00\x00_rels/.relsPK\x01\x02\x14\x03\x14\x00\x00\x00\x00\x00\x00\x00!\x00Wk\xf6j\xd6\x04\x00\x00\xd6\x04\x00\x00\x11\x00\x00\x00\x00\x00\x00\x00\x00\x00\x00\x00\x80\x01\xf9\x02\x00\x00word/document.xmlPK\x01\x02\x14\x03\x14\x00\x00\x00\x00\x00\x00\x00!\x00+\xd4\xf6fT\x02\x00\x00T\x02\x00\x00\x1c\x00\x00\x00\x00\x00\x00\x00\x00\x00\x00\x00\x80\x01\xfe\x07\x00\x00word/_rels/document.xml.relsPK\x01\x02\x14\x03\x14\x00\x00\x00\x00\x00\x00\x00!\x00N\xee\x14C\xe0\x00\x00\x00\xe0\x00\x00\x00\x18\x00\x00\x00\x00\x00\x00\x00\x00\x00\x00\x00\x80\x01\x8c\n\x00\x00word/media/synthetic.pngPK\x05\x06\x00\x00\x00\x00\x05\x00\x05\x00I\x01\x00\x00\xa2\x0b\x00\x00\x00\x00-docx] _
2026-09-14T12:21:15.5101333Z 
2026-09-14T12:21:15.5101985Z data = b'PK\x03\x04\x14\x00\x00\x00\x00\x00\x00\x00!\x00\xa4\xa1N6\xa8\x01\x00\x00\xa8\x01\x00\x00\x13\x00\x00\x00[Content_Ty...1\x8c\n\x00\x00word/media/synthetic.pngPK\x05\x06\x00\x00\x00\x00\x05\x00\x05\x00I\x01\x00\x00\xa2\x0b\x00\x00\x00\x00'
2026-09-14T12:21:15.5102843Z kind = 'docx'
2026-09-14T12:21:15.5103034Z 
2026-09-14T12:21:15.5103364Z     @pytest.mark.parametrize("data,kind", [(pdf_text_fixture(), "pdf"), (docx_fixture(), "docx")])
2026-09-14T12:21:15.5104064Z     def test_explicit_source_and_text_budgets_can_be_lowered_then_raised(data, kind):
2026-09-14T12:21:15.5104657Z         budget = replace(ImportBudgets(), max_source_bytes=len(data) - 1)
2026-09-14T12:21:15.5105164Z         with pytest.raises(ImportParsingError) as error:
2026-09-14T12:21:15.5105583Z             parse(data, kind, budgets=budget)
2026-09-14T12:21:15.5106007Z         assert error.value.code == "SOURCE_BUDGET_EXCEEDED"
2026-09-14T12:21:15.5106515Z         with pytest.raises(ImportParsingError) as error:
2026-09-14T12:21:15.5107065Z             parse(data, kind, budgets=replace(budget, max_source_bytes=len(data), max_block_characters=5))
2026-09-14T12:21:15.5107692Z >       assert error.value.code == "EXTRACTION_BUDGET_EXCEEDED"
2026-09-14T12:21:15.5108247Z E       AssertionError: assert 'EXTRACTION_E...T_UNAVAILABLE' == 'EXTRACTION_BUDGET_EXCEEDED'
2026-09-14T12:21:15.5108727Z E         
2026-09-14T12:21:15.5109086Z E         - EXTRACTION_BUDGET_EXCEEDED
2026-09-14T12:21:15.5109458Z E         + EXTRACTION_ENVIRONMENT_UNAVAILABLE
2026-09-14T12:21:15.5109689Z 
2026-09-14T12:21:15.5109902Z tests/unit/test_document_extraction.py:139: AssertionError
2026-09-14T12:21:15.5110535Z __ test_docx_file_expansion_and_compression_budgets_are_real_and_configurable __
2026-09-14T12:21:15.5110887Z 
2026-09-14T12:21:15.5111148Z     def test_docx_file_expansion_and_compression_budgets_are_real_and_configurable():
2026-09-14T12:21:15.5111689Z         payloads = docx_payloads()
2026-09-14T12:21:15.5112046Z         stream = BytesIO()
2026-09-14T12:21:15.5112545Z         with ZipFile(stream, "w", compression=ZIP_DEFLATED) as archive:
2026-09-14T12:21:15.5113004Z             for name, value in payloads.items():
2026-09-14T12:21:15.5113394Z                 archive.writestr(name, value)
2026-09-14T12:21:15.5113804Z         data = stream.getvalue()
2026-09-14T12:21:15.5114307Z         for change in ({"max_package_files": 2}, {"max_package_bytes": 100}, {"max_compression_ratio": 1}):
2026-09-14T12:21:15.5114911Z             with pytest.raises(ImportParsingError) as error:
2026-09-14T12:21:15.5115402Z                 parse(data, "docx", budgets=replace(ImportBudgets(), **change))
2026-09-14T12:21:15.5115924Z >           assert error.value.code == "EXTRACTION_BUDGET_EXCEEDED"
2026-09-14T12:21:15.5116503Z E           AssertionError: assert 'EXTRACTION_E...T_UNAVAILABLE' == 'EXTRACTION_BUDGET_EXCEEDED'
2026-09-14T12:21:15.5117068Z E             
2026-09-14T12:21:15.5117367Z E             - EXTRACTION_BUDGET_EXCEEDED
2026-09-14T12:21:15.5117776Z E             + EXTRACTION_ENVIRONMENT_UNAVAILABLE
2026-09-14T12:21:15.5118029Z 
2026-09-14T12:21:15.5118266Z tests/unit/test_document_extraction.py:153: AssertionError
2026-09-14T12:21:15.5118778Z __________ test_docx_unsafe_xml_in_an_omitted_part_still_fails_closed __________
2026-09-14T12:21:15.5119076Z 
2026-09-14T12:21:15.5119311Z     def test_docx_unsafe_xml_in_an_omitted_part_still_fails_closed():
2026-09-14T12:21:15.5119726Z         payloads = docx_payloads()
2026-09-14T12:21:15.5120422Z         payloads["customXml/hidden.xml"] = b'<!DOCTYPE doc [<!ENTITY e SYSTEM "file:///synthetic-private">]><doc>&e;</doc>'
2026-09-14T12:21:15.5121066Z         with pytest.raises(ImportParsingError) as error:
2026-09-14T12:21:15.5121494Z             parse(docx_from_payloads(payloads), "docx")
2026-09-14T12:21:15.5121954Z >       assert error.value.code == "DOCX_XML_UNSAFE"
2026-09-14T12:21:15.5122488Z E       AssertionError: assert 'EXTRACTION_E...T_UNAVAILABLE' == 'DOCX_XML_UNSAFE'
2026-09-14T12:21:15.5122962Z E         
2026-09-14T12:21:15.5123279Z E         - DOCX_XML_UNSAFE
2026-09-14T12:21:15.5123626Z E         + EXTRACTION_ENVIRONMENT_UNAVAILABLE
2026-09-14T12:21:15.5123886Z 
2026-09-14T12:21:15.5124060Z tests/unit/test_document_extraction.py:189: AssertionError
2026-09-14T12:21:15.5124582Z _ test_docx_hidden_deleted_and_field_instruction_text_does_not_become_public_body _
2026-09-14T12:21:15.5124947Z 
2026-09-14T12:21:15.5125207Z     def test_docx_hidden_deleted_and_field_instruction_text_does_not_become_public_body():
2026-09-14T12:21:15.5125763Z         payloads = docx_payloads()
2026-09-14T12:21:15.5126548Z         marker = '<w:p><w:r><w:rPr><w:vanish/></w:rPr><w:t>HIDDEN_SECRET</w:t></w:r><w:del><w:r><w:delText>DELETED_SECRET</w:delText></w:r></w:del><w:r><w:instrText>INCLUDETEXT SECRET_FILE</w:instrText></w:r></w:p>'
2026-09-14T12:21:15.5127517Z         payloads["word/document.xml"] = DOCX_DOCUMENT.replace("<w:sectPr/>", marker + "<w:sectPr/>").encode()
2026-09-14T12:21:15.5128107Z >       result = parse(docx_from_payloads(payloads), "docx")
2026-09-14T12:21:15.5128533Z                  ^^^^^^^^^^^^^^^^^^^^^^^^^^^^^^^^^^^^^^^^^^^
2026-09-14T12:21:15.5128804Z 
2026-09-14T12:21:15.5128953Z tests/unit/test_document_extraction.py:196: 
2026-09-14T12:21:15.5129405Z _ _ _ _ _ _ _ _ _ _ _ _ _ _ _ _ _ _ _ _ _ _ _ _ _ _ _ _ _ _ _ _ _ _ _ _ _ _ _ _ 
2026-09-14T12:21:15.5129857Z tests/unit/test_document_extraction.py:31: in parse
2026-09-14T12:21:15.5130510Z     return parse_import(data, kind=kind, filename="synthetic." + kind, source_id=SOURCE, budgets=budgets)
2026-09-14T12:21:15.5131174Z            ^^^^^^^^^^^^^^^^^^^^^^^^^^^^^^^^^^^^^^^^^^^^^^^^^^^^^^^^^^^^^^^^^^^^^^^^^^^^^^^^^^^^^^^^^^^^^^
2026-09-14T12:21:15.5131642Z _ _ _ _ _ _ _ _ _ _ _ _ _ _ _ _ _ _ _ _ _ _ _ _ _ _ _ _ _ _ _ _ _ _ _ _ _ _ _ _ 
2026-09-14T12:21:15.5131927Z 
2026-09-14T12:21:15.5132545Z data = b'PK\x03\x04\x14\x00\x00\x00\x00\x00\x00\x00!\x00\xa4\xa1N6\xa8\x01\x00\x00\xa8\x01\x00\x00\x13\x00\x00\x00[Content_Ty...0\x01P\x0b\x00\x00word/media/synthetic.pngPK\x05\x06\x00\x00\x00\x00\x05\x00\x05\x00I\x01\x00\x00f\x0c\x00\x00\x00\x00'
2026-09-14T12:21:15.5133579Z kind = 'docx', filename = 'synthetic.docx', source_id = 'source_document_test'
2026-09-14T12:21:15.5134418Z budgets = ImportBudgets(max_source_bytes=52428800, max_block_characters=400000, max_package_bytes=209715200, max_package_files=2000, max_compression_ratio=100)
2026-09-14T12:21:15.5134971Z 
2026-09-14T12:21:15.5135188Z     def parse_import(
2026-09-14T12:21:15.5135683Z         data: bytes, *, kind: str, filename: str, source_id: str, budgets: ImportBudgets = ImportBudgets()
2026-09-14T12:21:15.5136204Z     ) -> ParsedImport:
2026-09-14T12:21:15.5136638Z         if type(data) is not bytes or len(data) > budgets.max_source_bytes:
2026-09-14T12:21:15.5137108Z             raise ImportParsingError(
2026-09-14T12:21:15.5137910Z                 "SOURCE_BUDGET_EXCEEDED", f"单原件必须是字节流且不超过配置预算 {budgets.max_source_bytes} 字节。"
2026-09-14T12:21:15.5138401Z             )
2026-09-14T12:21:15.5138675Z         try:
2026-09-14T12:21:15.5139046Z             TypeAdapter(dm.Id).validate_python(source_id)
2026-09-14T12:21:15.5139448Z             if not isinstance(filename, str):
2026-09-14T12:21:15.5139868Z                 raise ValueError("Invalid filename")
2026-09-14T12:21:15.5140352Z         except (ValidationError, ValueError):
2026-09-14T12:21:15.5140920Z             raise ImportParsingError("IMPORT_INPUT_INVALID", "来源标识或文件名无效。") from None
2026-09-14T12:21:15.5141495Z         actual_kind = detected_kind(data, kind, filename)
2026-09-14T12:21:15.5141892Z         if actual_kind in {"pdf", "docx"}:
2026-09-14T12:21:15.5142427Z             from ..infrastructure.document_sandbox import DocumentSandboxError, extract_document
2026-09-14T12:21:15.5143011Z             from .import_extract_build import build_document, source_warnings
2026-09-14T12:21:15.5143429Z     
2026-09-14T12:21:15.5143784Z             try:
2026-09-14T12:21:15.5144283Z                 document = extract_document(data, kind=actual_kind, filename=filename, source_id=source_id, budgets=budgets)
2026-09-14T12:21:15.5144917Z             except DocumentSandboxError as error:
2026-09-14T12:21:15.5145500Z >               raise ImportParsingError(error.code, "文档隔离提取未完成；原件已保留，请查看定位诊断或修正提取环境。",
2026-09-14T12:21:15.5146049Z                                          warnings=source_warnings(error.warnings, source_id)) from None
2026-09-14T12:21:15.5146813Z E               services.api.app.application.import_parse_types.ImportParsingError: 文档隔离提取未完成；原件已保留，请查看定位诊断或修正提取环境。
2026-09-14T12:21:15.5147232Z 
2026-09-14T12:21:15.5147476Z services/api/app/application/import_parsing.py:78: ImportParsingError
2026-09-14T12:21:15.5148205Z _ test_hidden_style_cascade_cannot_expose_text_to_public_preview[<w:style w:type="character" w:styleId="Secret"><w:rPr><w:vanish/></w:rPr></w:style>] _
2026-09-14T12:21:15.5148765Z 
2026-09-14T12:21:15.5149068Z style = '<w:style w:type="character" w:styleId="Secret"><w:rPr><w:vanish/></w:rPr></w:style>'
2026-09-14T12:21:15.5149387Z 
2026-09-14T12:21:15.5149556Z     @pytest.mark.parametrize("style", [
2026-09-14T12:21:15.5150043Z         '<w:style w:type="character" w:styleId="Secret"><w:rPr><w:vanish/></w:rPr></w:style>',
2026-09-14T12:21:15.5150968Z         '<w:style w:type="paragraph" w:styleId="Base"><w:rPr><w:vanish/></w:rPr></w:style><w:style w:type="paragraph" w:styleId="Derived"><w:basedOn w:val="Base"/></w:style>',
2026-09-14T12:21:15.5151734Z         '<w:docDefaults><w:rPrDefault><w:rPr><w:vanish/></w:rPr></w:rPrDefault></w:docDefaults>',
2026-09-14T12:21:15.5152230Z     ])
2026-09-14T12:21:15.5152615Z     def test_hidden_style_cascade_cannot_expose_text_to_public_preview(style):
2026-09-14T12:21:15.5153116Z         payloads = docx_payloads()
2026-09-14T12:21:15.5153849Z         payloads["word/styles.xml"] = f'<w:styles xmlns:w="http://schemas.openxmlformats.org/wordprocessingml/2006/main">{style}</w:styles>'.encode()
2026-09-14T12:21:15.5154670Z         payloads["word/document.xml"] = DOCX_DOCUMENT.replace("DOCX paragraph alpha", "STYLE_HIDDEN_SECRET").encode()
2026-09-14T12:21:15.5155306Z         with pytest.raises(ImportParsingError) as error:
2026-09-14T12:21:15.5155731Z             parse(docx_from_payloads(payloads), "docx")
2026-09-14T12:21:15.5156175Z >       assert error.value.code == "DOCX_HIDDEN_STYLE_UNSUPPORTED"
2026-09-14T12:21:15.5156765Z E       AssertionError: assert 'EXTRACTION_E...T_UNAVAILABLE' == 'DOCX_HIDDEN_...E_UNSUPPORTED'
2026-09-14T12:21:15.5157275Z E         
2026-09-14T12:21:15.5157616Z E         - DOCX_HIDDEN_STYLE_UNSUPPORTED
2026-09-14T12:21:15.5157989Z E         + EXTRACTION_ENVIRONMENT_UNAVAILABLE
2026-09-14T12:21:15.5158246Z 
2026-09-14T12:21:15.5158460Z tests/unit/test_document_extraction.py:219: AssertionError
2026-09-14T12:21:15.5159392Z _ test_hidden_style_cascade_cannot_expose_text_to_public_preview[<w:style w:type="paragraph" w:styleId="Base"><w:rPr><w:vanish/></w:rPr></w:style><w:style w:type="paragraph" w:styleId="Derived"><w:basedOn w:val="Base"/></w:style>] _
2026-09-14T12:21:15.5160117Z 
2026-09-14T12:21:15.5160663Z style = '<w:style w:type="paragraph" w:styleId="Base"><w:rPr><w:vanish/></w:rPr></w:style><w:style w:type="paragraph" w:styleId="Derived"><w:basedOn w:val="Base"/></w:style>'
2026-09-14T12:21:15.5161229Z 
2026-09-14T12:21:15.5161411Z     @pytest.mark.parametrize("style", [
2026-09-14T12:21:15.5161876Z         '<w:style w:type="character" w:styleId="Secret"><w:rPr><w:vanish/></w:rPr></w:style>',
2026-09-14T12:21:15.5162631Z         '<w:style w:type="paragraph" w:styleId="Base"><w:rPr><w:vanish/></w:rPr></w:style><w:style w:type="paragraph" w:styleId="Derived"><w:basedOn w:val="Base"/></w:style>',
2026-09-14T12:21:15.5163445Z         '<w:docDefaults><w:rPrDefault><w:rPr><w:vanish/></w:rPr></w:rPrDefault></w:docDefaults>',
2026-09-14T12:21:15.5163907Z     ])
2026-09-14T12:21:15.5164293Z     def test_hidden_style_cascade_cannot_expose_text_to_public_preview(style):
2026-09-14T12:21:15.5164924Z         payloads = docx_payloads()
2026-09-14T12:21:15.5165582Z         payloads["word/styles.xml"] = f'<w:styles xmlns:w="http://schemas.openxmlformats.org/wordprocessingml/2006/main">{style}</w:styles>'.encode()
2026-09-14T12:21:15.5166427Z         payloads["word/document.xml"] = DOCX_DOCUMENT.replace("DOCX paragraph alpha", "STYLE_HIDDEN_SECRET").encode()
2026-09-14T12:21:15.5167019Z         with pytest.raises(ImportParsingError) as error:
2026-09-14T12:21:15.5167449Z             parse(docx_from_payloads(payloads), "docx")
2026-09-14T12:21:15.5167877Z >       assert error.value.code == "DOCX_HIDDEN_STYLE_UNSUPPORTED"
2026-09-14T12:21:15.5168432Z E       AssertionError: assert 'EXTRACTION_E...T_UNAVAILABLE' == 'DOCX_HIDDEN_...E_UNSUPPORTED'
2026-09-14T12:21:15.5168963Z E         
2026-09-14T12:21:15.5169259Z E         - DOCX_HIDDEN_STYLE_UNSUPPORTED
2026-09-14T12:21:15.5169768Z E         + EXTRACTION_ENVIRONMENT_UNAVAILABLE
2026-09-14T12:21:15.5169972Z 
2026-09-14T12:21:15.5170188Z tests/unit/test_document_extraction.py:219: AssertionError
2026-09-14T12:21:15.5170990Z _ test_hidden_style_cascade_cannot_expose_text_to_public_preview[<w:docDefaults><w:rPrDefault><w:rPr><w:vanish/></w:rPr></w:rPrDefault></w:docDefaults>] _
2026-09-14T12:21:15.5171531Z 
2026-09-14T12:21:15.5171784Z style = '<w:docDefaults><w:rPrDefault><w:rPr><w:vanish/></w:rPr></w:rPrDefault></w:docDefaults>'
2026-09-14T12:21:15.5172151Z 
2026-09-14T12:21:15.5172304Z     @pytest.mark.parametrize("style", [
2026-09-14T12:21:15.5172797Z         '<w:style w:type="character" w:styleId="Secret"><w:rPr><w:vanish/></w:rPr></w:style>',
2026-09-14T12:21:15.5173563Z         '<w:style w:type="paragraph" w:styleId="Base"><w:rPr><w:vanish/></w:rPr></w:style><w:style w:type="paragraph" w:styleId="Derived"><w:basedOn w:val="Base"/></w:style>',
2026-09-14T12:21:15.5174363Z         '<w:docDefaults><w:rPrDefault><w:rPr><w:vanish/></w:rPr></w:rPrDefault></w:docDefaults>',
2026-09-14T12:21:15.5174832Z     ])
2026-09-14T12:21:15.5175278Z     def test_hidden_style_cascade_cannot_expose_text_to_public_preview(style):
2026-09-14T12:21:15.5175740Z         payloads = docx_payloads()
2026-09-14T12:21:15.5176576Z         payloads["word/styles.xml"] = f'<w:styles xmlns:w="http://schemas.openxmlformats.org/wordprocessingml/2006/main">{style}</w:styles>'.encode()
2026-09-14T12:21:15.5177400Z         payloads["word/document.xml"] = DOCX_DOCUMENT.replace("DOCX paragraph alpha", "STYLE_HIDDEN_SECRET").encode()
2026-09-14T12:21:15.5177996Z         with pytest.raises(ImportParsingError) as error:
2026-09-14T12:21:15.5178406Z             parse(docx_from_payloads(payloads), "docx")
2026-09-14T12:21:15.5178852Z >       assert error.value.code == "DOCX_HIDDEN_STYLE_UNSUPPORTED"
2026-09-14T12:21:15.5179412Z E       AssertionError: assert 'EXTRACTION_E...T_UNAVAILABLE' == 'DOCX_HIDDEN_...E_UNSUPPORTED'
2026-09-14T12:21:15.5179875Z E         
2026-09-14T12:21:15.5180296Z E         - DOCX_HIDDEN_STYLE_UNSUPPORTED
2026-09-14T12:21:15.5180681Z E         + EXTRACTION_ENVIRONMENT_UNAVAILABLE
2026-09-14T12:21:15.5180876Z 
2026-09-14T12:21:15.5181116Z tests/unit/test_document_extraction.py:219: AssertionError
2026-09-14T12:21:15.5181636Z _ test_required_content_type_is_real_docx_and_never_a_macro_document[<bogus/>] _
2026-09-14T12:21:15.5181973Z 
2026-09-14T12:21:15.5182073Z content = b'<bogus/>'
2026-09-14T12:21:15.5182290Z 
2026-09-14T12:21:15.5182425Z     @pytest.mark.parametrize("content", [
2026-09-14T12:21:15.5182769Z         b'<bogus/>',
2026-09-14T12:21:15.5183249Z         b'<Types xmlns="http://schemas.openxmlformats.org/package/2006/content-types"/>',
2026-09-14T12:21:15.5184095Z         b'<Types xmlns="http://schemas.openxmlformats.org/package/2006/content-types"><Override PartName="/word/document.xml" ContentType="application/xml"/></Types>',
2026-09-14T12:21:15.5185242Z         b'<Types xmlns="http://schemas.openxmlformats.org/package/2006/content-types"><Override PartName="/word/document.xml" ContentType="application/vnd.ms-word.document.macroEnabled.main+xml"/></Types>',
2026-09-14T12:21:15.5186133Z     ])
2026-09-14T12:21:15.5186515Z     def test_required_content_type_is_real_docx_and_never_a_macro_document(content):
2026-09-14T12:21:15.5186990Z         payloads = docx_payloads()
2026-09-14T12:21:15.5187383Z         payloads["[Content_Types].xml"] = content
2026-09-14T12:21:15.5187805Z         with pytest.raises(ImportParsingError) as error:
2026-09-14T12:21:15.5188240Z             parse(docx_from_payloads(payloads), "docx")
2026-09-14T12:21:15.5188724Z >       assert error.value.code in {"DOCX_CONTENT_TYPE_INVALID", "DOCX_MACRO_UNSUPPORTED"}
2026-09-14T12:21:15.5189418Z E       AssertionError: assert 'EXTRACTION_ENVIRONMENT_UNAVAILABLE' in {'DOCX_CONTENT_TYPE_INVALID', 'DOCX_MACRO_UNSUPPORTED'}
2026-09-14T12:21:15.5190482Z E        +  where 'EXTRACTION_ENVIRONMENT_UNAVAILABLE' = ImportParsingError('文档隔离提取未完成；原件已保留，请查看定位诊断或修正提取环境。').code
2026-09-14T12:21:15.5191470Z E        +    where ImportParsingError('文档隔离提取未完成；原件已保留，请查看定位诊断或修正提取环境。') = <ExceptionInfo ImportParsingError('文档隔离提取未完成；原件已保留，请查看定位诊断或修正提取环境。') tblen=3>.value
2026-09-14T12:21:15.5191981Z 
2026-09-14T12:21:15.5192199Z tests/unit/test_document_extraction.py:234: AssertionError
2026-09-14T12:21:15.5192905Z _ test_required_content_type_is_real_docx_and_never_a_macro_document[<Types xmlns="http://schemas.openxmlformats.org/package/2006/content-types"/>] _
2026-09-14T12:21:15.5193411Z 
2026-09-14T12:21:15.5193700Z content = b'<Types xmlns="http://schemas.openxmlformats.org/package/2006/content-types"/>'
2026-09-14T12:21:15.5194100Z 
2026-09-14T12:21:15.5194237Z     @pytest.mark.parametrize("content", [
2026-09-14T12:21:15.5194578Z         b'<bogus/>',
2026-09-14T12:21:15.5195011Z         b'<Types xmlns="http://schemas.openxmlformats.org/package/2006/content-types"/>',
2026-09-14T12:21:15.5195851Z         b'<Types xmlns="http://schemas.openxmlformats.org/package/2006/content-types"><Override PartName="/word/document.xml" ContentType="application/xml"/></Types>',
2026-09-14T12:21:15.5197105Z         b'<Types xmlns="http://schemas.openxmlformats.org/package/2006/content-types"><Override PartName="/word/document.xml" ContentType="application/vnd.ms-word.document.macroEnabled.main+xml"/></Types>',
2026-09-14T12:21:15.5197926Z     ])
2026-09-14T12:21:15.5198316Z     def test_required_content_type_is_real_docx_and_never_a_macro_document(content):
2026-09-14T12:21:15.5198801Z         payloads = docx_payloads()
2026-09-14T12:21:15.5199160Z         payloads["[Content_Types].xml"] = content
2026-09-14T12:21:15.5199895Z         with pytest.raises(ImportParsingError) as error:
2026-09-14T12:21:15.5200532Z             parse(docx_from_payloads(payloads), "docx")
2026-09-14T12:21:15.5201181Z >       assert error.value.code in {"DOCX_CONTENT_TYPE_INVALID", "DOCX_MACRO_UNSUPPORTED"}
2026-09-14T12:21:15.5201910Z E       AssertionError: assert 'EXTRACTION_ENVIRONMENT_UNAVAILABLE' in {'DOCX_CONTENT_TYPE_INVALID', 'DOCX_MACRO_UNSUPPORTED'}
2026-09-14T12:21:15.5202791Z E        +  where 'EXTRACTION_ENVIRONMENT_UNAVAILABLE' = ImportParsingError('文档隔离提取未完成；原件已保留，请查看定位诊断或修正提取环境。').code
2026-09-14T12:21:15.5203741Z E        +    where ImportParsingError('文档隔离提取未完成；原件已保留，请查看定位诊断或修正提取环境。') = <ExceptionInfo ImportParsingError('文档隔离提取未完成；原件已保留，请查看定位诊断或修正提取环境。') tblen=3>.value
2026-09-14T12:21:15.5204278Z 
2026-09-14T12:21:15.5204453Z tests/unit/test_document_extraction.py:234: AssertionError
2026-09-14T12:21:15.5205413Z _ test_required_content_type_is_real_docx_and_never_a_macro_document[<Types xmlns="http://schemas.openxmlformats.org/package/2006/content-types"><Override PartName="/word/document.xml" ContentType="application/xml"/></Types>] _
2026-09-14T12:21:15.5206133Z 
2026-09-14T12:21:15.5206660Z content = b'<Types xmlns="http://schemas.openxmlformats.org/package/2006/content-types"><Override PartName="/word/document.xml" ContentType="application/xml"/></Types>'
2026-09-14T12:21:15.5207242Z 
2026-09-14T12:21:15.5207380Z     @pytest.mark.parametrize("content", [
2026-09-14T12:21:15.5207824Z         b'<bogus/>',
2026-09-14T12:21:15.5208363Z         b'<Types xmlns="http://schemas.openxmlformats.org/package/2006/content-types"/>',
2026-09-14T12:21:15.5209170Z         b'<Types xmlns="http://schemas.openxmlformats.org/package/2006/content-types"><Override PartName="/word/document.xml" ContentType="application/xml"/></Types>',
2026-09-14T12:21:15.5210471Z         b'<Types xmlns="http://schemas.openxmlformats.org/package/2006/content-types"><Override PartName="/word/document.xml" ContentType="application/vnd.ms-word.document.macroEnabled.main+xml"/></Types>',
2026-09-14T12:21:15.5211306Z     ])
2026-09-14T12:21:15.5211683Z     def test_required_content_type_is_real_docx_and_never_a_macro_document(content):
2026-09-14T12:21:15.5212182Z         payloads = docx_payloads()
2026-09-14T12:21:15.5212535Z         payloads["[Content_Types].xml"] = content
2026-09-14T12:21:15.5212940Z         with pytest.raises(ImportParsingError) as error:
2026-09-14T12:21:15.5213388Z             parse(docx_from_payloads(payloads), "docx")
2026-09-14T12:21:15.5213900Z >       assert error.value.code in {"DOCX_CONTENT_TYPE_INVALID", "DOCX_MACRO_UNSUPPORTED"}
2026-09-14T12:21:15.5214618Z E       AssertionError: assert 'EXTRACTION_ENVIRONMENT_UNAVAILABLE' in {'DOCX_CONTENT_TYPE_INVALID', 'DOCX_MACRO_UNSUPPORTED'}
2026-09-14T12:21:15.5215480Z E        +  where 'EXTRACTION_ENVIRONMENT_UNAVAILABLE' = ImportParsingError('文档隔离提取未完成；原件已保留，请查看定位诊断或修正提取环境。').code
2026-09-14T12:21:15.5216418Z E        +    where ImportParsingError('文档隔离提取未完成；原件已保留，请查看定位诊断或修正提取环境。') = <ExceptionInfo ImportParsingError('文档隔离提取未完成；原件已保留，请查看定位诊断或修正提取环境。') tblen=3>.value
2026-09-14T12:21:15.5216936Z 
2026-09-14T12:21:15.5217111Z tests/unit/test_document_extraction.py:234: AssertionError
2026-09-14T12:21:15.5218180Z _ test_required_content_type_is_real_docx_and_never_a_macro_document[<Types xmlns="http://schemas.openxmlformats.org/package/2006/content-types"><Override PartName="/word/document.xml" ContentType="application/vnd.ms-word.document.macroEnabled.main+xml"/></Types>] _
2026-09-14T12:21:15.5219065Z 
2026-09-14T12:21:15.5219766Z content = b'<Types xmlns="http://schemas.openxmlformats.org/package/2006/content-types"><Override PartName="/word/document.xml" ContentType="application/vnd.ms-word.document.macroEnabled.main+xml"/></Types>'
2026-09-14T12:21:15.5220552Z 
2026-09-14T12:21:15.5220692Z     @pytest.mark.parametrize("content", [
2026-09-14T12:21:15.5221044Z         b'<bogus/>',
2026-09-14T12:21:15.5221497Z         b'<Types xmlns="http://schemas.openxmlformats.org/package/2006/content-types"/>',
2026-09-14T12:21:15.5222303Z         b'<Types xmlns="http://schemas.openxmlformats.org/package/2006/content-types"><Override PartName="/word/document.xml" ContentType="application/xml"/></Types>',
2026-09-14T12:21:15.5223498Z         b'<Types xmlns="http://schemas.openxmlformats.org/package/2006/content-types"><Override PartName="/word/document.xml" ContentType="application/vnd.ms-word.document.macroEnabled.main+xml"/></Types>',
2026-09-14T12:21:15.5224295Z     ])
2026-09-14T12:21:15.5224704Z     def test_required_content_type_is_real_docx_and_never_a_macro_document(content):
2026-09-14T12:21:15.5225206Z         payloads = docx_payloads()
2026-09-14T12:21:15.5225573Z         payloads["[Content_Types].xml"] = content
2026-09-14T12:21:15.5225997Z         with pytest.raises(ImportParsingError) as error:
2026-09-14T12:21:15.5226404Z             parse(docx_from_payloads(payloads), "docx")
2026-09-14T12:21:15.5226942Z >       assert error.value.code in {"DOCX_CONTENT_TYPE_INVALID", "DOCX_MACRO_UNSUPPORTED"}
2026-09-14T12:21:15.5227642Z E       AssertionError: assert 'EXTRACTION_ENVIRONMENT_UNAVAILABLE' in {'DOCX_CONTENT_TYPE_INVALID', 'DOCX_MACRO_UNSUPPORTED'}
2026-09-14T12:21:15.5228507Z E        +  where 'EXTRACTION_ENVIRONMENT_UNAVAILABLE' = ImportParsingError('文档隔离提取未完成；原件已保留，请查看定位诊断或修正提取环境。').code
2026-09-14T12:21:15.5229462Z E        +    where ImportParsingError('文档隔离提取未完成；原件已保留，请查看定位诊断或修正提取环境。') = <ExceptionInfo ImportParsingError('文档隔离提取未完成；原件已保留，请查看定位诊断或修正提取环境。') tblen=3>.value
2026-09-14T12:21:15.5230014Z 
2026-09-14T12:21:15.5230257Z tests/unit/test_document_extraction.py:234: AssertionError
2026-09-14T12:21:15.5230824Z _______ test_omitted_private_member_names_are_not_public_diagnostic_text _______
2026-09-14T12:21:15.5231135Z 
2026-09-14T12:21:15.5231377Z     def test_omitted_private_member_names_are_not_public_diagnostic_text():
2026-09-14T12:21:15.5231819Z         payloads = docx_payloads()
2026-09-14T12:21:15.5232283Z         payloads["private/SECRET_ANSWER_42.xml"] = b"<private>SECRET_ANSWER_42</private>"
2026-09-14T12:21:15.5232792Z >       result = parse(docx_from_payloads(payloads), "docx")
2026-09-14T12:21:15.5233205Z                  ^^^^^^^^^^^^^^^^^^^^^^^^^^^^^^^^^^^^^^^^^^^
2026-09-14T12:21:15.5233473Z 
2026-09-14T12:21:15.5233616Z tests/unit/test_document_extraction.py:240: 
2026-09-14T12:21:15.5234060Z _ _ _ _ _ _ _ _ _ _ _ _ _ _ _ _ _ _ _ _ _ _ _ _ _ _ _ _ _ _ _ _ _ _ _ _ _ _ _ _ 
2026-09-14T12:21:15.5234505Z tests/unit/test_document_extraction.py:31: in parse
2026-09-14T12:21:15.5235046Z     return parse_import(data, kind=kind, filename="synthetic." + kind, source_id=SOURCE, budgets=budgets)
2026-09-14T12:21:15.5235627Z            ^^^^^^^^^^^^^^^^^^^^^^^^^^^^^^^^^^^^^^^^^^^^^^^^^^^^^^^^^^^^^^^^^^^^^^^^^^^^^^^^^^^^^^^^^^^^^^
2026-09-14T12:21:15.5236103Z _ _ _ _ _ _ _ _ _ _ _ _ _ _ _ _ _ _ _ _ _ _ _ _ _ _ _ _ _ _ _ _ _ _ _ _ _ _ _ _ 
2026-09-14T12:21:15.5236372Z 
2026-09-14T12:21:15.5236960Z data = b'PK\x03\x04\x14\x00\x00\x00\x00\x00\x00\x00!\x00\xa4\xa1N6\xa8\x01\x00\x00\xa8\x01\x00\x00\x13\x00\x00\x00[Content_Ty...\x00\x00private/SECRET_ANSWER_42.xmlPK\x05\x06\x00\x00\x00\x00\x06\x00\x06\x00\x93\x01\x00\x00\xff\x0b\x00\x00\x00\x00'
2026-09-14T12:21:15.5237903Z kind = 'docx', filename = 'synthetic.docx', source_id = 'source_document_test'
2026-09-14T12:21:15.5238660Z budgets = ImportBudgets(max_source_bytes=52428800, max_block_characters=400000, max_package_bytes=209715200, max_package_files=2000, max_compression_ratio=100)
2026-09-14T12:21:15.5239197Z 
2026-09-14T12:21:15.5239333Z     def parse_import(
2026-09-14T12:21:15.5239898Z         data: bytes, *, kind: str, filename: str, source_id: str, budgets: ImportBudgets = ImportBudgets()
2026-09-14T12:21:15.5240652Z     ) -> ParsedImport:
2026-09-14T12:21:15.5241061Z         if type(data) is not bytes or len(data) > budgets.max_source_bytes:
2026-09-14T12:21:15.5241532Z             raise ImportParsingError(
2026-09-14T12:21:15.5242119Z                 "SOURCE_BUDGET_EXCEEDED", f"单原件必须是字节流且不超过配置预算 {budgets.max_source_bytes} 字节。"
2026-09-14T12:21:15.5242587Z             )
2026-09-14T12:21:15.5242857Z         try:
2026-09-14T12:21:15.5243184Z             TypeAdapter(dm.Id).validate_python(source_id)
2026-09-14T12:21:15.5243605Z             if not isinstance(filename, str):
2026-09-14T12:21:15.5243981Z                 raise ValueError("Invalid filename")
2026-09-14T12:21:15.5244383Z         except (ValidationError, ValueError):
2026-09-14T12:21:15.5244920Z             raise ImportParsingError("IMPORT_INPUT_INVALID", "来源标识或文件名无效。") from None
2026-09-14T12:21:15.5245537Z         actual_kind = detected_kind(data, kind, filename)
2026-09-14T12:21:15.5245959Z         if actual_kind in {"pdf", "docx"}:
2026-09-14T12:21:15.5246448Z             from ..infrastructure.document_sandbox import DocumentSandboxError, extract_document
2026-09-14T12:21:15.5247045Z             from .import_extract_build import build_document, source_warnings
2026-09-14T12:21:15.5247453Z     
2026-09-14T12:21:15.5247702Z             try:
2026-09-14T12:21:15.5248260Z                 document = extract_document(data, kind=actual_kind, filename=filename, source_id=source_id, budgets=budgets)
2026-09-14T12:21:15.5249367Z             except DocumentSandboxError as error:
2026-09-14T12:21:15.5249966Z >               raise ImportParsingError(error.code, "文档隔离提取未完成；原件已保留，请查看定位诊断或修正提取环境。",
2026-09-14T12:21:15.5250615Z                                          warnings=source_warnings(error.warnings, source_id)) from None
2026-09-14T12:21:15.5251357Z E               services.api.app.application.import_parse_types.ImportParsingError: 文档隔离提取未完成；原件已保留，请查看定位诊断或修正提取环境。
2026-09-14T12:21:15.5251844Z 
2026-09-14T12:21:15.5252060Z services/api/app/application/import_parsing.py:78: ImportParsingError
2026-09-14T12:21:15.5252595Z _______ test_docx_deflate_member_cannot_hide_unconsumed_private_payload ________
2026-09-14T12:21:15.5252912Z 
2026-09-14T12:21:15.5253137Z     def test_docx_deflate_member_cannot_hide_unconsumed_private_payload():
2026-09-14T12:21:15.5253623Z         payloads = docx_payloads()
2026-09-14T12:21:15.5253945Z         stream = BytesIO()
2026-09-14T12:21:15.5254378Z         with ZipFile(stream, "w", compression=ZIP_DEFLATED) as archive:
2026-09-14T12:21:15.5254807Z             for name, value in payloads.items():
2026-09-14T12:21:15.5255191Z                 archive.writestr(name, value)
2026-09-14T12:21:15.5255566Z         clean = stream.getvalue()
2026-09-14T12:21:15.5255912Z         hidden = b"HIDDEN_PRIVATE_PAYLOAD"
2026-09-14T12:21:15.5256322Z         with ZipFile(BytesIO(clean)) as archive:
2026-09-14T12:21:15.5256757Z             entry = archive.infolist()[0]
2026-09-14T12:21:15.5257268Z             name_size, extra_size = struct.unpack_from("<HH", clean, entry.header_offset + 26)
2026-09-14T12:21:15.5257872Z             insertion = entry.header_offset + 30 + name_size + extra_size + entry.compress_size
2026-09-14T12:21:15.5258453Z             dirty = bytearray(clean[:insertion] + hidden + clean[insertion:])
2026-09-14T12:21:15.5259027Z             struct.pack_into("<L", dirty, entry.header_offset + 18, entry.compress_size + len(hidden))
2026-09-14T12:21:15.5259539Z             position = archive.start_dir + len(hidden)
2026-09-14T12:21:15.5259901Z             for _ in archive.infolist():
2026-09-14T12:21:15.5260477Z                 name_size, extra_size, comment_size = struct.unpack_from("<HHH", dirty, position + 28)
2026-09-14T12:21:15.5261087Z                 offset = struct.unpack_from("<L", dirty, position + 42)[0]
2026-09-14T12:21:15.5261530Z                 if offset == entry.header_offset:
2026-09-14T12:21:15.5262010Z                     struct.pack_into("<L", dirty, position + 20, entry.compress_size + len(hidden))
2026-09-14T12:21:15.5262466Z                 elif offset >= insertion:
2026-09-14T12:21:15.5262919Z                     struct.pack_into("<L", dirty, position + 42, offset + len(hidden))
2026-09-14T12:21:15.5263418Z                 position += 46 + name_size + extra_size + comment_size
2026-09-14T12:21:15.5263910Z             struct.pack_into("<L", dirty, position + 16, archive.start_dir + len(hidden))
2026-09-14T12:21:15.5264440Z         with ZipFile(BytesIO(dirty)) as standard_reader:
2026-09-14T12:21:15.5264897Z             assert standard_reader.read(entry.filename) == payloads[entry.filename]
2026-09-14T12:21:15.5265427Z         with pytest.raises(ImportParsingError) as error:
2026-09-14T12:21:15.5265830Z             parse(bytes(dirty), "docx")
2026-09-14T12:21:15.5266234Z >       assert error.value.code == "DOCX_COMPRESSED_TRAILING_DATA"
2026-09-14T12:21:15.5266797Z E       AssertionError: assert 'EXTRACTION_E...T_UNAVAILABLE' == 'DOCX_COMPRES...TRAILING_DATA'
2026-09-14T12:21:15.5267338Z E         
2026-09-14T12:21:15.5267647Z E         - DOCX_COMPRESSED_TRAILING_DATA
2026-09-14T12:21:15.5268068Z E         + EXTRACTION_ENVIRONMENT_UNAVAILABLE
2026-09-14T12:21:15.5268276Z 
2026-09-14T12:21:15.5268487Z tests/unit/test_document_extraction.py:279: AssertionError
2026-09-14T12:21:15.5269051Z _ test_internal_docx_relationship_cannot_escape_or_silently_point_to_absent_part[../../outside] _
2026-09-14T12:21:15.5269443Z 
2026-09-14T12:21:15.5269563Z target = '../../outside'
2026-09-14T12:21:15.5269762Z 
2026-09-14T12:21:15.5270072Z     @pytest.mark.parametrize("target", ["../../outside", "file:///synthetic-private", "media/missing.png"])
2026-09-14T12:21:15.5270836Z     def test_internal_docx_relationship_cannot_escape_or_silently_point_to_absent_part(target):
2026-09-14T12:21:15.5271392Z         payloads = docx_payloads()
2026-09-14T12:21:15.5272018Z         payloads["word/_rels/document.xml.rels"] = payloads["word/_rels/document.xml.rels"].replace(b"media/synthetic.png", target.encode())
2026-09-14T12:21:15.5272660Z         with pytest.raises(ImportParsingError) as error:
2026-09-14T12:21:15.5273085Z             parse(docx_from_payloads(payloads), "docx")
2026-09-14T12:21:15.5273529Z >       assert error.value.code == "DOCX_RELATIONSHIP_INVALID"
2026-09-14T12:21:15.5274034Z E       AssertionError: assert 'EXTRACTION_E...T_UNAVAILABLE' == 'DOCX_RELATIONSHIP_INVALID'
2026-09-14T12:21:15.5274537Z E         
2026-09-14T12:21:15.5274828Z E         - DOCX_RELATIONSHIP_INVALID
2026-09-14T12:21:15.5275262Z E         + EXTRACTION_ENVIRONMENT_UNAVAILABLE
2026-09-14T12:21:15.5275477Z 
2026-09-14T12:21:15.5275680Z tests/unit/test_document_extraction.py:288: AssertionError
2026-09-14T12:21:15.5276252Z _ test_internal_docx_relationship_cannot_escape_or_silently_point_to_absent_part[file:///synthetic-private] _
2026-09-14T12:21:15.5276709Z 
2026-09-14T12:21:15.5276841Z target = 'file:///synthetic-private'
2026-09-14T12:21:15.5277142Z 
2026-09-14T12:21:15.5277432Z     @pytest.mark.parametrize("target", ["../../outside", "file:///synthetic-private", "media/missing.png"])
2026-09-14T12:21:15.5278121Z     def test_internal_docx_relationship_cannot_escape_or_silently_point_to_absent_part(target):
2026-09-14T12:21:15.5278663Z         payloads = docx_payloads()
2026-09-14T12:21:15.5279240Z         payloads["word/_rels/document.xml.rels"] = payloads["word/_rels/document.xml.rels"].replace(b"media/synthetic.png", target.encode())
2026-09-14T12:21:15.5279909Z         with pytest.raises(ImportParsingError) as error:
2026-09-14T12:21:15.5280507Z             parse(docx_from_payloads(payloads), "docx")
2026-09-14T12:21:15.5281068Z >       assert error.value.code == "DOCX_RELATIONSHIP_INVALID"
2026-09-14T12:21:15.5281599Z E       AssertionError: assert 'EXTRACTION_E...T_UNAVAILABLE' == 'DOCX_RELATIONSHIP_INVALID'
2026-09-14T12:21:15.5282065Z E         
2026-09-14T12:21:15.5282441Z E         - DOCX_RELATIONSHIP_INVALID
2026-09-14T12:21:15.5282809Z E         + EXTRACTION_ENVIRONMENT_UNAVAILABLE
2026-09-14T12:21:15.5283017Z 
2026-09-14T12:21:15.5283252Z tests/unit/test_document_extraction.py:288: AssertionError
2026-09-14T12:21:15.5283820Z _ test_internal_docx_relationship_cannot_escape_or_silently_point_to_absent_part[media/missing.png] _
2026-09-14T12:21:15.5284220Z 
2026-09-14T12:21:15.5284346Z target = 'media/missing.png'
2026-09-14T12:21:15.5284557Z 
2026-09-14T12:21:15.5284856Z     @pytest.mark.parametrize("target", ["../../outside", "file:///synthetic-private", "media/missing.png"])
2026-09-14T12:21:15.5285502Z     def test_internal_docx_relationship_cannot_escape_or_silently_point_to_absent_part(target):
2026-09-14T12:21:15.5286063Z         payloads = docx_payloads()
2026-09-14T12:21:15.5286661Z         payloads["word/_rels/document.xml.rels"] = payloads["word/_rels/document.xml.rels"].replace(b"media/synthetic.png", target.encode())
2026-09-14T12:21:15.5287302Z         with pytest.raises(ImportParsingError) as error:
2026-09-14T12:21:15.5287833Z             parse(docx_from_payloads(payloads), "docx")
2026-09-14T12:21:15.5288247Z >       assert error.value.code == "DOCX_RELATIONSHIP_INVALID"
2026-09-14T12:21:15.5288771Z E       AssertionError: assert 'EXTRACTION_E...T_UNAVAILABLE' == 'DOCX_RELATIONSHIP_INVALID'
2026-09-14T12:21:15.5289261Z E         
2026-09-14T12:21:15.5289554Z E         - DOCX_RELATIONSHIP_INVALID
2026-09-14T12:21:15.5289959Z E         + EXTRACTION_ENVIRONMENT_UNAVAILABLE
2026-09-14T12:21:15.5290160Z 
2026-09-14T12:21:15.5290710Z tests/unit/test_document_extraction.py:288: AssertionError
2026-09-14T12:21:15.5291201Z _________ test_docx_explicit_false_hidden_property_keeps_visible_text __________
2026-09-14T12:21:15.5291566Z 
2026-09-14T12:21:15.5291763Z     def test_docx_explicit_false_hidden_property_keeps_visible_text():
2026-09-14T12:21:15.5292190Z         payloads = docx_payloads()
2026-09-14T12:21:15.5292867Z         payloads["word/document.xml"] = DOCX_DOCUMENT.replace('<w:r><w:t>DOCX paragraph alpha', '<w:r><w:rPr><w:vanish w:val="0"/></w:rPr><w:t>DOCX paragraph alpha').encode()
2026-09-14T12:21:15.5293655Z >       result = parse(docx_from_payloads(payloads), "docx")
2026-09-14T12:21:15.5294040Z                  ^^^^^^^^^^^^^^^^^^^^^^^^^^^^^^^^^^^^^^^^^^^
2026-09-14T12:21:15.5294264Z 
2026-09-14T12:21:15.5294457Z tests/unit/test_document_extraction.py:294: 
2026-09-14T12:21:15.5294857Z _ _ _ _ _ _ _ _ _ _ _ _ _ _ _ _ _ _ _ _ _ _ _ _ _ _ _ _ _ _ _ _ _ _ _ _ _ _ _ _ 
2026-09-14T12:21:15.5295285Z tests/unit/test_document_extraction.py:31: in parse
2026-09-14T12:21:15.5295863Z     return parse_import(data, kind=kind, filename="synthetic." + kind, source_id=SOURCE, budgets=budgets)
2026-09-14T12:21:15.5296426Z            ^^^^^^^^^^^^^^^^^^^^^^^^^^^^^^^^^^^^^^^^^^^^^^^^^^^^^^^^^^^^^^^^^^^^^^^^^^^^^^^^^^^^^^^^^^^^^^
2026-09-14T12:21:15.5296914Z _ _ _ _ _ _ _ _ _ _ _ _ _ _ _ _ _ _ _ _ _ _ _ _ _ _ _ _ _ _ _ _ _ _ _ _ _ _ _ _ 
2026-09-14T12:21:15.5297147Z 
2026-09-14T12:21:15.5297838Z data = b'PK\x03\x04\x14\x00\x00\x00\x00\x00\x00\x00!\x00\xa4\xa1N6\xa8\x01\x00\x00\xa8\x01\x00\x00\x13\x00\x00\x00[Content_Ty...1\xb0\n\x00\x00word/media/synthetic.pngPK\x05\x06\x00\x00\x00\x00\x05\x00\x05\x00I\x01\x00\x00\xc6\x0b\x00\x00\x00\x00'
2026-09-14T12:21:15.5298809Z kind = 'docx', filename = 'synthetic.docx', source_id = 'source_document_test'
2026-09-14T12:21:15.5299607Z budgets = ImportBudgets(max_source_bytes=52428800, max_block_characters=400000, max_package_bytes=209715200, max_package_files=2000, max_compression_ratio=100)
2026-09-14T12:21:15.5300188Z 
2026-09-14T12:21:15.5300381Z     def parse_import(
2026-09-14T12:21:15.5300902Z         data: bytes, *, kind: str, filename: str, source_id: str, budgets: ImportBudgets = ImportBudgets()
2026-09-14T12:21:15.5301400Z     ) -> ParsedImport:
2026-09-14T12:21:15.5301797Z         if type(data) is not bytes or len(data) > budgets.max_source_bytes:
2026-09-14T12:21:15.5302267Z             raise ImportParsingError(
2026-09-14T12:21:15.5302892Z                 "SOURCE_BUDGET_EXCEEDED", f"单原件必须是字节流且不超过配置预算 {budgets.max_source_bytes} 字节。"
2026-09-14T12:21:15.5303352Z             )
2026-09-14T12:21:15.5303630Z         try:
2026-09-14T12:21:15.5303945Z             TypeAdapter(dm.Id).validate_python(source_id)
2026-09-14T12:21:15.5304433Z             if not isinstance(filename, str):
2026-09-14T12:21:15.5304817Z                 raise ValueError("Invalid filename")
2026-09-14T12:21:15.5305212Z         except (ValidationError, ValueError):
2026-09-14T12:21:15.5305753Z             raise ImportParsingError("IMPORT_INPUT_INVALID", "来源标识或文件名无效。") from None
2026-09-14T12:21:15.5306228Z         actual_kind = detected_kind(data, kind, filename)
2026-09-14T12:21:15.5306669Z         if actual_kind in {"pdf", "docx"}:
2026-09-14T12:21:15.5307164Z             from ..infrastructure.document_sandbox import DocumentSandboxError, extract_document
2026-09-14T12:21:15.5307727Z             from .import_extract_build import build_document, source_warnings
2026-09-14T12:21:15.5308180Z     
2026-09-14T12:21:15.5308525Z             try:
2026-09-14T12:21:15.5309054Z                 document = extract_document(data, kind=actual_kind, filename=filename, source_id=source_id, budgets=budgets)
2026-09-14T12:21:15.5309629Z             except DocumentSandboxError as error:
2026-09-14T12:21:15.5310251Z >               raise ImportParsingError(error.code, "文档隔离提取未完成；原件已保留，请查看定位诊断或修正提取环境。",
2026-09-14T12:21:15.5310830Z                                          warnings=source_warnings(error.warnings, source_id)) from None
2026-09-14T12:21:15.5311602Z E               services.api.app.application.import_parse_types.ImportParsingError: 文档隔离提取未完成；原件已保留，请查看定位诊断或修正提取环境。
2026-09-14T12:21:15.5312025Z 
2026-09-14T12:21:15.5312283Z services/api/app/application/import_parsing.py:78: ImportParsingError
2026-09-14T12:21:15.5312842Z _ test_hidden_styles_at_relationship_selected_nonstandard_part_are_still_rejected _
2026-09-14T12:21:15.5313159Z 
2026-09-14T12:21:15.5313441Z     def test_hidden_styles_at_relationship_selected_nonstandard_part_are_still_rejected():
2026-09-14T12:21:15.5313955Z         payloads = docx_payloads()
2026-09-14T12:21:15.5314813Z         payloads["word/styles2.xml"] = b'<w:styles xmlns:w="http://schemas.openxmlformats.org/wordprocessingml/2006/main"><w:style w:type="character" w:styleId="Secret"><w:rPr><w:vanish/></w:rPr></w:style></w:styles>'
2026-09-14T12:21:15.5315960Z         relation = '<Relationship Id="rStyles" Type="http://schemas.openxmlformats.org/officeDocument/2006/relationships/styles" Target="styles2.xml"/>'
2026-09-14T12:21:15.5316953Z         payloads["word/_rels/document.xml.rels"] = payloads["word/_rels/document.xml.rels"].replace(b"</Relationships>", relation.encode() + b"</Relationships>")
2026-09-14T12:21:15.5317928Z         payloads["word/document.xml"] = DOCX_DOCUMENT.replace('<w:r><w:t>DOCX paragraph alpha', '<w:r><w:rPr><w:rStyle w:val="Secret"/></w:rPr><w:t>STYLE_SECRET').encode()
2026-09-14T12:21:15.5318637Z         with pytest.raises(ImportParsingError) as error:
2026-09-14T12:21:15.5319135Z             parse(docx_from_payloads(payloads), "docx")
2026-09-14T12:21:15.5319589Z >       assert error.value.code == "DOCX_HIDDEN_STYLE_UNSUPPORTED"
2026-09-14T12:21:15.5320134Z E       AssertionError: assert 'EXTRACTION_E...T_UNAVAILABLE' == 'DOCX_HIDDEN_...E_UNSUPPORTED'
2026-09-14T12:21:15.5320879Z E         
2026-09-14T12:21:15.5321198Z E         - DOCX_HIDDEN_STYLE_UNSUPPORTED
2026-09-14T12:21:15.5321600Z E         + EXTRACTION_ENVIRONMENT_UNAVAILABLE
2026-09-14T12:21:15.5321790Z 
2026-09-14T12:21:15.5322031Z tests/unit/test_document_extraction.py:307: AssertionError
2026-09-14T12:21:15.5322566Z _ test_non_xml_extension_hidden_style_part_cannot_bypass_preview_rejection[relationship] _
2026-09-14T12:21:15.5322937Z 
2026-09-14T12:21:15.5323049Z declaration = 'relationship'
2026-09-14T12:21:15.5323298Z 
2026-09-14T12:21:15.5323555Z     @pytest.mark.parametrize("declaration", ["relationship", "override", "default", "all"])
2026-09-14T12:21:15.5324244Z     def test_non_xml_extension_hidden_style_part_cannot_bypass_preview_rejection(declaration):
2026-09-14T12:21:15.5324888Z         """Regression: before part discovery used declarations, .bin styles leaked this text."""
2026-09-14T12:21:15.5325376Z         payloads = docx_payloads()
2026-09-14T12:21:15.5326186Z         payloads["word/styles-hidden.bin"] = b'<w:styles xmlns:w="http://schemas.openxmlformats.org/wordprocessingml/2006/main"><w:style w:type="character" w:styleId="Secret"><w:rPr><w:vanish/></w:rPr></w:style></w:styles>'
2026-09-14T12:21:15.5327062Z         if declaration in {"relationship", "all"}:
2026-09-14T12:21:15.5327777Z             relation = '<Relationship Id="rStyles" Type="http://schemas.openxmlformats.org/officeDocument/2006/relationships/styles" Target="styles-hidden.bin"/>'
2026-09-14T12:21:15.5328805Z             payloads["word/_rels/document.xml.rels"] = payloads["word/_rels/document.xml.rels"].replace(b"</Relationships>", relation.encode() + b"</Relationships>")
2026-09-14T12:21:15.5329493Z         if declaration in {"override", "default", "all"}:
2026-09-14T12:21:15.5330098Z             identity = 'Extension="bin"' if declaration == "default" else 'PartName="/word/styles-hidden.bin"'
2026-09-14T12:21:15.5330831Z             element = "Default" if declaration == "default" else "Override"
2026-09-14T12:21:15.5331538Z             content_type = f'<{element} {identity} ContentType="application/vnd.openxmlformats-officedocument.wordprocessingml.styles+xml"/>'
2026-09-14T12:21:15.5332401Z             payloads["[Content_Types].xml"] = payloads["[Content_Types].xml"].replace(b"</Types>", content_type.encode() + b"</Types>")
2026-09-14T12:21:15.5333345Z         payloads["word/document.xml"] = DOCX_DOCUMENT.replace('<w:r><w:t>DOCX paragraph alpha', '<w:r><w:rPr><w:rStyle w:val="Secret"/></w:rPr><w:t>HiddenStyleSecret42').encode()
2026-09-14T12:21:15.5334063Z         with pytest.raises(ImportParsingError) as error:
2026-09-14T12:21:15.5334541Z             parse(docx_from_payloads(payloads), "docx")
2026-09-14T12:21:15.5334980Z >       assert error.value.code == "DOCX_HIDDEN_STYLE_UNSUPPORTED"
2026-09-14T12:21:15.5335539Z E       AssertionError: assert 'EXTRACTION_E...T_UNAVAILABLE' == 'DOCX_HIDDEN_...E_UNSUPPORTED'
2026-09-14T12:21:15.5336023Z E         
2026-09-14T12:21:15.5337114Z E         - DOCX_HIDDEN_STYLE_UNSUPPORTED
2026-09-14T12:21:15.5337556Z E         + EXTRACTION_ENVIRONMENT_UNAVAILABLE
2026-09-14T12:21:15.5337769Z 
2026-09-14T12:21:15.5337982Z tests/unit/test_document_extraction.py:327: AssertionError
2026-09-14T12:21:15.5338496Z _ test_non_xml_extension_hidden_style_part_cannot_bypass_preview_rejection[override] _
2026-09-14T12:21:15.5338837Z 
2026-09-14T12:21:15.5338986Z declaration = 'override'
2026-09-14T12:21:15.5339184Z 
2026-09-14T12:21:15.5339443Z     @pytest.mark.parametrize("declaration", ["relationship", "override", "default", "all"])
2026-09-14T12:21:15.5340101Z     def test_non_xml_extension_hidden_style_part_cannot_bypass_preview_rejection(declaration):
2026-09-14T12:21:15.5340877Z         """Regression: before part discovery used declarations, .bin styles leaked this text."""
2026-09-14T12:21:15.5341413Z         payloads = docx_payloads()
2026-09-14T12:21:15.5342248Z         payloads["word/styles-hidden.bin"] = b'<w:styles xmlns:w="http://schemas.openxmlformats.org/wordprocessingml/2006/main"><w:style w:type="character" w:styleId="Secret"><w:rPr><w:vanish/></w:rPr></w:style></w:styles>'
2026-09-14T12:21:15.5343120Z         if declaration in {"relationship", "all"}:
2026-09-14T12:21:15.5343827Z             relation = '<Relationship Id="rStyles" Type="http://schemas.openxmlformats.org/officeDocument/2006/relationships/styles" Target="styles-hidden.bin"/>'
2026-09-14T12:21:15.5344808Z             payloads["word/_rels/document.xml.rels"] = payloads["word/_rels/document.xml.rels"].replace(b"</Relationships>", relation.encode() + b"</Relationships>")
2026-09-14T12:21:15.5345536Z         if declaration in {"override", "default", "all"}:
2026-09-14T12:21:15.5346093Z             identity = 'Extension="bin"' if declaration == "default" else 'PartName="/word/styles-hidden.bin"'
2026-09-14T12:21:15.5346704Z             element = "Default" if declaration == "default" else "Override"
2026-09-14T12:21:15.5347417Z             content_type = f'<{element} {identity} ContentType="application/vnd.openxmlformats-officedocument.wordprocessingml.styles+xml"/>'
2026-09-14T12:21:15.5348272Z             payloads["[Content_Types].xml"] = payloads["[Content_Types].xml"].replace(b"</Types>", content_type.encode() + b"</Types>")
2026-09-14T12:21:15.5349170Z         payloads["word/document.xml"] = DOCX_DOCUMENT.replace('<w:r><w:t>DOCX paragraph alpha', '<w:r><w:rPr><w:rStyle w:val="Secret"/></w:rPr><w:t>HiddenStyleSecret42').encode()
2026-09-14T12:21:15.5349945Z         with pytest.raises(ImportParsingError) as error:
2026-09-14T12:21:15.5350448Z             parse(docx_from_payloads(payloads), "docx")
2026-09-14T12:21:15.5350915Z >       assert error.value.code == "DOCX_HIDDEN_STYLE_UNSUPPORTED"
2026-09-14T12:21:15.5351462Z E       AssertionError: assert 'EXTRACTION_E...T_UNAVAILABLE' == 'DOCX_HIDDEN_...E_UNSUPPORTED'
2026-09-14T12:21:15.5351975Z E         
2026-09-14T12:21:15.5352302Z E         - DOCX_HIDDEN_STYLE_UNSUPPORTED
2026-09-14T12:21:15.5352693Z E         + EXTRACTION_ENVIRONMENT_UNAVAILABLE
2026-09-14T12:21:15.5352918Z 
2026-09-14T12:21:15.5353106Z tests/unit/test_document_extraction.py:327: AssertionError
2026-09-14T12:21:15.5353659Z _ test_non_xml_extension_hidden_style_part_cannot_bypass_preview_rejection[default] _
2026-09-14T12:21:15.5353974Z 
2026-09-14T12:21:15.5354111Z declaration = 'default'
2026-09-14T12:21:15.5354297Z 
2026-09-14T12:21:15.5354602Z     @pytest.mark.parametrize("declaration", ["relationship", "override", "default", "all"])
2026-09-14T12:21:15.5355243Z     def test_non_xml_extension_hidden_style_part_cannot_bypass_preview_rejection(declaration):
2026-09-14T12:21:15.5355866Z         """Regression: before part discovery used declarations, .bin styles leaked this text."""
2026-09-14T12:21:15.5356361Z         payloads = docx_payloads()
2026-09-14T12:21:15.5357215Z         payloads["word/styles-hidden.bin"] = b'<w:styles xmlns:w="http://schemas.openxmlformats.org/wordprocessingml/2006/main"><w:style w:type="character" w:styleId="Secret"><w:rPr><w:vanish/></w:rPr></w:style></w:styles>'
2026-09-14T12:21:15.5358112Z         if declaration in {"relationship", "all"}:
2026-09-14T12:21:15.5358832Z             relation = '<Relationship Id="rStyles" Type="http://schemas.openxmlformats.org/officeDocument/2006/relationships/styles" Target="styles-hidden.bin"/>'
2026-09-14T12:21:15.5359807Z             payloads["word/_rels/document.xml.rels"] = payloads["word/_rels/document.xml.rels"].replace(b"</Relationships>", relation.encode() + b"</Relationships>")
2026-09-14T12:21:15.5360708Z         if declaration in {"override", "default", "all"}:
2026-09-14T12:21:15.5361257Z             identity = 'Extension="bin"' if declaration == "default" else 'PartName="/word/styles-hidden.bin"'
2026-09-14T12:21:15.5361989Z             element = "Default" if declaration == "default" else "Override"
2026-09-14T12:21:15.5362703Z             content_type = f'<{element} {identity} ContentType="application/vnd.openxmlformats-officedocument.wordprocessingml.styles+xml"/>'
2026-09-14T12:21:15.5363559Z             payloads["[Content_Types].xml"] = payloads["[Content_Types].xml"].replace(b"</Types>", content_type.encode() + b"</Types>")
2026-09-14T12:21:15.5364469Z         payloads["word/document.xml"] = DOCX_DOCUMENT.replace('<w:r><w:t>DOCX paragraph alpha', '<w:r><w:rPr><w:rStyle w:val="Secret"/></w:rPr><w:t>HiddenStyleSecret42').encode()
2026-09-14T12:21:15.5365191Z         with pytest.raises(ImportParsingError) as error:
2026-09-14T12:21:15.5365650Z             parse(docx_from_payloads(payloads), "docx")
2026-09-14T12:21:15.5366114Z >       assert error.value.code == "DOCX_HIDDEN_STYLE_UNSUPPORTED"
2026-09-14T12:21:15.5366752Z E       AssertionError: assert 'EXTRACTION_E...T_UNAVAILABLE' == 'DOCX_HIDDEN_...E_UNSUPPORTED'
2026-09-14T12:21:15.5367358Z E         
2026-09-14T12:21:15.5367664Z E         - DOCX_HIDDEN_STYLE_UNSUPPORTED
2026-09-14T12:21:15.5368060Z E         + EXTRACTION_ENVIRONMENT_UNAVAILABLE
2026-09-14T12:21:15.5368297Z 
2026-09-14T12:21:15.5368477Z tests/unit/test_document_extraction.py:327: AssertionError
2026-09-14T12:21:15.5368968Z _ test_non_xml_extension_hidden_style_part_cannot_bypass_preview_rejection[all] _
2026-09-14T12:21:15.5369355Z 
2026-09-14T12:21:15.5369506Z declaration = 'all'
2026-09-14T12:21:15.5369659Z 
2026-09-14T12:21:15.5369948Z     @pytest.mark.parametrize("declaration", ["relationship", "override", "default", "all"])
2026-09-14T12:21:15.5370860Z     def test_non_xml_extension_hidden_style_part_cannot_bypass_preview_rejection(declaration):
2026-09-14T12:21:15.5371487Z         """Regression: before part discovery used declarations, .bin styles leaked this text."""
2026-09-14T12:21:15.5371959Z         payloads = docx_payloads()
2026-09-14T12:21:15.5372811Z         payloads["word/styles-hidden.bin"] = b'<w:styles xmlns:w="http://schemas.openxmlformats.org/wordprocessingml/2006/main"><w:style w:type="character" w:styleId="Secret"><w:rPr><w:vanish/></w:rPr></w:style></w:styles>'
2026-09-14T12:21:15.5373791Z         if declaration in {"relationship", "all"}:
2026-09-14T12:21:15.5374506Z             relation = '<Relationship Id="rStyles" Type="http://schemas.openxmlformats.org/officeDocument/2006/relationships/styles" Target="styles-hidden.bin"/>'
2026-09-14T12:21:15.5375494Z             payloads["word/_rels/document.xml.rels"] = payloads["word/_rels/document.xml.rels"].replace(b"</Relationships>", relation.encode() + b"</Relationships>")
2026-09-14T12:21:15.5376167Z         if declaration in {"override", "default", "all"}:
2026-09-14T12:21:15.5376737Z             identity = 'Extension="bin"' if declaration == "default" else 'PartName="/word/styles-hidden.bin"'
2026-09-14T12:21:15.5377314Z             element = "Default" if declaration == "default" else "Override"
2026-09-14T12:21:15.5378100Z             content_type = f'<{element} {identity} ContentType="application/vnd.openxmlformats-officedocument.wordprocessingml.styles+xml"/>'
2026-09-14T12:21:15.5378962Z             payloads["[Content_Types].xml"] = payloads["[Content_Types].xml"].replace(b"</Types>", content_type.encode() + b"</Types>")
2026-09-14T12:21:15.5379847Z         payloads["word/document.xml"] = DOCX_DOCUMENT.replace('<w:r><w:t>DOCX paragraph alpha', '<w:r><w:rPr><w:rStyle w:val="Secret"/></w:rPr><w:t>HiddenStyleSecret42').encode()
2026-09-14T12:21:15.5380676Z         with pytest.raises(ImportParsingError) as error:
2026-09-14T12:21:15.5381115Z             parse(docx_from_payloads(payloads), "docx")
2026-09-14T12:21:15.5381543Z >       assert error.value.code == "DOCX_HIDDEN_STYLE_UNSUPPORTED"
2026-09-14T12:21:15.5382095Z E       AssertionError: assert 'EXTRACTION_E...T_UNAVAILABLE' == 'DOCX_HIDDEN_...E_UNSUPPORTED'
2026-09-14T12:21:15.5382584Z E         
2026-09-14T12:21:15.5382904Z E         - DOCX_HIDDEN_STYLE_UNSUPPORTED
2026-09-14T12:21:15.5383301Z E         + EXTRACTION_ENVIRONMENT_UNAVAILABLE
2026-09-14T12:21:15.5383578Z 
2026-09-14T12:21:15.5383790Z tests/unit/test_document_extraction.py:327: AssertionError
2026-09-14T12:21:15.5384298Z _ test_non_xml_extension_key_relationship_target_is_still_parsed_safely[styles] _
2026-09-14T12:21:15.5384640Z 
2026-09-14T12:21:15.5384751Z role = 'styles'
2026-09-14T12:21:15.5384929Z 
2026-09-14T12:21:15.5385167Z     @pytest.mark.parametrize("role", ["styles", "settings", "numbering", "theme"])
2026-09-14T12:21:15.5385786Z     def test_non_xml_extension_key_relationship_target_is_still_parsed_safely(role):
2026-09-14T12:21:15.5386245Z         payloads = docx_payloads()
2026-09-14T12:21:15.5386791Z         payloads["word/synthetic.bin"] = b'<!DOCTYPE doc [<!ENTITY e SYSTEM "file:///synthetic-private">]><doc>&e;</doc>'
2026-09-14T12:21:15.5387671Z         relation = f'<Relationship Id="rSynthetic" Type="http://schemas.openxmlformats.org/officeDocument/2006/relationships/{role}" Target="synthetic.bin"/>'
2026-09-14T12:21:15.5388667Z         payloads["word/_rels/document.xml.rels"] = payloads["word/_rels/document.xml.rels"].replace(b"</Relationships>", relation.encode() + b"</Relationships>")
2026-09-14T12:21:15.5389380Z         with pytest.raises(ImportParsingError) as error:
2026-09-14T12:21:15.5389831Z             parse(docx_from_payloads(payloads), "docx")
2026-09-14T12:21:15.5390305Z >       assert error.value.code == "DOCX_XML_UNSAFE"
2026-09-14T12:21:15.5390792Z E       AssertionError: assert 'EXTRACTION_E...T_UNAVAILABLE' == 'DOCX_XML_UNSAFE'
2026-09-14T12:21:15.5391241Z E         
2026-09-14T12:21:15.5391550Z E         - DOCX_XML_UNSAFE
2026-09-14T12:21:15.5391871Z E         + EXTRACTION_ENVIRONMENT_UNAVAILABLE
2026-09-14T12:21:15.5392140Z 
2026-09-14T12:21:15.5392313Z tests/unit/test_document_extraction.py:339: AssertionError
2026-09-14T12:21:15.5392819Z _ test_non_xml_extension_key_relationship_target_is_still_parsed_safely[settings] _
2026-09-14T12:21:15.5393151Z 
2026-09-14T12:21:15.5393328Z role = 'settings'
2026-09-14T12:21:15.5393496Z 
2026-09-14T12:21:15.5393825Z     @pytest.mark.parametrize("role", ["styles", "settings", "numbering", "theme"])
2026-09-14T12:21:15.5394370Z     def test_non_xml_extension_key_relationship_target_is_still_parsed_safely(role):
2026-09-14T12:21:15.5394860Z         payloads = docx_payloads()
2026-09-14T12:21:15.5395388Z         payloads["word/synthetic.bin"] = b'<!DOCTYPE doc [<!ENTITY e SYSTEM "file:///synthetic-private">]><doc>&e;</doc>'
2026-09-14T12:21:15.5396247Z         relation = f'<Relationship Id="rSynthetic" Type="http://schemas.openxmlformats.org/officeDocument/2006/relationships/{role}" Target="synthetic.bin"/>'
2026-09-14T12:21:15.5397282Z         payloads["word/_rels/document.xml.rels"] = payloads["word/_rels/document.xml.rels"].replace(b"</Relationships>", relation.encode() + b"</Relationships>")
2026-09-14T12:21:15.5397941Z         with pytest.raises(ImportParsingError) as error:
2026-09-14T12:21:15.5398474Z             parse(docx_from_payloads(payloads), "docx")
2026-09-14T12:21:15.5398871Z >       assert error.value.code == "DOCX_XML_UNSAFE"
2026-09-14T12:21:15.5399358Z E       AssertionError: assert 'EXTRACTION_E...T_UNAVAILABLE' == 'DOCX_XML_UNSAFE'
2026-09-14T12:21:15.5399843Z E         
2026-09-14T12:21:15.5400131Z E         - DOCX_XML_UNSAFE
2026-09-14T12:21:15.5400688Z E         + EXTRACTION_ENVIRONMENT_UNAVAILABLE
2026-09-14T12:21:15.5400945Z 
2026-09-14T12:21:15.5401155Z tests/unit/test_document_extraction.py:339: AssertionError
2026-09-14T12:21:15.5401696Z _ test_non_xml_extension_key_relationship_target_is_still_parsed_safely[numbering] _
2026-09-14T12:21:15.5402027Z 
2026-09-14T12:21:15.5402181Z role = 'numbering'
2026-09-14T12:21:15.5402366Z 
2026-09-14T12:21:15.5402593Z     @pytest.mark.parametrize("role", ["styles", "settings", "numbering", "theme"])
2026-09-14T12:21:15.5403159Z     def test_non_xml_extension_key_relationship_target_is_still_parsed_safely(role):
2026-09-14T12:21:15.5403616Z         payloads = docx_payloads()
2026-09-14T12:21:15.5404269Z         payloads["word/synthetic.bin"] = b'<!DOCTYPE doc [<!ENTITY e SYSTEM "file:///synthetic-private">]><doc>&e;</doc>'
2026-09-14T12:21:15.5405151Z         relation = f'<Relationship Id="rSynthetic" Type="http://schemas.openxmlformats.org/officeDocument/2006/relationships/{role}" Target="synthetic.bin"/>'
2026-09-14T12:21:15.5406115Z         payloads["word/_rels/document.xml.rels"] = payloads["word/_rels/document.xml.rels"].replace(b"</Relationships>", relation.encode() + b"</Relationships>")
2026-09-14T12:21:15.5406825Z         with pytest.raises(ImportParsingError) as error:
2026-09-14T12:21:15.5407229Z             parse(docx_from_payloads(payloads), "docx")
2026-09-14T12:21:15.5407633Z >       assert error.value.code == "DOCX_XML_UNSAFE"
2026-09-14T12:21:15.5408121Z E       AssertionError: assert 'EXTRACTION_E...T_UNAVAILABLE' == 'DOCX_XML_UNSAFE'
2026-09-14T12:21:15.5408586Z E         
2026-09-14T12:21:15.5408883Z E         - DOCX_XML_UNSAFE
2026-09-14T12:21:15.5409239Z E         + EXTRACTION_ENVIRONMENT_UNAVAILABLE
2026-09-14T12:21:15.5409446Z 
2026-09-14T12:21:15.5409646Z tests/unit/test_document_extraction.py:339: AssertionError
2026-09-14T12:21:15.5410173Z _ test_non_xml_extension_key_relationship_target_is_still_parsed_safely[theme] _
2026-09-14T12:21:15.5410604Z 
2026-09-14T12:21:15.5410718Z role = 'theme'
2026-09-14T12:21:15.5410881Z 
2026-09-14T12:21:15.5411122Z     @pytest.mark.parametrize("role", ["styles", "settings", "numbering", "theme"])
2026-09-14T12:21:15.5411734Z     def test_non_xml_extension_key_relationship_target_is_still_parsed_safely(role):
2026-09-14T12:21:15.5412180Z         payloads = docx_payloads()
2026-09-14T12:21:15.5412738Z         payloads["word/synthetic.bin"] = b'<!DOCTYPE doc [<!ENTITY e SYSTEM "file:///synthetic-private">]><doc>&e;</doc>'
2026-09-14T12:21:15.5413599Z         relation = f'<Relationship Id="rSynthetic" Type="http://schemas.openxmlformats.org/officeDocument/2006/relationships/{role}" Target="synthetic.bin"/>'
2026-09-14T12:21:15.5414577Z         payloads["word/_rels/document.xml.rels"] = payloads["word/_rels/document.xml.rels"].replace(b"</Relationships>", relation.encode() + b"</Relationships>")
2026-09-14T12:21:15.5415357Z         with pytest.raises(ImportParsingError) as error:
2026-09-14T12:21:15.5415791Z             parse(docx_from_payloads(payloads), "docx")
2026-09-14T12:21:15.5416212Z >       assert error.value.code == "DOCX_XML_UNSAFE"
2026-09-14T12:21:15.5416681Z E       AssertionError: assert 'EXTRACTION_E...T_UNAVAILABLE' == 'DOCX_XML_UNSAFE'
2026-09-14T12:21:15.5417114Z E         
2026-09-14T12:21:15.5417427Z E         - DOCX_XML_UNSAFE
2026-09-14T12:21:15.5417766Z E         + EXTRACTION_ENVIRONMENT_UNAVAILABLE
2026-09-14T12:21:15.5418009Z 
2026-09-14T12:21:15.5418191Z tests/unit/test_document_extraction.py:339: AssertionError
2026-09-14T12:21:15.5418769Z _ test_invalid_encoding_empty_and_malformed_extraction_are_visible_failures[%PDF-1.7-pdf-PDF_MALFORMED] _
2026-09-14T12:21:15.5419176Z 
2026-09-14T12:21:15.5419380Z data = b'%PDF-1.7', kind = 'pdf', code = 'PDF_MALFORMED'
2026-09-14T12:21:15.5419651Z 
2026-09-14T12:21:15.5419815Z     @pytest.mark.parametrize(
2026-09-14T12:21:15.5420147Z         "data,kind,code",
2026-09-14T12:21:15.5420532Z         [
2026-09-14T12:21:15.5420850Z             (b"\xffbad", "text", "ENCODING_CHOICE_REQUIRED"),
2026-09-14T12:21:15.5421236Z             (b"a\x00b", "text", "TEXT_BINARY_CONTENT"),
2026-09-14T12:21:15.5421660Z             (b"", "text", "EMPTY_CONTENT"),
2026-09-14T12:21:15.5422022Z             (b"%PDF-1.7", "pdf", "PDF_MALFORMED"),
2026-09-14T12:21:15.5422461Z             (b"PK", "docx", "DOCX_CONTAINER_UNSUPPORTED"),
2026-09-14T12:21:15.5422817Z         ],
2026-09-14T12:21:15.5423070Z     )
2026-09-14T12:21:15.5423561Z     def test_invalid_encoding_empty_and_malformed_extraction_are_visible_failures(data, kind, code):
2026-09-14T12:21:15.5424117Z         with pytest.raises(ImportParsingError) as error:
2026-09-14T12:21:15.5424498Z             parse(data, kind)
2026-09-14T12:21:15.5424849Z >       assert error.value.code == code
2026-09-14T12:21:15.5425366Z E       AssertionError: assert 'EXTRACTION_E...T_UNAVAILABLE' == 'PDF_MALFORMED'
2026-09-14T12:21:15.5425871Z E         
2026-09-14T12:21:15.5426151Z E         - PDF_MALFORMED
2026-09-14T12:21:15.5426486Z E         + EXTRACTION_ENVIRONMENT_UNAVAILABLE
2026-09-14T12:21:15.5426706Z 
2026-09-14T12:21:15.5426899Z tests/unit/test_import_parsing.py:361: AssertionError
2026-09-14T12:21:15.5427503Z _ test_invalid_encoding_empty_and_malformed_extraction_are_visible_failures[PK-docx-DOCX_CONTAINER_UNSUPPORTED] _
2026-09-14T12:21:15.5427942Z 
2026-09-14T12:21:15.5428133Z data = b'PK', kind = 'docx', code = 'DOCX_CONTAINER_UNSUPPORTED'
2026-09-14T12:21:15.5428415Z 
2026-09-14T12:21:15.5428547Z     @pytest.mark.parametrize(
2026-09-14T12:21:15.5428914Z         "data,kind,code",
2026-09-14T12:21:15.5429221Z         [
2026-09-14T12:21:15.5429561Z             (b"\xffbad", "text", "ENCODING_CHOICE_REQUIRED"),
2026-09-14T12:21:15.5429978Z             (b"a\x00b", "text", "TEXT_BINARY_CONTENT"),
2026-09-14T12:21:15.5430426Z             (b"", "text", "EMPTY_CONTENT"),
2026-09-14T12:21:15.5430780Z             (b"%PDF-1.7", "pdf", "PDF_MALFORMED"),
2026-09-14T12:21:15.5431194Z             (b"PK", "docx", "DOCX_CONTAINER_UNSUPPORTED"),
2026-09-14T12:21:15.5431572Z         ],
2026-09-14T12:21:15.5431841Z     )
2026-09-14T12:21:15.5432330Z     def test_invalid_encoding_empty_and_malformed_extraction_are_visible_failures(data, kind, code):
2026-09-14T12:21:15.5432862Z         with pytest.raises(ImportParsingError) as error:
2026-09-14T12:21:15.5433272Z             parse(data, kind)
2026-09-14T12:21:15.5433626Z >       assert error.value.code == code
2026-09-14T12:21:15.5434105Z E       AssertionError: assert 'EXTRACTION_E...T_UNAVAILABLE' == 'DOCX_CONTAINER_UNSUPPORTED'
2026-09-14T12:21:15.5434584Z E         
2026-09-14T12:21:15.5434879Z E         - DOCX_CONTAINER_UNSUPPORTED
2026-09-14T12:21:15.5435257Z E         + EXTRACTION_ENVIRONMENT_UNAVAILABLE
2026-09-14T12:21:15.5435495Z 
2026-09-14T12:21:15.5435717Z tests/unit/test_import_parsing.py:361: AssertionError
2026-09-14T12:21:15.5436289Z _____ test_actual_namespace_filesystem_network_exec_and_secret_environment _____
2026-09-14T12:21:15.5436606Z 
2026-09-14T12:21:15.5436886Z tmp_path = PosixPath('/tmp/pytest-of-runner/pytest-0/test_actual_namespace_filesyst0')
2026-09-14T12:21:15.5437469Z monkeypatch = <_pytest.monkeypatch.MonkeyPatch object at 0x7fea4bea0860>
2026-09-14T12:21:15.5437799Z 
2026-09-14T12:21:15.5438091Z     def test_actual_namespace_filesystem_network_exec_and_secret_environment(tmp_path, monkeypatch):
2026-09-14T12:21:15.5438648Z         secret = "SYNTHETIC_ENVIRONMENT_CANARY_ONLY"
2026-09-14T12:21:15.5439109Z         monkeypatch.setenv("LEARNING_TEST_PRIVATE", secret)
2026-09-14T12:21:15.5439522Z         canary = tmp_path / "outside.txt"
2026-09-14T12:21:15.5439943Z         canary.write_text("SYNTHETIC OUTSIDE CANARY", encoding="utf-8")
2026-09-14T12:21:15.5440614Z         code = '''import errno,json,os,pathlib,socket
2026-09-14T12:21:15.5441195Z     result={"host_canary":pathlib.Path(CANARY).exists(),"home_visible":pathlib.Path('/home').exists(),
2026-09-14T12:21:15.5441821Z             "environment_secret":'SYNTHETIC_ENVIRONMENT_CANARY_ONLY' in str(dict(os.environ)),
2026-09-14T12:21:15.5442509Z             "reaper_secret":b'SYNTHETIC_ENVIRONMENT_CANARY_ONLY' in pathlib.Path('/proc/1/environ').read_bytes()}
2026-09-14T12:21:15.5443277Z     for name,operation in [('write_root',lambda:open('/new_file','wb')),('write_input',lambda:open('/input.bin','wb')),
2026-09-14T12:21:15.5443979Z                            ('network',lambda:socket.socket(socket.AF_INET,socket.SOCK_STREAM)),('fork',os.fork),
2026-09-14T12:21:15.5444650Z                            ('exec',lambda:os.execv('/runtime/bin/python3.12',['python','-c','raise SystemExit(99)']))]:
2026-09-14T12:21:15.5445148Z      try:operation();result[name]='ALLOWED'
2026-09-14T12:21:15.5445616Z      except OSError as error:result[name]=errno.errorcode[error.errno]
2026-09-14T12:21:15.5446038Z     print(json.dumps(result))
2026-09-14T12:21:15.5446454Z     '''.replace("CANARY", repr(str(canary)), 1)
2026-09-14T12:21:15.5446887Z >       result = json.loads(run_program(tmp_path, code))
2026-09-14T12:21:15.5447287Z                             ^^^^^^^^^^^^^^^^^^^^^^^^^^^
2026-09-14T12:21:15.5447517Z 
2026-09-14T12:21:15.5447703Z tests/security/test_document_sandbox.py:58: 
2026-09-14T12:21:15.5448110Z _ _ _ _ _ _ _ _ _ _ _ _ _ _ _ _ _ _ _ _ _ _ _ _ _ _ _ _ _ _ _ _ _ _ _ _ _ _ _ _ 
2026-09-14T12:21:15.5448591Z tests/security/test_document_sandbox.py:39: in run_program
2026-09-14T12:21:15.5449035Z     return sandbox._run(command, fds=fds, limits=limits)
2026-09-14T12:21:15.5449421Z            ^^^^^^^^^^^^^^^^^^^^^^^^^^^^^^^^^^^^^^^^^^^^^
2026-09-14T12:21:15.5449830Z _ _ _ _ _ _ _ _ _ _ _ _ _ _ _ _ _ _ _ _ _ _ _ _ _ _ _ _ _ _ _ _ _ _ _ _ _ _ _ _ 
2026-09-14T12:21:15.5450099Z 
2026-09-14T12:21:15.5450907Z command = ['/usr/bin/prlimit', '--cpu=30:31', '--as=536870912', '--fsize=67108864', '--nofile=64', '--core=0', ...]
2026-09-14T12:21:15.5451474Z fds = (14, 11, 12, 13, 15)
2026-09-14T12:21:15.5451958Z limits = SandboxLimits(wall_seconds=5, cpu_seconds=30, memory_bytes=536870912, output_bytes=67108864)
2026-09-14T12:21:15.5452342Z 
2026-09-14T12:21:15.5452576Z     def _run(command: list[str], *, fds: tuple[int, ...], limits: SandboxLimits) -> bytes:
2026-09-14T12:21:15.5453057Z         output = bytearray()
2026-09-14T12:21:15.5453584Z         with subprocess.Popen(command, stdin=subprocess.DEVNULL, stdout=subprocess.PIPE, stderr=subprocess.PIPE,
2026-09-14T12:21:15.5454253Z                               pass_fds=fds, close_fds=True, start_new_session=True,
2026-09-14T12:21:15.5454747Z                               env={"PATH": "/usr/bin:/bin", "LANG": "C.UTF-8"}) as process:
2026-09-14T12:21:15.5455248Z             assert process.stdout is not None and process.stderr is not None
2026-09-14T12:21:15.5455709Z             selector = selectors.DefaultSelector()
2026-09-14T12:21:15.5456136Z             selector.register(process.stdout, selectors.EVENT_READ)
2026-09-14T12:21:15.5456664Z             selector.register(process.stderr, selectors.EVENT_READ)
2026-09-14T12:21:15.5457138Z             deadline = time.monotonic() + limits.wall_seconds
2026-09-14T12:21:15.5457517Z             stderr_size = 0
2026-09-14T12:21:15.5457865Z             try:
2026-09-14T12:21:15.5458169Z                 while selector.get_map():
2026-09-14T12:21:15.5458544Z                     if time.monotonic() >= deadline:
2026-09-14T12:21:15.5458980Z                         raise DocumentSandboxError("EXTRACTION_TIMEOUT")
2026-09-14T12:21:15.5459596Z                     for key, _ in selector.select(0.05):
2026-09-14T12:21:15.5460004Z                         chunk = os.read(key.fd, 8192)
2026-09-14T12:21:15.5460457Z                         if not chunk:
2026-09-14T12:21:15.5460827Z                             selector.unregister(key.fileobj)
2026-09-14T12:21:15.5461235Z                             continue
2026-09-14T12:21:15.5461580Z                         if key.fileobj is process.stderr:
2026-09-14T12:21:15.5461996Z                             stderr_size += len(chunk)
2026-09-14T12:21:15.5462389Z                             if stderr_size > 65536:
2026-09-14T12:21:15.5462816Z                                 raise DocumentSandboxError("EXTRACTION_OUTPUT_LIMIT")
2026-09-14T12:21:15.5463243Z                         else:
2026-09-14T12:21:15.5463614Z                             if len(output) + len(chunk) > limits.output_bytes:
2026-09-14T12:21:15.5464089Z                                 raise DocumentSandboxError("EXTRACTION_OUTPUT_LIMIT")
2026-09-14T12:21:15.5464571Z                             output.extend(chunk)
2026-09-14T12:21:15.5464911Z                 try:
2026-09-14T12:21:15.5465314Z                     status = process.wait(timeout=max(0.1, deadline - time.monotonic()))
2026-09-14T12:21:15.5465782Z                 except subprocess.TimeoutExpired:
2026-09-14T12:21:15.5466231Z                     raise DocumentSandboxError("EXTRACTION_TIMEOUT") from None
2026-09-14T12:21:15.5466734Z                 if status != 0:
2026-09-14T12:21:15.5467266Z                     code = "EXTRACTION_RESOURCE_LIMIT" if status in (137, 152, -9, -24) else "EXTRACTION_ENVIRONMENT_UNAVAILABLE"
2026-09-14T12:21:15.5467891Z >                   raise DocumentSandboxError(code)
2026-09-14T12:21:15.5468488Z E                   services.api.app.infrastructure.document_sandbox.DocumentSandboxError: EXTRACTION_ENVIRONMENT_UNAVAILABLE
2026-09-14T12:21:15.5468895Z 
2026-09-14T12:21:15.5469218Z services/api/app/infrastructure/document_sandbox.py:270: DocumentSandboxError
2026-09-14T12:21:15.5469818Z _ test_real_cpu_wall_and_stream_limits[while True:pass\n-limits0-EXTRACTION_RESOURCE_LIMIT] _
2026-09-14T12:21:15.5470299Z 
2026-09-14T12:21:15.5470539Z tmp_path = PosixPath('/tmp/pytest-of-runner/pytest-0/test_real_cpu_wall_and_stream_0')
2026-09-14T12:21:15.5471046Z code = 'while True:pass\n'
2026-09-14T12:21:15.5471518Z limits = SandboxLimits(wall_seconds=4, cpu_seconds=1, memory_bytes=536870912, output_bytes=67108864)
2026-09-14T12:21:15.5472104Z expected = 'EXTRACTION_RESOURCE_LIMIT'
2026-09-14T12:21:15.5472299Z 
2026-09-14T12:21:15.5472519Z     @pytest.mark.parametrize(("code", "limits", "expected"), [
2026-09-14T12:21:15.5473088Z         ("while True:pass\n", sandbox.SandboxLimits(wall_seconds=4, cpu_seconds=1), "EXTRACTION_RESOURCE_LIMIT"),
2026-09-14T12:21:15.5473801Z         ("import time\ntime.sleep(10)\n", sandbox.SandboxLimits(wall_seconds=.2), "EXTRACTION_TIMEOUT"),
2026-09-14T12:21:15.5474508Z         ("import os\nwhile True:os.write(1,b'x'*8192)\n", sandbox.SandboxLimits(output_bytes=1024), "EXTRACTION_OUTPUT_LIMIT"),
2026-09-14T12:21:15.5475247Z         ("import os\nwhile True:os.write(2,b'x'*8192)\n", sandbox.SandboxLimits(output_bytes=1024), "EXTRACTION_OUTPUT_LIMIT"),
2026-09-14T12:21:15.5475842Z     ])
2026-09-14T12:21:15.5476207Z     def test_real_cpu_wall_and_stream_limits(tmp_path, code, limits, expected):
2026-09-14T12:21:15.5476755Z         with pytest.raises(sandbox.DocumentSandboxError) as error:
2026-09-14T12:21:15.5477242Z             run_program(tmp_path, code, limits)
2026-09-14T12:21:15.5477684Z >       assert error.value.code == expected
2026-09-14T12:21:15.5478177Z E       AssertionError: assert 'EXTRACTION_E...T_UNAVAILABLE' == 'EXTRACTION_RESOURCE_LIMIT'
2026-09-14T12:21:15.5478646Z E         
2026-09-14T12:21:15.5478951Z E         - EXTRACTION_RESOURCE_LIMIT
2026-09-14T12:21:15.5479340Z E         + EXTRACTION_ENVIRONMENT_UNAVAILABLE
2026-09-14T12:21:15.5479565Z 
2026-09-14T12:21:15.5479771Z tests/security/test_document_sandbox.py:73: AssertionError
2026-09-14T12:21:15.5480514Z _ test_real_cpu_wall_and_stream_limits[import time\ntime.sleep(10)\n-limits1-EXTRACTION_TIMEOUT] _
2026-09-14T12:21:15.5480933Z 
2026-09-14T12:21:15.5481182Z tmp_path = PosixPath('/tmp/pytest-of-runner/pytest-0/test_real_cpu_wall_and_stream_1')
2026-09-14T12:21:15.5481689Z code = 'import time\ntime.sleep(10)\n'
2026-09-14T12:21:15.5482210Z limits = SandboxLimits(wall_seconds=0.2, cpu_seconds=30, memory_bytes=536870912, output_bytes=67108864)
2026-09-14T12:21:15.5482783Z expected = 'EXTRACTION_TIMEOUT'
2026-09-14T12:21:15.5482982Z 
2026-09-14T12:21:15.5483192Z     @pytest.mark.parametrize(("code", "limits", "expected"), [
2026-09-14T12:21:15.5483774Z         ("while True:pass\n", sandbox.SandboxLimits(wall_seconds=4, cpu_seconds=1), "EXTRACTION_RESOURCE_LIMIT"),
2026-09-14T12:21:15.5484458Z         ("import time\ntime.sleep(10)\n", sandbox.SandboxLimits(wall_seconds=.2), "EXTRACTION_TIMEOUT"),
2026-09-14T12:21:15.5485145Z         ("import os\nwhile True:os.write(1,b'x'*8192)\n", sandbox.SandboxLimits(output_bytes=1024), "EXTRACTION_OUTPUT_LIMIT"),
2026-09-14T12:21:15.5485904Z         ("import os\nwhile True:os.write(2,b'x'*8192)\n", sandbox.SandboxLimits(output_bytes=1024), "EXTRACTION_OUTPUT_LIMIT"),
2026-09-14T12:21:15.5486463Z     ])
2026-09-14T12:21:15.5486863Z     def test_real_cpu_wall_and_stream_limits(tmp_path, code, limits, expected):
2026-09-14T12:21:15.5487380Z         with pytest.raises(sandbox.DocumentSandboxError) as error:
2026-09-14T12:21:15.5487897Z             run_program(tmp_path, code, limits)
2026-09-14T12:21:15.5488253Z >       assert error.value.code == expected
2026-09-14T12:21:15.5488741Z E       AssertionError: assert 'EXTRACTION_E...T_UNAVAILABLE' == 'EXTRACTION_TIMEOUT'
2026-09-14T12:21:15.5489186Z E         
2026-09-14T12:21:15.5489492Z E         - EXTRACTION_TIMEOUT
2026-09-14T12:21:15.5489866Z E         + EXTRACTION_ENVIRONMENT_UNAVAILABLE
2026-09-14T12:21:15.5490103Z 
2026-09-14T12:21:15.5490399Z tests/security/test_document_sandbox.py:73: AssertionError
2026-09-14T12:21:15.5491035Z _ test_real_cpu_wall_and_stream_limits[import os\nwhile True:os.write(1,b'x'*8192)\n-limits2-EXTRACTION_OUTPUT_LIMIT] _
2026-09-14T12:21:15.5491436Z 
2026-09-14T12:21:15.5491717Z tmp_path = PosixPath('/tmp/pytest-of-runner/pytest-0/test_real_cpu_wall_and_stream_2')
2026-09-14T12:21:15.5491899Z code = "import os\nwhile True:os.write(1,b'x'*8192)\n"
2026-09-14T12:21:15.5492195Z limits = SandboxLimits(wall_seconds=45.0, cpu_seconds=30, memory_bytes=536870912, output_bytes=1024)
2026-09-14T12:21:15.5492380Z expected = 'EXTRACTION_OUTPUT_LIMIT'
2026-09-14T12:21:15.5492385Z 
2026-09-14T12:21:15.5492588Z     @pytest.mark.parametrize(("code", "limits", "expected"), [
2026-09-14T12:21:15.5492928Z         ("while True:pass\n", sandbox.SandboxLimits(wall_seconds=4, cpu_seconds=1), "EXTRACTION_RESOURCE_LIMIT"),
2026-09-14T12:21:15.5493217Z         ("import time\ntime.sleep(10)\n", sandbox.SandboxLimits(wall_seconds=.2), "EXTRACTION_TIMEOUT"),
2026-09-14T12:21:15.5493550Z         ("import os\nwhile True:os.write(1,b'x'*8192)\n", sandbox.SandboxLimits(output_bytes=1024), "EXTRACTION_OUTPUT_LIMIT"),
2026-09-14T12:21:15.5493908Z         ("import os\nwhile True:os.write(2,b'x'*8192)\n", sandbox.SandboxLimits(output_bytes=1024), "EXTRACTION_OUTPUT_LIMIT"),
2026-09-14T12:21:15.5494011Z     ])
2026-09-14T12:21:15.5494256Z     def test_real_cpu_wall_and_stream_limits(tmp_path, code, limits, expected):
2026-09-14T12:21:15.5494462Z         with pytest.raises(sandbox.DocumentSandboxError) as error:
2026-09-14T12:21:15.5494709Z             run_program(tmp_path, code, limits)
2026-09-14T12:21:15.5494907Z >       assert error.value.code == expected
2026-09-14T12:21:15.5495151Z E       AssertionError: assert 'EXTRACTION_E...T_UNAVAILABLE' == 'EXTRACTION_OUTPUT_LIMIT'
2026-09-14T12:21:15.5495294Z E         
2026-09-14T12:21:15.5495427Z E         - EXTRACTION_OUTPUT_LIMIT
2026-09-14T12:21:15.5495606Z E         + EXTRACTION_ENVIRONMENT_UNAVAILABLE
2026-09-14T12:21:15.5495611Z 
2026-09-14T12:21:15.5495827Z tests/security/test_document_sandbox.py:73: AssertionError
2026-09-14T12:21:15.5496148Z _ test_real_cpu_wall_and_stream_limits[import os\nwhile True:os.write(2,b'x'*8192)\n-limits3-EXTRACTION_OUTPUT_LIMIT] _
2026-09-14T12:21:15.5496153Z 
2026-09-14T12:21:15.5496430Z tmp_path = PosixPath('/tmp/pytest-of-runner/pytest-0/test_real_cpu_wall_and_stream_3')
2026-09-14T12:21:15.5496591Z code = "import os\nwhile True:os.write(2,b'x'*8192)\n"
2026-09-14T12:21:15.5496904Z limits = SandboxLimits(wall_seconds=45.0, cpu_seconds=30, memory_bytes=536870912, output_bytes=1024)
2026-09-14T12:21:15.5497104Z expected = 'EXTRACTION_OUTPUT_LIMIT'
2026-09-14T12:21:15.5497109Z 
2026-09-14T12:21:15.5497287Z     @pytest.mark.parametrize(("code", "limits", "expected"), [
2026-09-14T12:21:15.5497615Z         ("while True:pass\n", sandbox.SandboxLimits(wall_seconds=4, cpu_seconds=1), "EXTRACTION_RESOURCE_LIMIT"),
2026-09-14T12:21:15.5497883Z         ("import time\ntime.sleep(10)\n", sandbox.SandboxLimits(wall_seconds=.2), "EXTRACTION_TIMEOUT"),
2026-09-14T12:21:15.5498232Z         ("import os\nwhile True:os.write(1,b'x'*8192)\n", sandbox.SandboxLimits(output_bytes=1024), "EXTRACTION_OUTPUT_LIMIT"),
2026-09-14T12:21:15.5498585Z         ("import os\nwhile True:os.write(2,b'x'*8192)\n", sandbox.SandboxLimits(output_bytes=1024), "EXTRACTION_OUTPUT_LIMIT"),
2026-09-14T12:21:15.5498687Z     ])
2026-09-14T12:21:15.5498930Z     def test_real_cpu_wall_and_stream_limits(tmp_path, code, limits, expected):
2026-09-14T12:21:15.5499171Z         with pytest.raises(sandbox.DocumentSandboxError) as error:
2026-09-14T12:21:15.5499395Z             run_program(tmp_path, code, limits)
2026-09-14T12:21:15.5499574Z >       assert error.value.code == expected
2026-09-14T12:21:15.5499818Z E       AssertionError: assert 'EXTRACTION_E...T_UNAVAILABLE' == 'EXTRACTION_OUTPUT_LIMIT'
2026-09-14T12:21:15.5499958Z E         
2026-09-14T12:21:15.5500083Z E         - EXTRACTION_OUTPUT_LIMIT
2026-09-14T12:21:15.5500331Z E         + EXTRACTION_ENVIRONMENT_UNAVAILABLE
2026-09-14T12:21:15.5500340Z 
2026-09-14T12:21:15.5500561Z tests/security/test_document_sandbox.py:73: AssertionError
2026-09-14T12:21:15.5500749Z ____________________________ test_real_memory_limit ____________________________
2026-09-14T12:21:15.5500754Z 
2026-09-14T12:21:15.5501007Z tmp_path = PosixPath('/tmp/pytest-of-runner/pytest-0/test_real_memory_limit0')
2026-09-14T12:21:15.5501012Z 
2026-09-14T12:21:15.5501140Z     def test_real_memory_limit(tmp_path):
2026-09-14T12:21:15.5501547Z >       result = run_program(tmp_path, "try:\n bytearray(512*1024*1024)\n print('ALLOWED')\nexcept MemoryError:print('DENIED')\n",
2026-09-14T12:21:15.5501764Z                              sandbox.SandboxLimits(memory_bytes=128*1024*1024))
2026-09-14T12:21:15.5501769Z 
2026-09-14T12:21:15.5501909Z tests/security/test_document_sandbox.py:77: 
2026-09-14T12:21:15.5502103Z _ _ _ _ _ _ _ _ _ _ _ _ _ _ _ _ _ _ _ _ _ _ _ _ _ _ _ _ _ _ _ _ _ _ _ _ _ _ _ _ 
2026-09-14T12:21:15.5502277Z tests/security/test_document_sandbox.py:39: in run_program
2026-09-14T12:21:15.5502472Z     return sandbox._run(command, fds=fds, limits=limits)
2026-09-14T12:21:15.5502648Z            ^^^^^^^^^^^^^^^^^^^^^^^^^^^^^^^^^^^^^^^^^^^^^
2026-09-14T12:21:15.5502804Z _ _ _ _ _ _ _ _ _ _ _ _ _ _ _ _ _ _ _ _ _ _ _ _ _ _ _ _ _ _ _ _ _ _ _ _ _ _ _ _ 
2026-09-14T12:21:15.5502810Z 
2026-09-14T12:21:15.5503578Z command = ['/usr/bin/prlimit', '--cpu=30:31', '--as=134217728', '--fsize=67108864', '--nofile=64', '--core=0', ...]
2026-09-14T12:21:15.5503781Z fds = (14, 11, 12, 13, 15)
2026-09-14T12:21:15.5504102Z limits = SandboxLimits(wall_seconds=45.0, cpu_seconds=30, memory_bytes=134217728, output_bytes=67108864)
2026-09-14T12:21:15.5504108Z 
2026-09-14T12:21:15.5504384Z     def _run(command: list[str], *, fds: tuple[int, ...], limits: SandboxLimits) -> bytes:
2026-09-14T12:21:15.5504507Z         output = bytearray()
2026-09-14T12:21:15.5504858Z         with subprocess.Popen(command, stdin=subprocess.DEVNULL, stdout=subprocess.PIPE, stderr=subprocess.PIPE,
2026-09-14T12:21:15.5505041Z                               pass_fds=fds, close_fds=True, start_new_session=True,
2026-09-14T12:21:15.5505274Z                               env={"PATH": "/usr/bin:/bin", "LANG": "C.UTF-8"}) as process:
2026-09-14T12:21:15.5505523Z             assert process.stdout is not None and process.stderr is not None
2026-09-14T12:21:15.5505678Z             selector = selectors.DefaultSelector()
2026-09-14T12:21:15.5505919Z             selector.register(process.stdout, selectors.EVENT_READ)
2026-09-14T12:21:15.5506101Z             selector.register(process.stderr, selectors.EVENT_READ)
2026-09-14T12:21:15.5506304Z             deadline = time.monotonic() + limits.wall_seconds
2026-09-14T12:21:15.5506465Z             stderr_size = 0
2026-09-14T12:21:15.5506573Z             try:
2026-09-14T12:21:15.5506737Z                 while selector.get_map():
2026-09-14T12:21:15.5506875Z                     if time.monotonic() >= deadline:
2026-09-14T12:21:15.5507081Z                         raise DocumentSandboxError("EXTRACTION_TIMEOUT")
2026-09-14T12:21:15.5507234Z                     for key, _ in selector.select(0.05):
2026-09-14T12:21:15.5507401Z                         chunk = os.read(key.fd, 8192)
2026-09-14T12:21:15.5507580Z                         if not chunk:
2026-09-14T12:21:15.5507732Z                             selector.unregister(key.fileobj)
2026-09-14T12:21:15.5507884Z                             continue
2026-09-14T12:21:15.5508095Z                         if key.fileobj is process.stderr:
2026-09-14T12:21:15.5508266Z                             stderr_size += len(chunk)
2026-09-14T12:21:15.5508399Z                             if stderr_size > 65536:
2026-09-14T12:21:15.5508621Z                                 raise DocumentSandboxError("EXTRACTION_OUTPUT_LIMIT")
2026-09-14T12:21:15.5508772Z                         else:
2026-09-14T12:21:15.5508957Z                             if len(output) + len(chunk) > limits.output_bytes:
2026-09-14T12:21:15.5509194Z                                 raise DocumentSandboxError("EXTRACTION_OUTPUT_LIMIT")
2026-09-14T12:21:15.5509328Z                             output.extend(chunk)
2026-09-14T12:21:15.5509472Z                 try:
2026-09-14T12:21:15.5509729Z                     status = process.wait(timeout=max(0.1, deadline - time.monotonic()))
2026-09-14T12:21:15.5509889Z                 except subprocess.TimeoutExpired:
2026-09-14T12:21:15.5510111Z                     raise DocumentSandboxError("EXTRACTION_TIMEOUT") from None
2026-09-14T12:21:15.5510307Z                 if status != 0:
2026-09-14T12:21:15.5510662Z                     code = "EXTRACTION_RESOURCE_LIMIT" if status in (137, 152, -9, -24) else "EXTRACTION_ENVIRONMENT_UNAVAILABLE"
2026-09-14T12:21:15.5510845Z >                   raise DocumentSandboxError(code)
2026-09-14T12:21:15.5511205Z E                   services.api.app.infrastructure.document_sandbox.DocumentSandboxError: EXTRACTION_ENVIRONMENT_UNAVAILABLE
2026-09-14T12:21:15.5511211Z 
2026-09-14T12:21:15.5511498Z services/api/app/infrastructure/document_sandbox.py:270: DocumentSandboxError
2026-09-14T12:21:15.5512010Z _____________ test_abrupt_api_death_kills_daemon_reaper_and_parser _____________
2026-09-14T12:21:15.5512018Z 
2026-09-14T12:21:15.5512277Z tmp_path = PosixPath('/tmp/pytest-of-runner/pytest-0/test_abrupt_api_death_kills_da0')
2026-09-14T12:21:15.5512283Z 
2026-09-14T12:21:15.5512549Z     def test_abrupt_api_death_kills_daemon_reaper_and_parser(tmp_path):
2026-09-14T12:21:15.5512685Z         entry = tmp_path / "child.py"
2026-09-14T12:21:15.5513051Z         entry.write_text("import time\nprint('READY',flush=True)\ntime.sleep(30)\n", encoding="utf-8")
2026-09-14T12:21:15.5513211Z         context = multiprocessing.get_context("spawn")
2026-09-14T12:21:15.5513368Z         receive, send = context.Pipe(False)
2026-09-14T12:21:15.5513674Z         parent = context.Process(target=parent_of_sandbox, args=(send, str(entry)))
2026-09-14T12:21:15.5513791Z         parent.start()
2026-09-14T12:21:15.5513938Z         send.close()
2026-09-14T12:21:15.5514045Z         pids = []
2026-09-14T12:21:15.5514170Z         try:
2026-09-14T12:21:15.5514476Z             assert receive.poll(10), "The sandbox must start; missing isolation is a failing environment gate."
2026-09-14T12:21:15.5514661Z >           daemon_pid, pids = receive.recv()
2026-09-14T12:21:15.5514815Z                                ^^^^^^^^^^^^^^
2026-09-14T12:21:15.5514820Z 
2026-09-14T12:21:15.5514965Z tests/security/test_document_sandbox.py:144: 
2026-09-14T12:21:15.5515156Z _ _ _ _ _ _ _ _ _ _ _ _ _ _ _ _ _ _ _ _ _ _ _ _ _ _ _ _ _ _ _ _ _ _ _ _ _ _ _ _ 
2026-09-14T12:21:15.5515487Z /opt/hostedtoolcache/Python/3.12.13/x64/lib/python3.12/multiprocessing/connection.py:250: in recv
2026-09-14T12:21:15.5515655Z     buf = self._recv_bytes()
2026-09-14T12:21:15.5515804Z           ^^^^^^^^^^^^^^^^^^
2026-09-14T12:21:15.5516099Z /opt/hostedtoolcache/Python/3.12.13/x64/lib/python3.12/multiprocessing/connection.py:430: in _recv_bytes
2026-09-14T12:21:15.5516231Z     buf = self._recv(4)
2026-09-14T12:21:15.5516359Z           ^^^^^^^^^^^^^
2026-09-14T12:21:15.5516559Z _ _ _ _ _ _ _ _ _ _ _ _ _ _ _ _ _ _ _ _ _ _ _ _ _ _ _ _ _ _ _ _ _ _ _ _ _ _ _ _ 
2026-09-14T12:21:15.5516565Z 
2026-09-14T12:21:15.5516816Z self = <multiprocessing.connection.Connection object at 0x7fea4be95b80>
2026-09-14T12:21:15.5516949Z size = 4, read = <built-in function read>
2026-09-14T12:21:15.5516954Z 
2026-09-14T12:21:15.5517097Z     def _recv(self, size, read=_read):
2026-09-14T12:21:15.5517309Z         buf = io.BytesIO()
2026-09-14T12:21:15.5517475Z         handle = self._handle
2026-09-14T12:21:15.5517590Z         remaining = size
2026-09-14T12:21:15.5517738Z         while remaining > 0:
2026-09-14T12:21:15.5517884Z             chunk = read(handle, remaining)
2026-09-14T12:21:15.5518018Z             n = len(chunk)
2026-09-14T12:21:15.5518171Z             if n == 0:
2026-09-14T12:21:15.5518295Z                 if remaining == size:
2026-09-14T12:21:15.5518448Z >                   raise EOFError
2026-09-14T12:21:15.5518583Z E                   EOFError
2026-09-14T12:21:15.5518608Z 
2026-09-14T12:21:15.5518901Z /opt/hostedtoolcache/Python/3.12.13/x64/lib/python3.12/multiprocessing/connection.py:399: EOFError
2026-09-14T12:21:15.5519144Z ----------------------------- Captured stderr call -----------------------------
2026-09-14T12:21:15.5519268Z Process SpawnProcess-1:1:
2026-09-14T12:21:15.5519428Z Traceback (most recent call last):
2026-09-14T12:21:15.5525987Z   File "/opt/hostedtoolcache/Python/3.12.13/x64/lib/python3.12/multiprocessing/process.py", line 314, in _bootstrap
2026-09-14T12:21:15.5526228Z     self.run()
2026-09-14T12:21:15.5526638Z   File "/opt/hostedtoolcache/Python/3.12.13/x64/lib/python3.12/multiprocessing/process.py", line 108, in run
2026-09-14T12:21:15.5526853Z     self._target(*self._args, **self._kwargs)
2026-09-14T12:21:15.5527273Z   File "<USER_HOME>/work/Learning_Workbench/Learning_Workbench/tests/security/test_document_sandbox.py", line 109, in sandbox_daemon
2026-09-14T12:21:15.5527460Z     assert process.stdout.readline() == b"READY\n"
2026-09-14T12:21:15.5527617Z            ^^^^^^^^^^^^^^^^^^^^^^^^^^^^^^^^^^^^^^^
2026-09-14T12:21:15.5527778Z AssertionError
2026-09-14T12:21:15.5528041Z _________ test_real_dynamic_extension_dependencies_keep_loader_sonames _________
2026-09-14T12:21:15.5528050Z 
2026-09-14T12:21:15.5528306Z tmp_path = PosixPath('/tmp/pytest-of-runner/pytest-0/test_real_dynamic_extension_de0')
2026-09-14T12:21:15.5528550Z monkeypatch = <_pytest.monkeypatch.MonkeyPatch object at 0x7fea4c0f5ca0>
2026-09-14T12:21:15.5528707Z 
2026-09-14T12:21:15.5529041Z     def test_real_dynamic_extension_dependencies_keep_loader_sonames(tmp_path, monkeypatch):
2026-09-14T12:21:15.5529302Z         """uv's built-in modules must not conceal missing setup-python shared-library aliases."""
2026-09-14T12:21:15.5529497Z         import importlib.util
2026-09-14T12:21:15.5529614Z         import types
2026-09-14T12:21:15.5529737Z     
2026-09-14T12:21:15.5529911Z         original_find = importlib.util.find_spec
2026-09-14T12:21:15.5530087Z         spec = original_find("_bz2")
2026-09-14T12:21:15.5530641Z         assert spec is not None
2026-09-14T12:21:15.5530812Z         if spec.origin in {None, "built-in", "frozen"}:
2026-09-14T12:21:15.5531055Z             # A trusted system CPython supplies a real shared extension on uv runtimes.
2026-09-14T12:21:15.5531285Z             probe = subprocess.run(["/usr/bin/python3", "-I", "-S", "-c",
2026-09-14T12:21:15.5531617Z                                     "import importlib.util;print(importlib.util.find_spec('_bz2').origin)"],
2026-09-14T12:21:15.5531811Z                                    capture_output=True, text=True, check=True, timeout=5)
2026-09-14T12:21:15.5532040Z             extension = Path(probe.stdout.strip()).resolve(strict=True)
2026-09-14T12:21:15.5532171Z         else:
2026-09-14T12:21:15.5532359Z             extension = Path(spec.origin).resolve(strict=True)
2026-09-14T12:21:15.5532588Z         assert extension.is_file() and extension.suffix == ".so"
2026-09-14T12:21:15.5532775Z         monkeypatch.setattr(sandbox.importlib.util, "find_spec",
2026-09-14T12:21:15.5533135Z                             lambda name: types.SimpleNamespace(origin=str(extension)) if name == "_bz2" else original_find(name))
2026-09-14T12:21:15.5533293Z         real_mounts = sandbox._runtime_mounts
2026-09-14T12:21:15.5533433Z         real_mounts.cache_clear()
2026-09-14T12:21:15.5533605Z         try:
2026-09-14T12:21:15.5533898Z             # This executes the actual ldd discovery and actual loader in the sandbox;
2026-09-14T12:21:15.5534144Z             # only the extension's trusted discovery location differs on uv CPython.
2026-09-14T12:21:15.5534266Z             mounts = real_mounts()
2026-09-14T12:21:15.5534612Z             monkeypatch.setattr(sandbox, "_runtime_mounts", lambda: (*mounts, (extension, "/runtime/test-bz2.so")))
2026-09-14T12:21:15.5535161Z >           output = run_program(tmp_path, "import ctypes,os\ntry:\n ctypes.CDLL('/runtime/test-bz2.so',mode=os.RTLD_LAZY)\n print('LOADED')\nexcept OSError as error:print(str(error))\n")
2026-09-14T12:21:15.5535412Z                      ^^^^^^^^^^^^^^^^^^^^^^^^^^^^^^^^^^^^^^^^^^^^^^^^^^^^^^^^^^^^^^^^^^^^^^^^^^^^^^^^^^^^^^^^^^^^^^^^^^^^^^^^^^^^^^^^^^^^^^^^^^^^^^^^^^^^^^^^^^^^^^^^^^^^^^^^^^^^^^^^^^^^^^
2026-09-14T12:21:15.5535419Z 
2026-09-14T12:21:15.5535603Z tests/security/test_document_sandbox.py:192: 
2026-09-14T12:21:15.5535788Z _ _ _ _ _ _ _ _ _ _ _ _ _ _ _ _ _ _ _ _ _ _ _ _ _ _ _ _ _ _ _ _ _ _ _ _ _ _ _ _ 
2026-09-14T12:21:15.5535993Z tests/security/test_document_sandbox.py:39: in run_program
2026-09-14T12:21:15.5536225Z     return sandbox._run(command, fds=fds, limits=limits)
2026-09-14T12:21:15.5536356Z            ^^^^^^^^^^^^^^^^^^^^^^^^^^^^^^^^^^^^^^^^^^^^^
2026-09-14T12:21:15.5536553Z _ _ _ _ _ _ _ _ _ _ _ _ _ _ _ _ _ _ _ _ _ _ _ _ _ _ _ _ _ _ _ _ _ _ _ _ _ _ _ _ 
2026-09-14T12:21:15.5536559Z 
2026-09-14T12:21:15.5536873Z command = ['/usr/bin/prlimit', '--cpu=30:31', '--as=536870912', '--fsize=67108864', '--nofile=64', '--core=0', ...]
2026-09-14T12:21:15.5537010Z fds = (15, 11, 12, 13, 16)
2026-09-14T12:21:15.5537341Z limits = SandboxLimits(wall_seconds=5, cpu_seconds=30, memory_bytes=536870912, output_bytes=67108864)
2026-09-14T12:21:15.5537346Z 
2026-09-14T12:21:15.5537584Z     def _run(command: list[str], *, fds: tuple[int, ...], limits: SandboxLimits) -> bytes:
2026-09-14T12:21:15.5537738Z         output = bytearray()
2026-09-14T12:21:15.5538084Z         with subprocess.Popen(command, stdin=subprocess.DEVNULL, stdout=subprocess.PIPE, stderr=subprocess.PIPE,
2026-09-14T12:21:15.5538367Z                               pass_fds=fds, close_fds=True, start_new_session=True,
2026-09-14T12:21:15.5538605Z                               env={"PATH": "/usr/bin:/bin", "LANG": "C.UTF-8"}) as process:
2026-09-14T12:21:15.5538805Z             assert process.stdout is not None and process.stderr is not None
2026-09-14T12:21:15.5538987Z             selector = selectors.DefaultSelector()
2026-09-14T12:21:15.5539185Z             selector.register(process.stdout, selectors.EVENT_READ)
2026-09-14T12:21:15.5539380Z             selector.register(process.stderr, selectors.EVENT_READ)
2026-09-14T12:21:15.5539591Z             deadline = time.monotonic() + limits.wall_seconds
2026-09-14T12:21:15.5539709Z             stderr_size = 0
2026-09-14T12:21:15.5539849Z             try:
2026-09-14T12:21:15.5540002Z                 while selector.get_map():
2026-09-14T12:21:15.5540179Z                     if time.monotonic() >= deadline:
2026-09-14T12:21:15.5540508Z                         raise DocumentSandboxError("EXTRACTION_TIMEOUT")
2026-09-14T12:21:15.5540655Z                     for key, _ in selector.select(0.05):
2026-09-14T12:21:15.5540826Z                         chunk = os.read(key.fd, 8192)
2026-09-14T12:21:15.5540949Z                         if not chunk:
2026-09-14T12:21:15.5541139Z                             selector.unregister(key.fileobj)
2026-09-14T12:21:15.5541301Z                             continue
2026-09-14T12:21:15.5541450Z                         if key.fileobj is process.stderr:
2026-09-14T12:21:15.5541622Z                             stderr_size += len(chunk)
2026-09-14T12:21:15.5541777Z                             if stderr_size > 65536:
2026-09-14T12:21:15.5542006Z                                 raise DocumentSandboxError("EXTRACTION_OUTPUT_LIMIT")
2026-09-14T12:21:15.5542137Z                         else:
2026-09-14T12:21:15.5542345Z                             if len(output) + len(chunk) > limits.output_bytes:
2026-09-14T12:21:15.5542623Z                                 raise DocumentSandboxError("EXTRACTION_OUTPUT_LIMIT")
2026-09-14T12:21:15.5542758Z                             output.extend(chunk)
2026-09-14T12:21:15.5542906Z                 try:
2026-09-14T12:21:15.5543134Z                     status = process.wait(timeout=max(0.1, deadline - time.monotonic()))
2026-09-14T12:21:15.5543316Z                 except subprocess.TimeoutExpired:
2026-09-14T12:21:15.5543566Z                     raise DocumentSandboxError("EXTRACTION_TIMEOUT") from None
2026-09-14T12:21:15.5543687Z                 if status != 0:
2026-09-14T12:21:15.5544039Z                     code = "EXTRACTION_RESOURCE_LIMIT" if status in (137, 152, -9, -24) else "EXTRACTION_ENVIRONMENT_UNAVAILABLE"
2026-09-14T12:21:15.5544193Z >                   raise DocumentSandboxError(code)
2026-09-14T12:21:15.5544582Z E                   services.api.app.infrastructure.document_sandbox.DocumentSandboxError: EXTRACTION_ENVIRONMENT_UNAVAILABLE
2026-09-14T12:21:15.5544591Z 
2026-09-14T12:21:15.5544865Z services/api/app/infrastructure/document_sandbox.py:270: DocumentSandboxError
2026-09-14T12:21:15.5545031Z =============================== warnings summary ===============================
2026-09-14T12:21:15.5545247Z .venv/lib/python3.12/site-packages/fastapi/testclient.py:1
2026-09-14T12:21:15.5545998Z   <USER_HOME>/work/Learning_Workbench/Learning_Workbench/.venv/lib/python3.12/site-packages/fastapi/testclient.py:1: StarletteDeprecationWarning: Using `httpx` with `starlette.testclient` is deprecated; install `httpx2` instead.
2026-09-14T12:21:15.5546290Z     from starlette.testclient import TestClient as TestClient  # noqa
2026-09-14T12:21:15.5546297Z 
2026-09-14T12:21:15.5546610Z .venv/lib/python3.12/site-packages/starlette/testclient.py:53
2026-09-14T12:21:15.5547493Z   <USER_HOME>/work/Learning_Workbench/Learning_Workbench/.venv/lib/python3.12/site-packages/starlette/testclient.py:53: DeprecationWarning: The anyio.abc.BlockingPortal alias is deprecated, use anyio.from_thread.BlockingPortal instead.
2026-09-14T12:21:15.5547866Z     _PortalFactoryType = Callable[[], AbstractContextManager[anyio.abc.BlockingPortal]]
2026-09-14T12:21:15.5547872Z 
2026-09-14T12:21:15.5548145Z -- Docs: https://docs.pytest.org/en/stable/how-to/capture-warnings.html
2026-09-14T12:21:15.5548317Z =========================== short test summary info ============================
2026-09-14T12:21:15.5549349Z FAILED tests/unit/test_document_extraction.py::test_pdf_two_pages_are_exact_source_citations_and_distinct_derived_bodies - services.api.app.application.import_parse_types.ImportParsingError: 文档隔离提取未完成；原件已保留，请查看定位诊断或修正提取环境。
2026-09-14T12:21:15.5550151Z FAILED tests/unit/test_document_extraction.py::test_mixed_pdf_preserves_readable_page_and_marks_exact_unreadable_page - services.api.app.application.import_parse_types.ImportParsingError: 文档隔离提取未完成；原件已保留，请查看定位诊断或修正提取环境。
2026-09-14T12:21:15.5551056Z FAILED tests/unit/test_document_extraction.py::test_failed_documents_return_safe_diagnostics_without_candidate_or_raw_exception[pdf_scan_fixture-pdf-PDF_NO_EXTRACTABLE_TEXT] - AssertionError: assert 'EXTRACTION_E...T_UNAVAILABLE' == 'PDF_NO_EXTRACTABLE_TEXT'
2026-09-14T12:21:15.5551244Z   
2026-09-14T12:21:15.5551372Z   - PDF_NO_EXTRACTABLE_TEXT
2026-09-14T12:21:15.5551543Z   + EXTRACTION_ENVIRONMENT_UNAVAILABLE
2026-09-14T12:21:15.5552316Z FAILED tests/unit/test_document_extraction.py::test_failed_documents_return_safe_diagnostics_without_candidate_or_raw_exception[pdf_encrypted_fixture-pdf-PDF_ENCRYPTED_UNSUPPORTED] - AssertionError: assert 'EXTRACTION_E...T_UNAVAILABLE' == 'PDF_ENCRYPTED_UNSUPPORTED'
2026-09-14T12:21:15.5552470Z   
2026-09-14T12:21:15.5552648Z   - PDF_ENCRYPTED_UNSUPPORTED
2026-09-14T12:21:15.5552779Z   + EXTRACTION_ENVIRONMENT_UNAVAILABLE
2026-09-14T12:21:15.5553555Z FAILED tests/unit/test_document_extraction.py::test_failed_documents_return_safe_diagnostics_without_candidate_or_raw_exception[pdf_malformed_fixture-pdf-PDF_MALFORMED] - AssertionError: assert 'EXTRACTION_E...T_UNAVAILABLE' == 'PDF_MALFORMED'
2026-09-14T12:21:15.5553664Z   
2026-09-14T12:21:15.5553811Z   - PDF_MALFORMED
2026-09-14T12:21:15.5554009Z   + EXTRACTION_ENVIRONMENT_UNAVAILABLE
2026-09-14T12:21:15.5554699Z FAILED tests/unit/test_document_extraction.py::test_failed_documents_return_safe_diagnostics_without_candidate_or_raw_exception[docx_malformed_fixture-docx-DOCX_XML_INVALID] - AssertionError: assert 'EXTRACTION_E...T_UNAVAILABLE' == 'DOCX_XML_INVALID'
2026-09-14T12:21:15.5554834Z   
2026-09-14T12:21:15.5554950Z   - DOCX_XML_INVALID
2026-09-14T12:21:15.5555114Z   + EXTRACTION_ENVIRONMENT_UNAVAILABLE
2026-09-14T12:21:15.5555844Z FAILED tests/unit/test_document_extraction.py::test_failed_documents_return_safe_diagnostics_without_candidate_or_raw_exception[docx_dtd_fixture-docx-DOCX_XML_UNSAFE] - AssertionError: assert 'EXTRACTION_E...T_UNAVAILABLE' == 'DOCX_XML_UNSAFE'
2026-09-14T12:21:15.5555945Z   
2026-09-14T12:21:15.5556092Z   - DOCX_XML_UNSAFE
2026-09-14T12:21:15.5556217Z   + EXTRACTION_ENVIRONMENT_UNAVAILABLE
2026-09-14T12:21:15.5557066Z FAILED tests/unit/test_document_extraction.py::test_docx_headings_paragraph_cells_and_omitted_fidelity_have_real_node_locators - services.api.app.application.import_parse_types.ImportParsingError: 文档隔离提取未完成；原件已保留，请查看定位诊断或修正提取环境。
2026-09-14T12:21:15.5557906Z FAILED tests/unit/test_document_extraction.py::test_plain_characters_stay_literal_through_markdown_rendering[pdf] - services.api.app.application.import_parse_types.ImportParsingError: 文档隔离提取未完成；原件已保留，请查看定位诊断或修正提取环境。
2026-09-14T12:21:15.5558650Z FAILED tests/unit/test_document_extraction.py::test_plain_characters_stay_literal_through_markdown_rendering[docx] - services.api.app.application.import_parse_types.ImportParsingError: 文档隔离提取未完成；原件已保留，请查看定位诊断或修正提取环境。
2026-09-14T12:21:15.5655155Z FAILED tests/unit/test_document_extraction.py::test_explicit_source_and_text_budgets_can_be_lowered_then_raised[%PDF-1.4\n%\xe2\xe3\xcf\xd3\n1 0 obj\n<< /Type /Catalog /Pages 2 0 R >>\nendobj\n2 0 obj\n<< /Type /Pages /Count 2 /Kids [5 0 R 7 0 R] >>\nendobj\n3 0 obj\n<< /Type /Font /Subtype /Type1 /BaseFont /Helvetica >>\nendobj\n4 0 obj\n<< /Type /XObject /Subtype /Image /Width 72 /Height 48 /ColorSpace /DeviceRGB /BitsPerComponent 8 /Length 10368 >>\nstream\n\xff\xff\xff\xff\xff\xff\xff\xff\xff\xff\xff\xff\xff\xff\xff\xff\xff\xff\xff\xff\xff\xff\xff\xff\xff\xff\xff\xff\xff\xff\xff\xff\xff\xff\xff\xff\xff\xff\xff\xff\xff\xff\xff\xff\xff\xff\xff\xff\xff\xff\xff\xff\xff\xff\xff\xff\xff\xff\xff\xff\xff\xff\xff\xff\xff\xff\xff\xff\xff\xff\xff\xff\xff\xff\xff\xff\xff\xff\xff\xff\xff\xff\xff\xff\xff\xff\xff\xff\xff\xff\xff\xff\xff\xff\xff\xff\xff\xff\xff\xff\xff\xff\xff\xff\xff\xff\xff\xff\xff\xff\xff\xff\xff\xff\xff\xff\xff\xff\xff\xff\xff\xff\xff\xff\xff\xff\xff\xff\xff\xff\xff\xff\xff\xff\xff\xff\xff\xff\xff\xff\xff\xff\xff\xff\xff\xff\xff\xff\xff\xff\xff\xff\xff\xff\xff\xff\xff\xff\xff\xff\xff\xff\xff\xff\xff\xff\xff\xff\xff\xff\xff\xff\xff\xff\xff\xff\xff\xff\xff\xff\xff\xff\xff\xff\xff\xff\xff\xff\xff\xff\xff\xff\xff\xff\xff\xff\xff\xff\xff\xff\xff\xff\xff\xff\xff\xff\xff\xff\xff\xff\xff\xff\xff\xff\xff\xff\xff\xff\xff\xff\xff\xff\xff\xff\xff\xff\xff\xff\xff\xff\xff\xff\xff\xff\xff\xff\xff\xff\xff\xff\xff\xff\xff\xff\xff\xff\xff\xff\xff\xff\xff\xff\xff\xff\xff\xff\xff\xff\xff\xff\xff\xff\xff\xff\xff\xff\xff\xff\xff\xff\xff\xff\xff\xff\xff\xff\xff\xff\xff\xff\xff\xff\xff\xff\xff\xff\xff\xff\xff\xff\xff\xff\xff\xff\xff\xff\xff\xff\xff\xff\xff\xff\xff\xff\xff\xff\xff\xff\xff\xff\xff\xff\xff\xff\xff\xff\xff\xff\xff\xff\xff\xff\xff\xff\xff\xff\xff\xff\xff\xff\xff\xff\xff\xff\xff\xff\xff\xff\xff\xff\xff\xff\xff\xff\xff\xff\xff\xff\xff\xff\xff\xff\xff\xff\xff\xff\xff\xff\xff\xff\xff\xff\xff\xff\xff\xff\xff\xff\xff\xff\xff\xff\xff\xff\xff\xff\xff\xff\xff\xff\xff\xff\xff\xff\xff\xff\xff\xff\xff\xff\xff\xff\xff\xff\xff\xff\xff\xff\xff\xff\xff\xff\xff\xff\xff\xff\xff\xff\xff\xff\xff\xff\xff\xff\xff\xff\xff\xff\xff\xff\xff\xff\xff\xff\xff\xff\xff\xff\xff\xff\xff\xff\xff\xff\xff\xff\xff\xff\xff\xff\xff\xff\xff\xff\xff\xff\xff\xff\xff\xff\xff\xff\xff\xff\xff\xff\xff\xff\xff\xff\xff\xff\xff\xff\xff\xff\xff\xff\xff\xff\xff\xff\xff\xff\xff\xff\xff\xff\xff\xff\xff\xff\xff\xff\xff\xff\xff\xff\xff\xff\xff\xff\xff\xff\xff\xff\xff\xff\xff\xff\xff\xff\xff\xff\xff\xff\xff\xff\xff\xff\xff\xff\xff\xff\xff\xff\xff\xff\xff\xff\xff\xff\xff\xff\xff\xff\xff\xff\xff\xff\xff\xff\xff\xff\xff\xff\xff\xff\xff\xff\xff\xff\xff\xff\xff\xff\xff\xff\xff\xff\xff\xff\xff\xff\xff\xff\xff\xff\xff\xff\xff\xff\xff\xff\xff\xff\xff\xff\xff\xff\xff\xff\xff\xff\xff\xff\xff\xff\xff\xff\xff\xff\xff\xff\xff\xff\xff\xff\xff\xff\xff\xff\xff\xff\xff\xff\xff\xff\xff\xff\xff\xff\xff\xff\xff\xff\xff\xff\xff\xff\xff\xff\xff\xff\xff\xff\xff\xff\xff\xff\xff\xff\xff\xff\xff\xff\xff\xff\xff\xff\xff\xff\xff\xff\xff\xff\xff\xff\xff\xff\xff\xff\xff\xff\xff\xff\xff\xff\xff\xff\xff\xff\xff\xff\xff\xff\xff\xff\xff\xff\xff\xff\xff\xff\xff\xff\xff\xff\xff\xff\xff\xff\xff\xff\xff\xff\xff\xff\xff\xff\xff\xff\xff\xff\xff\xff\xff\xff\xff\xff\xff\xff\xff\xff\xff\xff\xff\xff\xff\xff\xff\xff\xff\xff\xff\xff\xff\xff\xff\xff\xff\xff\xff\xff\xff\xff\xff\xff\xff\xff\xff\xff\xff\xff\xff\xff\xff\xff\xff\xff\xff\xff\xff\xff\xff\xff\xff\xff\xff\xff\xff\xff\xff\xff\xff\xff\xff\xff\xff\xff\xff\xff\xff\xff\xff\xff\xff\xff\xff\xff\xff\xff\xff\xff\xff\xff\xff\xff\xff\xff\xff\xff\xff\xff\xff\xff\xff\xff\xff\xff\xff\xff\xff\xff\xff\xff\xff\xff\xff\xff\xff\xff\xff\xff\xff\xff\xff\xff\xff\xff\xff\xff\xff\xff\xff\xff\xff\xff\xff\xff\xff\xff\xff\xff\xff\xff\xff\xff\xff\xff\xff\xff\xff\xff\xff\xff\xff\xff\xff\xff\xff\xff\xff\xff\xff\xff\xff\xff\xff\xff\xff\xff\xff\xff\xff\xff\xff\xff\xff\xff\xff\xff\xff\xff\xff\xff\xff\xff\xff\xff\xff\xff\xff\xff\xff\xff\xff\xff\xff\xff\xff\xff\xff\xff\xff\xff\xff\xff\xff\xff\xff\xff\xff\xff\xff\xff\xff\xff\xff\xff\xff\xff\xff\xff\xff\xff\xff\xff\xff\xff\xff\xff\xff\xff\xff\xff\xff\xff\xff\xff\xff\xff\xff\xff\xff\xff\xff\xff\xff\xff\xff\xff\xff\xff\xff\xff\xff\xff\xff\xff\xff\xff\xff\xff\xff\xff\xff\xff\xff\xff\xff\xff\xff\xff\xff\xff\xff\xff\xff\xff\xff\xff\xff\xff\xff\xff\xff\xff\xff\xff\x00\x00\x00\x00\x00\x00\x00\x00\x00\x00\x00\x00\x00\x00\x00\x00\x00\x00\x00\x00\x00\x00\x00\x00\x00\x00\x00\x00\x00\x00\x00\x00\x00\x00\x00\x00\xff\xff\xff\xff\xff\xff\xff\xff\xff\xff\xff\xff\xff\xff\xff\xff\xff\xff\xff\xff\xff\xff\xff\xff\xff\xff\xff\xff\xff\xff\xff\xff\xff\xff\xff\xff\xff\xff\xff\xff\xff\xff\xff\xff\xff\xff\xff\xff\xff\xff\xff\xff\xff\xff\xff\xff\xff\xff\xff\xff\xff\xff\xff\xff\xff\xff\xff\xff\xff\xff\xff\xff\xff\xff\xff\xff\xff\xff\xff\xff\xff\xff\xff\xff\xff\xff\xff\xff\xff\xff\xff\xff\xff\xff\xff\xff\xff\xff\xff\xff\xff\xff\xff\xff\xff\xff\xff\xff\xff\xff\xff\xff\xff\xff\xff\xff\xff\xff\xff\xff\xff\xff\xff\xff\xff\xff\xff\xff\xff\xff\xff\xff\xff\xff\xff\xff\xff\xff\xff\xff\xff\xff\xff\xff\xff\xff\xff\xff\xff\xff\xff\xff\xff\xff\xff\xff\xff\xff\xff\xff\xff\xff\xff\xff\xff\xff\xff\xff\xff\xff\xff\xff\xff\xff\xff\xff\xff\xff\xff\xff\x00\x00\x00\x00\x00\x00\x00\x00\x00\x00\x00\x00\x00\x00\x00\x00\x00\x00\x00\x00\x00\x00\x00\x00\x00\x00\x00\x00\x00\x00\x00\x00\x00\x00\x00\x00\xff\xff\xff\xff\xff\xff\xff\xff\xff\xff\xff\xff\xff\xff\xff\xff\xff\xff\xff\xff\xff\xff\xff\xff\xff\xff\xff\xff\xff\xff\xff\xff\xff\xff\xff\xff\xff\xff\xff\xff\xff\xff\xff\xff\xff\xff\xff\xff\xff\xff\xff\xff\xff\xff\xff\xff\xff\xff\xff\xff\xff\xff\xff\xff\xff\xff\xff\xff\xff\xff\xff\xff\xff\xff\xff\xff\xff\xff\xff\xff\xff\xff\xff\xff\xff\xff\xff\xff\xff\xff\xff\xff\xff\xff\xff\xff\xff\xff\xff\xff\xff\xff\xff\xff\xff\xff\xff\xff\xff\xff\xff\xff\xff\xff\xff\xff\xff\xff\xff\xff\xff\xff\xff\xff\xff\xff\xff\xff\xff\xff\xff\xff\xff\xff\xff\xff\xff\xff\xff\xff\xff\xff\xff\xff\xff\xff\xff\xff\xff\xff\xff\xff\xff\xff\xff\xff\xff\xff\xff\xff\xff\xff\xff\xff\xff\xff\xff\xff\xff\xff\xff\xff\xff\xff\xff\xff\xff\xff\xff\xff\x00\x00\x00\x00\x00\x00\x00\x00\x00\x00\x00\x00\x00\x00\x00\x00\x00\x00\x00\x00\x00\x00\x00\x00\x00\x00\x00\x00\x00\x00\x00\x00\x00\x00\x00\x00\xff\xff\xff\xff\xff\xff\xff\xff\xff\xff\xff\xff\xff\xff\xff\xff\xff\xff\xff\xff\xff\xff\xff\xff\xff\xff\xff\xff\xff\xff\xff\xff\xff\xff\xff\xff\xff\xff\xff\xff\xff\xff\xff\xff\xff\xff\xff\xff\xff\xff\xff\xff\xff\xff\xff\xff\xff\xff\xff\xff\xff\xff\xff\xff\xff\xff\xff\xff\xff\xff\xff\xff\xff\xff\xff\xff\xff\xff\xff\xff\xff\xff\xff\xff\xff\xff\xff\xff\xff\xff\xff\xff\xff\xff\xff\xff\xff\xff\xff\xff\xff\xff\xff\xff\xff\xff\xff\xff\xff\xff\xff\xff\xff\xff\xff\xff\xff\xff\xff\xff\xff\xff\xff\xff\xff\xff\xff\xff\xff\xff\xff\xff\xff\xff\xff\xff\xff\xff\xff\xff\xff\xff\xff\xff\xff\xff\xff\xff\xff\xff\xff\xff\xff\xff\xff\xff\xff\xff\xff\xff\xff\xff\xff\xff\xff\xff\xff\xff\xff\xff\xff\xff\xff\xff\xff\xff\xff\xff\xff\xff\x00\x00\x00\x00\x00\x00\x00\x00\x00\x00\x00\x00\x00\x00\x00\x00\x00\x00\x00\x00\x00\x00\x00\x00\x00\x00\x00\x00\x00\x00\x00\x00\x00\x00\x00\x00\xff\xff\xff\xff\xff\xff\xff\xff\xff\xff\xff\xff\xff\xff\xff\xff\xff\xff\xff\xff\xff\xff\xff\xff\xff\xff\xff\xff\xff\xff\xff\xff\xff\xff\xff\xff\xff\xff\xff\xff\xff\xff\xff\xff\xff\xff\xff\xff\xff\xff\xff\xff\xff\xff\xff\xff\xff\xff\xff\xff\xff\xff\xff\xff\xff\xff\xff\xff\xff\xff\xff\xff\xff\xff\xff\xff\xff\xff\xff\xff\xff\xff\xff\xff\xff\xff\xff\xff\xff\xff\xff\xff\xff\xff\xff\xff\xff\xff\xff\xff\xff\xff\xff\xff\xff\xff\xff\xff\xff\xff\xff\xff\xff\xff\xff\xff\xff\xff\xff\xff\xff\xff\xff\xff\xff\xff\xff\xff\xff\xff\xff\xff\xff\xff\xff\xff\xff\xff\xff\xff\xff\xff\xff\xff\xff\xff\xff\xff\xff\xff\xff\xff\xff\xff\xff\xff\xff\xff\xff\xff\xff\xff\xff\xff\xff\xff\xff\xff\xff\xff\xff\xff\xff\xff\xff\xff\xff\xff\xff\xff\xff\xff\xff\xff\xff\xff\xff\xff\xff\xff\xff\xff\xff\xff\xff\xff\xff\xff\xff\xff\xff\xff\xff\xff\x00\x00\x00\x00\x00\x00\x00\x00\x00\x00\x00\x00\xff\xff\xff\xff\xff\xff\xff\xff\xff\xff\xff\xff\xff\xff\xff\xff\xff\xff\xff\xff\xff\xff\xff\xff\xff\xff\xff\xff\xff\xff\xff\xff\xff\xff\xff\xff\xff\xff\xff\xff\xff\xff\xff\xff\xff\xff\xff\xff\xff\xff\xff\xff\xff\xff\xff\xff\xff\xff\xff\xff\xff\xff\xff\xff\xff\xff\xff\xff\xff\xff\xff\xff\xff\xff\xff\xff\xff\xff\xff\xff\xff\xff\xff\xff\xff\xff\xff\xff\xff\xff\xff\xff\xff\xff\xff\xff\xff\xff\xff\xff\xff\xff\xff\xff\xff\xff\xff\xff\xff\xff\xff\xff\xff\xff\xff\xff\xff\xff\xff\xff\xff\xff\xff\xff\xff\xff\xff\xff\xff\xff\xff\xff\xff\xff\xff\xff\xff\xff\xff\xff\xff\xff\xff\xff\xff\xff\xff\xff\xff\xff\xff\xff\xff\xff\xff\xff\xff\xff\xff\xff\xff\xff\xff\xff\xff\xff\xff\xff\xff\xff\xff\xff\xff\xff\xff\xff\xff\xff\xff\xff\xff\xff\xff\xff\xff\xff\xff\xff\xff\xff\xff\xff\xff\xff\xff\xff\xff\xff\xff\xff\xff\xff\xff\xff\x00\x00\x00\x00\x00\x00\x00\x00\x00\x00\x00\x00\xff\xff\xff\xff\xff\xff\xff\xff\xff\xff\xff\xff\xff\xff\xff\xff\xff\xff\xff\xff\xff\xff\xff\xff\xff\xff\xff\xff\xff\xff\xff\xff\xff\xff\xff\xff\xff\xff\xff\xff\xff\xff\xff\xff\xff\xff\xff\xff\xff\xff\xff\xff\xff\xff\xff\xff\xff\xff\xff\xff\xff\xff\xff\xff\xff\xff\xff\xff\xff\xff\xff\xff\xff\xff\xff\xff\xff\xff\xff\xff\xff\xff\xff\xff\xff\xff\xff\xff\xff\xff\xff\xff\xff\xff\xff\xff\xff\xff\xff\xff\xff\xff\xff\xff\xff\xff\xff\xff\xff\xff\xff\xff\xff\xff\xff\xff\xff\xff\xff\xff\xff\xff\xff\xff\xff\xff\xff\xff\xff\xff\xff\xff\xff\xff\xff\xff\xff\xff\xff\xff\xff\xff\xff\xff\xff\xff\xff\xff\xff\xff\xff\xff\xff\xff\xff\xff\xff\xff\xff\xff\xff\xff\xff\xff\xff\xff\xff\xff\xff\xff\xff\xff\xff\xff\xff\xff\xff\xff\xff\xff\xff\xff\xff\xff\xff\xff\xff\xff\xff\xff\xff\xff\xff\xff\xff\xff\xff\xff\xff\xff\xff\xff\xff\xff\x00\x00\x00\x00\x00\x00\x00\x00\x00\x00\x00\x00\xff\xff\xff\xff\xff\xff\xff\xff\xff\xff\xff\xff\xff\xff\xff\xff\xff\xff\xff\xff\xff\xff\xff\xff\xff\xff\xff\xff\xff\xff\xff\xff\xff\xff\xff\xff\xff\xff\xff\xff\xff\xff\xff\xff\xff\xff\xff\xff\xff\xff\xff\xff\xff\xff\xff\xff\xff\xff\xff\xff\xff\xff\xff\xff\xff\xff\xff\xff\xff\xff\xff\xff\xff\xff\xff\xff\xff\xff\xff\xff\xff\xff\xff\xff\xff\xff\xff\xff\xff\xff\xff\xff\xff\xff\xff\xff\xff\xff\xff\xff\xff\xff\xff\xff\xff\xff\xff\xff\xff\xff\xff\xff\xff\xff\xff\xff\xff\xff\xff\xff\xff\xff\xff\xff\xff\xff\xff\xff\xff\xff\xff\xff\xff\xff\xff\xff\xff\xff\xff\xff\xff\xff\xff\xff\xff\xff\xff\xff\xff\xff\xff\xff\xff\xff\xff\xff\xff\xff\xff\xff\xff\xff\xff\xff\xff\xff\xff\xff\xff\xff\xff\xff\xff\xff\xff\xff\xff\xff\xff\xff\xff\xff\xff\xff\xff\xff\xff\xff\xff\xff\xff\xff\xff\xff\xff\xff\xff\xff\xff\xff\xff\xff\xff\xff\x00\x00\x00\x00\x00\x00\x00\x00\x00\x00\x00\x00\xff\xff\xff\xff\xff\xff\xff\xff\xff\xff\xff\xff\xff\xff\xff\xff\xff\xff\xff\xff\xff\xff\xff\xff\xff\xff\xff\xff\xff\xff\xff\xff\xff\xff\xff\xff\xff\xff\xff\xff\xff\xff\xff\xff\xff\xff\xff\xff\xff\xff\xff\xff\xff\xff\xff\xff\xff\xff\xff\xff\xff\xff\xff\xff\xff\xff\xff\xff\xff\xff\xff\xff\xff\xff\xff\xff\xff\xff\xff\xff\xff\xff\xff\xff\xff\xff\xff\xff\xff\xff\xff\xff\xff\xff\xff\xff\xff\xff\xff\xff\xff\xff\xff\xff\xff\xff\xff\xff\xff\xff\xff\xff\xff\xff\xff\xff\xff\xff\xff\xff\xff\xff\xff\xff\xff\xff\xff\xff\xff\xff\xff\xff\xff\xff\xff\xff\xff\xff\xff\xff\xff\xff\xff\xff\xff\xff\xff\xff\xff\xff\xff\xff\xff\xff\xff\xff\xff\xff\xff\xff\xff\xff\xff\xff\xff\xff\xff\xff\xff\xff\xff\xff\xff\xff\xff\xff\xff\xff\xff\xff\x00\x00\x00\x00\x00\x00\x00\x00\x00\x00\x00\x00\x00\x00\x00\x00\x00\x00\x00\x00\x00\x00\x00\x00\x00\x00\x00\x00\x00\x00\x00\x00\x00\x00\x00\x00\xff\xff\xff\xff\xff\xff\xff\xff\xff\xff\xff\xff\xff\xff\xff\xff\xff\xff\xff\xff\xff\xff\xff\xff\xff\xff\xff\xff\xff\xff\xff\xff\xff\xff\xff\xff\xff\xff\xff\xff\xff\xff\xff\xff\xff\xff\xff\xff\xff\xff\xff\xff\xff\xff\xff\xff\xff\xff\xff\xff\xff\xff\xff\xff\xff\xff\xff\xff\xff\xff\xff\xff\xff\xff\xff\xff\xff\xff\xff\xff\xff\xff\xff\xff\xff\xff\xff\xff\xff\xff\xff\xff\xff\xff\xff\xff\xff\xff\xff\xff\xff\xff\xff\xff\xff\xff\xff\xff\xff\xff\xff\xff\xff\xff\xff\xff\xff\xff\xff\xff\xff\xff\xff\xff\xff\xff\xff\xff\xff\xff\xff\xff\xff\xff\xff\xff\xff\xff\xff\xff\xff\xff\xff\xff\xff\xff\xff\xff\xff\xff\xff\xff\xff\xff\xff\xff\xff\xff\xff\xff\xff\xff\xff\xff\xff\xff\xff\xff\xff\xff\xff\xff\xff\xff\xff\xff\xff\xff\xff\xff\x00\x00\x00\x00\x00\x00\x00\x00\x00\x00\x00\x00\x00\x00\x00\x00\x00\x00\x00\x00\x00\x00\x00\x00\x00\x00\x00\x00\x00\x00\x00\x00\x00\x00\x00\x00\xff\xff\xff\xff\xff\xff\xff\xff\xff\xff\xff\xff\xff\xff\xff\xff\xff\xff\xff\xff\xff\xff\xff\xff\xff\xff\xff\xff\xff\xff\xff\xff\xff\xff\xff\xff\xff\xff\xff\xff\xff\xff\xff\xff\xff\xff\xff\xff\xff\xff\xff\xff\xff\xff\xff\xff\xff\xff\xff\xff\xff\xff\xff\xff\xff\xff\xff\xff\xff\xff\xff\xff\xff\xff\xff\xff\xff\xff\xff\xff\xff\xff\xff\xff\xff\xff\xff\xff\xff\xff\xff\xff\xff\xff\xff\xff\xff\xff\xff\xff\xff\xff\xff\xff\xff\xff\xff\xff\xff\xff\xff\xff\xff\xff\xff\xff\xff\xff\xff\xff\xff\xff\xff\xff\xff\xff\xff\xff\xff\xff\xff\xff\xff\xff\xff\xff\xff\xff\xff\xff\xff\xff\xff\xff\xff\xff\xff\xff\xff\xff\xff\xff\xff\xff\xff\xff\xff\xff\xff\xff\xff\xff\xff\xff\xff\xff\xff\xff\xff\xff\xff\xff\xff\xff\xff\xff\xff\xff\xff\xff\x00\x00\x00\x00\x00\x00\x00\x00\x00\x00\x00\x00\x00\x00\x00\x00\x00\x00\x00\x00\x00\x00\x00\x00\x00\x00\x00\x00\x00\x00\x00\x00\x00\x00\x00\x00\xff\xff\xff\xff\xff\xff\xff\xff\xff\xff\xff\xff\xff\xff\xff\xff\xff\xff\xff\xff\xff\xff\xff\xff\xff\xff\xff\xff\xff\xff\xff\xff\xff\xff\xff\xff\xff\xff\xff\xff\xff\xff\xff\xff\xff\xff\xff\xff\xff\xff\xff\xff\xff\xff\xff\xff\xff\xff\xff\xff\xff\xff\xff\xff\xff\xff\xff\xff\xff\xff\xff\xff\xff\xff\xff\xff\xff\xff\xff\xff\xff\xff\xff\xff\xff\xff\xff\xff\xff\xff\xff\xff\xff\xff\xff\xff\xff\xff\xff\xff\xff\xff\xff\xff\xff\xff\xff\xff\xff\xff\xff\xff\xff\xff\xff\xff\xff\xff\xff\xff\xff\xff\xff\xff\xff\xff\xff\xff\xff\xff\xff\xff\xff\xff\xff\xff\xff\xff\xff\xff\xff\xff\xff\xff\xff\xff\xff\xff\xff\xff\xff\xff\xff\xff\xff\xff\xff\xff\xff\xff\xff\xff\xff\xff\xff\xff\xff\xff\xff\xff\xff\xff\xff\xff\xff\xff\xff\xff\xff\xff\x00\x00\x00\x00\x00\x00\x00\x00\x00\x00\x00\x00\x00\x00\x00\x00\x00\x00\x00\x00\x00\x00\x00\x00\x00\x00\x00\x00\x00\x00\x00\x00\x00\x00\x00\x00\xff\xff\xff\xff\xff\xff\xff\xff\xff\xff\xff\xff\xff\xff\xff\xff\xff\xff\xff\xff\xff\xff\xff\xff\xff\xff\xff\xff\xff\xff\xff\xff\xff\xff\xff\xff\xff\xff\xff\xff\xff\xff\xff\xff\xff\xff\xff\xff\xff\xff\xff\xff\xff\xff\xff\xff\xff\xff\xff\xff\xff\xff\xff\xff\xff\xff\xff\xff\xff\xff\xff\xff\xff\xff\xff\xff\xff\xff\xff\xff\xff\xff\xff\xff\xff\xff\xff\xff\xff\xff\xff\xff\xff\xff\xff\xff\xff\xff\xff\xff\xff\xff\xff\xff\xff\xff\xff\xff\x00\x00\x00\x00\x00\x00\x00\x00\x00\x00\x00\x00\xff\xff\xff\xff\xff\xff\xff\xff\xff\xff\xff\xff\xff\xff\xff\xff\xff\xff\xff\xff\xff\xff\xff\xff\xff\xff\xff\xff\xff\xff\xff\xff\xff\xff\xff\xff\x00\x00\x00\x00\x00\x00\x00\x00\x00\x00\x00\x00\xff\xff\xff\xff\xff\xff\xff\xff\xff\xff\xff\xff\x00\x00\x00\x00\x00\x00\x00\x00\x00\x00\x00\x00\xff\xff\xff\xff\xff\xff\xff\xff\xff\xff\xff\xff\xff\xff\xff\xff\xff\xff\xff\xff\xff\xff\xff\xff\xff\xff\xff\xff\xff\xff\xff\xff\xff\xff\xff\xff\xff\xff\xff\xff\xff\xff\xff\xff\xff\xff\xff\xff\xff\xff\xff\xff\xff\xff\xff\xff\xff\xff\xff\xff\xff\xff\xff\xff\xff\xff\xff\xff\xff\xff\xff\xff\xff\xff\xff\xff\xff\xff\xff\xff\xff\xff\xff\xff\xff\xff\xff\xff\xff\xff\xff\xff\xff\xff\xff\xff\xff\xff\xff\xff\xff\xff\xff\xff\xff\xff\xff\xff\xff\xff\xff\xff\xff\xff\xff\xff\xff\xff\xff\xff\xff\xff\xff\xff\xff\xff\xff\xff\xff\xff\xff\xff\x00\x00\x00\x00\x00\x00\x00\x00\x00\x00\x00\x00\xff\xff\xff\xff\xff\xff\xff\xff\xff\xff\xff\xff\xff\xff\xff\xff\xff\xff\xff\xff\xff\xff\xff\xff\xff\xff\xff\xff\xff\xff\xff\xff\xff\xff\xff\xff\x00\x00\x00\x00\x00\x00\x00\x00\x00\x00\x00\x00\xff\xff\xff\xff\xff\xff\xff\xff\xff\xff\xff\xff\x00\x00\x00\x00\x00\x00\x00\x00\x00\x00\x00\x00\xff\xff\xff\xff\xff\xff\xff\xff\xff\xff\xff\xff\xff\xff\xff\xff\xff\xff\xff\xff\xff\xff\xff\xff\xff\xff\xff\xff\xff\xff\xff\xff\xff\xff\xff\xff\xff\xff\xff\xff\xff\xff\xff\xff\xff\xff\xff\xff\xff\xff\xff\xff\xff\xff\xff\xff\xff\xff\xff\xff\xff\xff\xff\xff\xff\xff\xff\xff\xff\xff\xff\xff\xff\xff\xff\xff\xff\xff\xff\xff\xff\xff\xff\xff\xff\xff\xff\xff\xff\xff\xff\xff\xff\xff\xff\xff\xff\xff\xff\xff\xff\xff\xff\xff\xff\xff\xff\xff\xff\xff\xff\xff\xff\xff\xff\xff\xff\xff\xff\xff\xff\xff\xff\xff\xff\xff\xff\xff\xff\xff\xff\xff\x00\x00\x00\x00\x00\x00\x00\x00\x00\x00\x00\x00\xff\xff\xff\xff\xff\xff\xff\xff\xff\xff\xff\xff\xff\xff\xff\xff\xff\xff\xff\xff\xff\xff\xff\xff\xff\xff\xff\xff\xff\xff\xff\xff\xff\xff\xff\xff\x00\x00\x00\x00\x00\x00\x00\x00\x00\x00\x00\x00\xff\xff\xff\xff\xff\xff\xff\xff\xff\xff\xff\xff\x00\x00\x00\x00\x00\x00\x00\x00\x00\x00\x00\x00\xff\xff\xff\xff\xff\xff\xff\xff\xff\xff\xff\xff\xff\xff\xff\xff\xff\xff\xff\xff\xff\xff\xff\xff\xff\xff\xff\xff\xff\xff\xff\xff\xff\xff\xff\xff\xff\xff\xff\xff\xff\xff\xff\xff\xff\xff\xff\xff\xff\xff\xff\xff\xff\xff\xff\xff\xff\xff\xff\xff\xff\xff\xff\xff\xff\xff\xff\xff\xff\xff\xff\xff\xff\xff\xff\xff\xff\xff\xff\xff\xff\xff\xff\xff\xff\xff\xff\xff\xff\xff\xff\xff\xff\xff\xff\xff\xff\xff\xff\xff\xff\xff\xff\xff\xff\xff\xff\xff\xff\xff\xff\xff\xff\xff\xff\xff\xff\xff\xff\xff\xff\xff\xff\xff\xff\xff\xff\xff\xff\xff\xff\xff\x00\x00\x00\x00\x00\x00\x00\x00\x00\x00\x00\x00\xff\xff\xff\xff\xff\xff\xff\xff\xff\xff\xff\xff\xff\xff\xff\xff\xff\xff\xff\xff\xff\xff\xff\xff\xff\xff\xff\xff\xff\xff\xff\xff\xff\xff\xff\xff\x00\x00\x00\x00\x00\x00\x00\x00\x00\x00\x00\x00\xff\xff\xff\xff\xff\xff\xff\xff\xff\xff\xff\xff\x00\x00\x00\x00\x00\x00\x00\x00\x00\x00\x00\x00\xff\xff\xff\xff\xff\xff\xff\xff\xff\xff\xff\xff\xff\xff\xff\xff\xff\xff\xff\xff\xff\xff\xff\xff\xff\xff\xff\xff\xff\xff\xff\xff\xff\xff\xff\xff\xff\xff\xff\xff\xff\xff\xff\xff\xff\xff\xff\xff\xff\xff\xff\xff\xff\xff\xff\xff\xff\xff\xff\xff\xff\xff\xff\xff\xff\xff\xff\xff\xff\xff\xff\xff\xff\xff\xff\xff\xff\xff\xff\xff\xff\xff\xff\xff\xff\xff\xff\xff\xff\xff\xff\xff\xff\xff\xff\xff\xff\xff\xff\xff\xff\xff\xff\xff\xff\xff\xff\xff\xff\xff\xff\xff\xff\xff\xff\xff\xff\xff\xff\xff\xff\xff\xff\xff\xff\xff\xff\xff\xff\xff\xff\xff\xff\xff\xff\xff\xff\xff\xff\xff\xff\xff\xff\xff\x00\x00\x00\x00\x00\x00\x00\x00\x00\x00\x00\x00\xff\xff\xff\xff\xff\xff\xff\xff\xff\xff\xff\xff\x00\x00\x00\x00\x00\x00\x00\x00\x00\x00\x00\x00\xff\xff\xff\xff\xff\xff\xff\xff\xff\xff\xff\xff\xff\xff\xff\xff\xff\xff\xff\xff\xff\xff\xff\xff\x00\x00\x00\x00\x00\x00\x00\x00\x00\x00\x00\x00\x00\x00\x00\x00\x00\x00\x00\x00\x00\x00\x00\x00\x00\x00\x00\x00\x00\x00\x00\x00\x00\x00\x00\x00\xff\xff\xff\xff\xff\xff\xff\xff\xff\xff\xff\xff\xff\xff\xff\xff\xff\xff\xff\xff\xff\xff\xff\xff\xff\xff\xff\xff\xff\xff\xff\xff\xff\xff\xff\xff\xff\xff\xff\xff\xff\xff\xff\xff\xff\xff\xff\xff\xff\xff\xff\xff\xff\xff\xff\xff\xff\xff\xff\xff\xff\xff\xff\xff\xff\xff\xff\xff\xff\xff\xff\xff\xff\xff\xff\xff\xff\xff\xff\xff\xff\xff\xff\xff\xff\xff\xff\xff\xff\xff\xff\xff\xff\xff\xff\xff\xff\xff\xff\xff\xff\xff\xff\xff\xff\xff\xff\xff\xff\xff\xff\xff\xff\xff\xff\xff\xff\xff\xff\xff\x00\x00\x00\x00\x00\x00\x00\x00\x00\x00\x00\x00\xff\xff\xff\xff\xff\xff\xff\xff\xff\xff\xff\xff\x00\x00\x00\x00\x00\x00\x00\x00\x00\x00\x00\x00\xff\xff\xff\xff\xff\xff\xff\xff\xff\xff\xff\xff\xff\xff\xff\xff\xff\xff\xff\xff\xff\xff\xff\xff\x00\x00\x00\x00\x00\x00\x00\x00\x00\x00\x00\x00\x00\x00\x00\x00\x00\x00\x00\x00\x00\x00\x00\x00\x00\x00\x00\x00\x00\x00\x00\x00\x00\x00\x00\x00\xff\xff\xff\xff\xff\xff\xff\xff\xff\xff\xff\xff\xff\xff\xff\xff\xff\xff\xff\xff\xff\xff\xff\xff\xff\xff\xff\xff\xff\xff\xff\xff\xff\xff\xff\xff\xff\xff\xff\xff\xff\xff\xff\xff\xff\xff\xff\xff\xff\xff\xff\xff\xff\xff\xff\xff\xff\xff\xff\xff\xff\xff\xff\xff\xff\xff\xff\xff\xff\xff\xff\xff\xff\xff\xff\xff\xff\xff\xff\xff\xff\xff\xff\xff\xff\xff\xff\xff\xff\xff\xff\xff\xff\xff\xff\xff\xff\xff\xff\xff\xff\xff\xff\xff\xff\xff\xff\xff\xff\xff\xff\xff\xff\xff\xff\xff\xff\xff\xff\xff\x00\x00\x00\x00\x00\x00\x00\x00\x00\x00\x00\x00\xff\xff\xff\xff\xff\xff\xff\xff\xff\xff\xff\xff\x00\x00\x00\x00\x00\x00\x00\x00\x00\x00\x00\x00\xff\xff\xff\xff\xff\xff\xff\xff\xff\xff\xff\xff\xff\xff\xff\xff\xff\xff\xff\xff\xff\xff\xff\xff\x00\x00\x00\x00\x00\x00\x00\x00\x00\x00\x00\x00\x00\x00\x00\x00\x00\x00\x00\x00\x00\x00\x00\x00\x00\x00\x00\x00\x00\x00\x00\x00\x00\x00\x00\x00\xff\xff\xff\xff\xff\xff\xff\xff\xff\xff\xff\xff\xff\xff\xff\xff\xff\xff\xff\xff\xff\xff\xff\xff\xff\xff\xff\xff\xff\xff\xff\xff\xff\xff\xff\xff\xff\xff\xff\xff\xff\xff\xff\xff\xff\xff\xff\xff\xff\xff\xff\xff\xff\xff\xff\xff\xff\xff\xff\xff\xff\xff\xff\xff\xff\xff\xff\xff\xff\xff\xff\xff\xff\xff\xff\xff\xff\xff\xff\xff\xff\xff\xff\xff\xff\xff\xff\xff\xff\xff\xff\xff\xff\xff\xff\xff\xff\xff\xff\xff\xff\xff\xff\xff\xff\xff\xff\xff\xff\xff\xff\xff\xff\xff\xff\xff\xff\xff\xff\xff\x00\x00\x00\x00\x00\x00\x00\x00\x00\x00\x00\x00\xff\xff\xff\xff\xff\xff\xff\xff\xff\xff\xff\xff\x00\x00\x00\x00\x00\x00\x00\x00\x00\x00\x00\x00\xff\xff\xff\xff\xff\xff\xff\xff\xff\xff\xff\xff\xff\xff\xff\xff\xff\xff\xff\xff\xff\xff\xff\xff\x00\x00\x00\x00\x00\x00\x00\x00\x00\x00\x00\x00\x00\x00\x00\x00\x00\x00\x00\x00\x00\x00\x00\x00\x00\x00\x00\x00\x00\x00\x00\x00\x00\x00\x00\x00\xff\xff\xff\xff\xff\xff\xff\xff\xff\xff\xff\xff\xff\xff\xff\xff\xff\xff\xff\xff\xff\xff\xff\xff\xff\xff\xff\xff\xff\xff\xff\xff\xff\xff\xff\xff\xff\xff\xff\xff\xff\xff\xff\xff\xff\xff\xff\xff\xff\xff\xff\xff\xff\xff\xff\xff\xff\xff\xff\xff\xff\xff\xff\xff\xff\xff\xff\xff\xff\xff\xff\xff\xff\xff\xff\xff\xff\xff\xff\xff\xff\xff\xff\xff\xff\xff\xff\xff\xff\xff\xff\xff\xff\xff\xff\xff\xff\xff\xff\xff\xff\xff\xff\xff\xff\xff\xff\xff\xff\xff\xff\xff\xff\xff\xff\xff\xff\xff\xff\xff\xff\xff\xff\xff\xff\xff\xff\xff\xff\xff\xff\xff\x00\x00\x00\x00\x00\x00\x00\x00\x00\x00\x00\x00\xff\xff\xff\xff\xff\xff\xff\xff\xff\xff\xff\xff\xff\xff\xff\xff\xff\xff\xff\xff\xff\xff\xff\xff\xff\xff\xff\xff\xff\xff\xff\xff\xff\xff\xff\xff\xff\xff\xff\xff\xff\xff\xff\xff\xff\xff\xff\xff\xff\xff\xff\xff\xff\xff\xff\xff\xff\xff\xff\xff\xff\xff\xff\xff\xff\xff\xff\xff\xff\xff\xff\xff\xff\xff\xff\xff\xff\xff\xff\xff\xff\xff\xff\xff\xff\xff\xff\xff\xff\xff\xff\xff\xff\xff\xff\xff\xff\xff\xff\xff\xff\xff\xff\xff\xff\xff\xff\xff\xff\xff\xff\xff\xff\xff\xff\xff\xff\xff\xff\xff\xff\xff\xff\xff\xff\xff\xff\xff\xff\xff\xff\xff\xff\xff\xff\xff\xff\xff\xff\xff\xff\xff\xff\xff\xff\xff\xff\xff\xff\xff\xff\xff\xff\xff\xff\xff\xff\xff\xff\xff\xff\xff\xff\xff\xff\xff\xff\xff\xff\xff\xff\xff\xff\xff\xff\xff\xff\xff\xff\xff\xff\xff\xff\xff\xff\xff\xff\xff\xff\xff\xff\xff\xff\xff\xff\xff\xff\xff\xff\xff\xff\xff\xff\xff\x00\x00\x00\x00\x00\x00\x00\x00\x00\x00\x00\x00\xff\xff\xff\xff\xff\xff\xff\xff\xff\xff\xff\xff\xff\xff\xff\xff\xff\xff\xff\xff\xff\xff\xff\xff\xff\xff\xff\xff\xff\xff\xff\xff\xff\xff\xff\xff\xff\xff\xff\xff\xff\xff\xff\xff\xff\xff\xff\xff\xff\xff\xff\xff\xff\xff\xff\xff\xff\xff\xff\xff\xff\xff\xff\xff\xff\xff\xff\xff\xff\xff\xff\xff\xff\xff\xff\xff\xff\xff\xff\xff\xff\xff\xff\xff\xff\xff\xff\xff\xff\xff\xff\xff\xff\xff\xff\xff\xff\xff\xff\xff\xff\xff\xff\xff\xff\xff\xff\xff\xff\xff\xff\xff\xff\xff\xff\xff\xff\xff\xff\xff\xff\xff\xff\xff\xff\xff\xff\xff\xff\xff\xff\xff\xff\xff\xff\xff\xff\xff\xff\xff\xff\xff\xff\xff\xff\xff\xff\xff\xff\xff\xff\xff\xff\xff\xff\xff\xff\xff\xff\xff\xff\xff\xff\xff\xff\xff\xff\xff\xff\xff\xff\xff\xff\xff\xff\xff\xff\xff\xff\xff\xff\xff\xff\xff\xff\xff\xff\xff\xff\xff\xff\xff\xff\xff\xff\xff\xff\xff\xff\xff\xff\xff\xff\xff\x00\x00\x00\x00\x00\x00\x00\x00\x00\x00\x00\x00\xff\xff\xff\xff\xff\xff\xff\xff\xff\xff\xff\xff\xff\xff\xff\xff\xff\xff\xff\xff\xff\xff\xff\xff\xff\xff\xff\xff\xff\xff\xff\xff\xff\xff\xff\xff\xff\xff\xff\xff\xff\xff\xff\xff\xff\xff\xff\xff\xff\xff\xff\xff\xff\xff\xff\xff\xff\xff\xff\xff\xff\xff\xff\xff\xff\xff\xff\xff\xff\xff\xff\xff\xff\xff\xff\xff\xff\xff\xff\xff\xff\xff\xff\xff\xff\xff\xff\xff\xff\xff\xff\xff\xff\xff\xff\xff\xff\xff\xff\xff\xff\xff\xff\xff\xff\xff\xff\xff\xff\xff\xff\xff\xff\xff\xff\xff\xff\xff\xff\xff\xff\xff\xff\xff\xff\xff\xff\xff\xff\xff\xff\xff\xff\xff\xff\xff\xff\xff\xff\xff\xff\xff\xff\xff\xff\xff\xff\xff\xff\xff\xff\xff\xff\xff\xff\xff\xff\xff\xff\xff\xff\xff\xff\xff\xff\xff\xff\xff\xff\xff\xff\xff\xff\xff\xff\xff\xff\xff\xff\xff\xff\xff\xff\xff\xff\xff\xff\xff\xff\xff\xff\xff\xff\xff\xff\xff\xff\xff\xff\xff\xff\xff\xff\xff\x00\x00\x00\x00\x00\x00\x00\x00\x00\x00\x00\x00\xff\xff\xff\xff\xff\xff\xff\xff\xff\xff\xff\xff\xff\xff\xff\xff\xff\xff\xff\xff\xff\xff\xff\xff\xff\xff\xff\xff\xff\xff\xff\xff\xff\xff\xff\xff\xff\xff\xff\xff\xff\xff\xff\xff\xff\xff\xff\xff\xff\xff\xff\xff\xff\xff\xff\xff\xff\xff\xff\xff\xff\xff\xff\xff\xff\xff\xff\xff\xff\xff\xff\xff\xff\xff\xff\xff\xff\xff\xff\xff\xff\xff\xff\xff\xff\xff\xff\xff\xff\xff\xff\xff\xff\xff\xff\xff\xff\xff\xff\xff\xff\xff\xff\xff\xff\xff\xff\xff\xff\xff\xff\xff\xff\xff\xff\xff\xff\xff\xff\xff\xff\xff\xff\xff\xff\xff\xff\xff\xff\xff\xff\xff\xff\xff\xff\xff\xff\xff\xff\xff\xff\xff\xff\xff\xff\xff\xff\xff\xff\xff\xff\xff\xff\xff\xff\xff\xff\xff\xff\xff\xff\xff\xff\xff\xff\xff\xff\xff\xff\xff\xff\xff\xff\xff\xff\xff\xff\xff\xff\xff\xff\xff\xff\xff\xff\xff\xff\xff\xff\xff\xff\xff\x00\x00\x00\x00\x00\x00\x00\x00\x00\x00\x00\x00\xff\xff\xff\xff\xff\xff\xff\xff\xff\xff\xff\xff\x00\x00\x00\x00\x00\x00\x00\x00\x00\x00\x00\x00\xff\xff\xff\xff\xff\xff\xff\xff\xff\xff\xff\xff\xff\xff\xff\xff\xff\xff\xff\xff\xff\xff\xff\xff\xff\xff\xff\xff\xff\xff\xff\xff\xff\xff\xff\xff\xff\xff\xff\xff\xff\xff\xff\xff\xff\xff\xff\xff\xff\xff\xff\xff\xff\xff\xff\xff\xff\xff\xff\xff\xff\xff\xff\xff\xff\xff\xff\xff\xff\xff\xff\xff\xff\xff\xff\xff\xff\xff\xff\xff\xff\xff\xff\xff\xff\xff\xff\xff\xff\xff\xff\xff\xff\xff\xff\xff\xff\xff\xff\xff\xff\xff\xff\xff\xff\xff\xff\xff\xff\xff\xff\xff\xff\xff\xff\xff\xff\xff\xff\xff\xff\xff\xff\xff\xff\xff\xff\xff\xff\xff\xff\xff\xff\xff\xff\xff\xff\xff\xff\xff\xff\xff\xff\xff\xff\xff\xff\xff\xff\xff\xff\xff\xff\xff\xff\xff\xff\xff\xff\xff\xff\xff\xff\xff\xff\xff\xff\xff\xff\xff\xff\xff\xff\xff\xff\xff\xff\xff\xff\xff\x00\x00\x00\x00\x00\x00\x00\x00\x00\x00\x00\x00\xff\xff\xff\xff\xff\xff\xff\xff\xff\xff\xff\xff\x00\x00\x00\x00\x00\x00\x00\x00\x00\x00\x00\x00\xff\xff\xff\xff\xff\xff\xff\xff\xff\xff\xff\xff\xff\xff\xff\xff\xff\xff\xff\xff\xff\xff\xff\xff\xff\xff\xff\xff\xff\xff\xff\xff\xff\xff\xff\xff\xff\xff\xff\xff\xff\xff\xff\xff\xff\xff\xff\xff\xff\xff\xff\xff\xff\xff\xff\xff\xff\xff\xff\xff\xff\xff\xff\xff\xff\xff\xff\xff\xff\xff\xff\xff\xff\xff\xff\xff\xff\xff\xff\xff\xff\xff\xff\xff\xff\xff\xff\xff\xff\xff\xff\xff\xff\xff\xff\xff\xff\xff\xff\xff\xff\xff\xff\xff\xff\xff\xff\xff\xff\xff\xff\xff\xff\xff\xff\xff\xff\xff\xff\xff\xff\xff\xff\xff\xff\xff\xff\xff\xff\xff\xff\xff\xff\xff\xff\xff\xff\xff\xff\xff\xff\xff\xff\xff\xff\xff\xff\xff\xff\xff\xff\xff\xff\xff\xff\xff\xff\xff\xff\xff\xff\xff\xff\xff\xff\xff\xff\xff\xff\xff\xff\xff\xff\xff\xff\xff\xff\xff\xff\xff\x00\x00\x00\x00\x00\x00\x00\x00\x00\x00\x00\x00\xff\xff\xff\xff\xff\xff\xff\xff\xff\xff\xff\xff\x00\x00\x00\x00\x00\x00\x00\x00\x00\x00\x00\x00\xff\xff\xff\xff\xff\xff\xff\xff\xff\xff\xff\xff\xff\xff\xff\xff\xff\xff\xff\xff\xff\xff\xff\xff\xff\xff\xff\xff\xff\xff\xff\xff\xff\xff\xff\xff\xff\xff\xff\xff\xff\xff\xff\xff\xff\xff\xff\xff\xff\xff\xff\xff\xff\xff\xff\xff\xff\xff\xff\xff\xff\xff\xff\xff\xff\xff\xff\xff\xff\xff\xff\xff\xff\xff\xff\xff\xff\xff\xff\xff\xff\xff\xff\xff\xff\xff\xff\xff\xff\xff\xff\xff\xff\xff\xff\xff\xff\xff\xff\xff\xff\xff\xff\xff\xff\xff\xff\xff\xff\xff\xff\xff\xff\xff\xff\xff\xff\xff\xff\xff\xff\xff\xff\xff\xff\xff\xff\xff\xff\xff\xff\xff\xff\xff\xff\xff\xff\xff\xff\xff\xff\xff\xff\xff\xff\xff\xff\xff\xff\xff\xff\xff\xff\xff\xff\xff\xff\xff\xff\xff\xff\xff\xff\xff\xff\xff\xff\xff\xff\xff\xff\xff\xff\xff\xff\xff\xff\xff\xff\xff\x00\x00\x00\x00\x00\x00\x00\x00\x00\x00\x00\x00\xff\xff\xff\xff\xff\xff\xff\xff\xff\xff\xff\xff\x00\x00\x00\x00\x00\x00\x00\x00\x00\x00\x00\x00\xff\xff\xff\xff\xff\xff\xff\xff\xff\xff\xff\xff\xff\xff\xff\xff\xff\xff\xff\xff\xff\xff\xff\xff\xff\xff\xff\xff\xff\xff\xff\xff\xff\xff\xff\xff\xff\xff\xff\xff\xff\xff\xff\xff\xff\xff\xff\xff\xff\xff\xff\xff\xff\xff\xff\xff\xff\xff\xff\xff\xff\xff\xff\xff\xff\xff\xff\xff\xff\xff\xff\xff\xff\xff\xff\xff\xff\xff\xff\xff\xff\xff\xff\xff\xff\xff\xff\xff\xff\xff\xff\xff\xff\xff\xff\xff\xff\xff\xff\xff\xff\xff\xff\xff\xff\xff\xff\xff\xff\xff\xff\xff\xff\xff\xff\xff\xff\xff\xff\xff\xff\xff\xff\xff\xff\xff\xff\xff\xff\xff\xff\xff\xff\xff\xff\xff\xff\xff\xff\xff\xff\xff\xff\xff\xff\xff\xff\xff\xff\xff\xff\xff\xff\xff\xff\xff\xff\xff\xff\xff\xff\xff\xff\xff\xff\xff\xff\xff\x00\x00\x00\x00\x00\x00\x00\x00\x00\x00\x00\x00\xff\xff\xff\xff\xff\xff\xff\xff\xff\xff\xff\xff\xff\xff\xff\xff\xff\xff\xff\xff\xff\xff\xff\xff\xff\xff\xff\xff\xff\xff\xff\xff\xff\xff\xff\xff\x00\x00\x00\x00\x00\x00\x00\x00\x00\x00\x00\x00\xff\xff\xff\xff\xff\xff\xff\xff\xff\xff\xff\xff\xff\xff\xff\xff\xff\xff\xff\xff\xff\xff\xff\xff\xff\xff\xff\xff\xff\xff\xff\xff\xff\xff\xff\xff\xff\xff\xff\xff\xff\xff\xff\xff\xff\xff\xff\xff\xff\xff\xff\xff\xff\xff\xff\xff\xff\xff\xff\xff\xff\xff\xff\xff\xff\xff\xff\xff\xff\xff\xff\xff\xff\xff\xff\xff\xff\xff\xff\xff\xff\xff\xff\xff\xff\xff\xff\xff\xff\xff\xff\xff\xff\xff\xff\xff\xff\xff\xff\xff\xff\xff\xff\xff\xff\xff\xff\xff\xff\xff\xff\xff\xff\xff\xff\xff\xff\xff\xff\xff\xff\xff\xff\xff\xff\xff\xff\xff\xff\xff\xff\xff\xff\xff\xff\xff\xff\xff\xff\xff\xff\xff\xff\xff\xff\xff\xff\xff\xff\xff\xff\xff\xff\xff\xff\xff\x00\x00\x00\x00\x00\x00\x00\x00\x00\x00\x00\x00\xff\xff\xff\xff\xff\xff\xff\xff\xff\xff\xff\xff\xff\xff\xff\xff\xff\xff\xff\xff\xff\xff\xff\xff\xff\xff\xff\xff\xff\xff\xff\xff\xff\xff\xff\xff\x00\x00\x00\x00\x00\x00\x00\x00\x00\x00\x00\x00\xff\xff\xff\xff\xff\xff\xff\xff\xff\xff\xff\xff\xff\xff\xff\xff\xff\xff\xff\xff\xff\xff\xff\xff\xff\xff\xff\xff\xff\xff\xff\xff\xff\xff\xff\xff\xff\xff\xff\xff\xff\xff\xff\xff\xff\xff\xff\xff\xff\xff\xff\xff\xff\xff\xff\xff\xff\xff\xff\xff\xff\xff\xff\xff\xff\xff\xff\xff\xff\xff\xff\xff\xff\xff\xff\xff\xff\xff\xff\xff\xff\xff\xff\xff\xff\xff\xff\xff\xff\xff\xff\xff\xff\xff\xff\xff\xff\xff\xff\xff\xff\xff\xff\xff\xff\xff\xff\xff\xff\xff\xff\xff\xff\xff\xff\xff\xff\xff\xff\xff\xff\xff\xff\xff\xff\xff\xff\xff\xff\xff\xff\xff\xff\xff\xff\xff\xff\xff\xff\xff\xff\xff\xff\xff\xff\xff\xff\xff\xff\xff\xff\xff\xff\xff\xff\xff\x00\x00\x00\x00\x00\x00\x00\x00\x00\x00\x00\x00\xff\xff\xff\xff\xff\xff\xff\xff\xff\xff\xff\xff\xff\xff\xff\xff\xff\xff\xff\xff\xff\xff\xff\xff\xff\xff\xff\xff\xff\xff\xff\xff\xff\xff\xff\xff\x00\x00\x00\x00\x00\x00\x00\x00\x00\x00\x00\x00\xff\xff\xff\xff\xff\xff\xff\xff\xff\xff\xff\xff\xff\xff\xff\xff\xff\xff\xff\xff\xff\xff\xff\xff\xff\xff\xff\xff\xff\xff\xff\xff\xff\xff\xff\xff\xff\xff\xff\xff\xff\xff\xff\xff\xff\xff\xff\xff\xff\xff\xff\xff\xff\xff\xff\xff\xff\xff\xff\xff\xff\xff\xff\xff\xff\xff\xff\xff\xff\xff\xff\xff\xff\xff\xff\xff\xff\xff\xff\xff\xff\xff\xff\xff\xff\xff\xff\xff\xff\xff\xff\xff\xff\xff\xff\xff\xff\xff\xff\xff\xff\xff\xff\xff\xff\xff\xff\xff\xff\xff\xff\xff\xff\xff\xff\xff\xff\xff\xff\xff\xff\xff\xff\xff\xff\xff\xff\xff\xff\xff\xff\xff\xff\xff\xff\xff\xff\xff\xff\xff\xff\xff\xff\xff\xff\xff\xff\xff\xff\xff\xff\xff\xff\xff\xff\xff\x00\x00\x00\x00\x00\x00\x00\x00\x00\x00\x00\x00\xff\xff\xff\xff\xff\xff\xff\xff\xff\xff\xff\xff\xff\xff\xff\xff\xff\xff\xff\xff\xff\xff\xff\xff\xff\xff\xff\xff\xff\xff\xff\xff\xff\xff\xff\xff\x00\x00\x00\x00\x00\x00\x00\x00\x00\x00\x00\x00\xff\xff\xff\xff\xff\xff\xff\xff\xff\xff\xff\xff\xff\xff\xff\xff\xff\xff\xff\xff\xff\xff\xff\xff\xff\xff\xff\xff\xff\xff\xff\xff\xff\xff\xff\xff\xff\xff\xff\xff\xff\xff\xff\xff\xff\xff\xff\xff\xff\xff\xff\xff\xff\xff\xff\xff\xff\xff\xff\xff\xff\xff\xff\xff\xff\xff\xff\xff\xff\xff\xff\xff\xff\xff\xff\xff\xff\xff\xff\xff\xff\xff\xff\xff\xff\xff\xff\xff\xff\xff\xff\xff\xff\xff\xff\xff\xff\xff\xff\xff\xff\xff\xff\xff\xff\xff\xff\xff\xff\xff\xff\xff\xff\xff\xff\xff\xff\xff\xff\xff\xff\xff\xff\xff\xff\xff\xff\xff\xff\xff\xff\xff\xff\xff\xff\xff\xff\xff\xff\xff\xff\xff\xff\xff\xff\xff\xff\xff\xff\xff\xff\xff\xff\xff\xff\xff\xff\xff\xff\xff\xff\xff\xff\xff\xff\xff\xff\xff\xff\xff\xff\xff\xff\xff\xff\xff\xff\xff\xff\xff\xff\xff\xff\xff\xff\xff\xff\xff\xff\xff\xff\xff\xff\xff\xff\xff\xff\xff\xff\xff\xff\xff\xff\xff\xff\xff\xff\xff\xff\xff\xff\xff\xff\xff\xff\xff\xff\xff\xff\xff\xff\xff\xff\xff\xff\xff\xff\xff\xff\xff\xff\xff\xff\xff\xff\xff\xff\xff\xff\xff\xff\xff\xff\xff\xff\xff\xff\xff\xff\xff\xff\xff\xff\xff\xff\xff\xff\xff\xff\xff\xff\xff\xff\xff\xff\xff\xff\xff\xff\xff\xff\xff\xff\xff\xff\xff\xff\xff\xff\xff\xff\xff\xff\xff\xff\xff\xff\xff\xff\xff\xff\xff\xff\xff\xff\xff\xff\xff\xff\xff\xff\xff\xff\xff\xff\xff\xff\xff\xff\xff\xff\xff\xff\xff\xff\xff\xff\xff\xff\xff\xff\xff\xff\xff\xff\xff\xff\xff\xff\xff\xff\xff\xff\xff\xff\xff\xff\xff\xff\xff\xff\xff\xff\xff\xff\xff\xff\xff\xff\xff\xff\xff\xff\xff\xff\xff\xff\xff\xff\xff\xff\xff\xff\xff\xff\xff\xff\xff\xff\xff\xff\xff\xff\xff\xff\xff\xff\xff\xff\xff\xff\xff\xff\xff\xff\xff\xff\xff\xff\xff\xff\xff\xff\xff\xff\xff\xff\xff\xff\xff\xff\xff\xff\xff\xff\xff\xff\xff\xff\xff\xff\xff\xff\xff\xff\xff\xff\xff\xff\xff\xff\xff\xff\xff\xff\xff\xff\xff\xff\xff\xff\xff\xff\xff\xff\xff\xff\xff\xff\xff\xff\xff\xff\xff\xff\xff\xff\xff\xff\xff\xff\xff\xff\xff\xff\xff\xff\xff\xff\xff\xff\xff\xff\xff\xff\xff\xff\xff\xff\xff\xff\xff\xff\xff\xff\xff\xff\xff\xff\xff\xff\xff\xff\xff\xff\xff\xff\xff\xff\xff\xff\xff\xff\xff\xff\xff\xff\xff\xff\xff\xff\xff\xff\xff\xff\xff\xff\xff\xff\xff\xff\xff\xff\xff\xff\xff\xff\xff\xff\xff\xff\xff\xff\xff\xff\xff\xff\xff\xff\xff\xff\xff\xff\xff\xff\xff\xff\xff\xff\xff\xff\xff\xff\xff\xff\xff\xff\xff\xff\xff\xff\xff\xff\xff\xff\xff\xff\xff\xff\xff\xff\xff\xff\xff\xff\xff\xff\xff\xff\xff\xff\xff\xff\xff\xff\xff\xff\xff\xff\xff\xff\xff\xff\xff\xff\xff\xff\xff\xff\xff\xff\xff\xff\xff\xff\xff\xff\xff\xff\xff\xff\xff\xff\xff\xff\xff\xff\xff\xff\xff\xff\xff\xff\xff\xff\xff\xff\xff\xff\xff\xff\xff\xff\xff\xff\xff\xff\xff\xff\xff\xff\xff\xff\xff\xff\xff\xff\xff\xff\xff\xff\xff\xff\xff\xff\xff\xff\xff\xff\xff\xff\xff\xff\xff\xff\xff\xff\xff\xff\xff\xff\xff\xff\xff\xff\xff\xff\xff\xff\xff\xff\xff\xff\xff\xff\xff\xff\xff\xff\xff\xff\xff\xff\xff\xff\xff\xff\xff\xff\xff\xff\xff\xff\xff\xff\xff\xff\xff\xff\xff\xff\xff\xff\xff\xff\xff\xff\xff\xff\xff\xff\xff\xff\xff\xff\xff\xff\xff\xff\xff\xff\xff\xff\xff\xff\xff\xff\xff\xff\xff\xff\xff\xff\xff\xff\xff\xff\xff\xff\xff\xff\xff\xff\xff\xff\xff\xff\xff\xff\xff\xff\xff\xff\xff\xff\xff\xff\xff\xff\xff\xff\xff\xff\xff\xff\xff\xff\xff\xff\xff\xff\xff\xff\xff\xff\xff\xff\xff\xff\xff\xff\xff\xff\xff\xff\xff\xff\xff\xff\xff\xff\xff\xff\xff\xff\xff\xff\xff\xff\xff\xff\xff\xff\xff\xff\xff\xff\xff\xff\xff\xff\xff\xff\xff\xff\xff\xff\xff\xff\xff\xff\xff\xff\xff\xff\xff\xff\xff\xff\xff\xff\xff\xff\xff\xff\xff\xff\xff\xff\xff\xff\xff\xff\xff\xff\xff\xff\xff\xff\xff\xff\xff\xff\xff\xff\xff\xff\xff\xff\xff\xff\xff\xff\xff\xff\xff\xff\xff\xff\xff\xff\xff\xff\xff\xff\xff\xff\xff\xff\xff\xff\xff\xff\xff\xff\xff\xff\xff\xff\xff\xff\xff\xff\xff\xff\xff\xff\xff\xff\xff\xff\xff\xff\xff\xff\xff\xff\xff\xff\xff\xff\xff\xff\xff\xff\xff\xff\xff\xff\xff\xff\xff\xff\xff\xff\xff\xff\xff\xff\xff\xff\xff\xff\xff\xff\xff\xff\xff\xff\xff\xff\xff\xff\xff\xff\xff\xff\xff\xff\xff\xff\xff\xff\xff\xff\xff\xff\xff\xff\xff\xff\xff\xff\xff\xff\xff\xff\xff\xff\xff\xff\xff\xff\xff\xff\xff\xff\xff\xff\xff\xff\xff\xff\xff\xff\xff\xff\xff\xff\xff\xff\xff\xff\xff\xff\xff\xff\xff\xff\xff\xff\xff\xff\xff\xff\xff\xff\xff\xff\xff\xff\xff\xff\xff\xff\xff\xff\xff\xff\xff\xff\xff\xff\xff\xff\xff\xff\xff\xff\xff\xff\xff\xff\xff\xff\xff\xff\xff\xff\xff\xff\xff\xff\xff\xff\xff\xff\xff\xff\xff\xff\xff\xff\xff\xff\xff\xff\xff\xff\xff\xff\xff\xff\xff\xff\xff\xff\xff\xff\xff\xff\xff\xff\xff\xff\xff\xff\xff\xff\xff\xff\xff\xff\xff\xff\xff\xff\xff\xff\xff\xff\xff\xff\xff\xff\xff\xff\xff\xff\xff\xff\xff\xff\xff\xff\xff\xff\xff\xff\xff\xff\xff\xff\xff\xff\xff\xff\xff\xff\xff\xff\xff\xff\xff\xff\xff\xff\xff\xff\xff\xff\xff\xff\xff\xff\xff\xff\xff\xff\xff\xff\xff\xff\xff\xff\xff\xff\xff\xff\xff\xff\xff\xff\xff\xff\xff\xff\xff\xff\xff\xff\xff\xff\xff\xff\xff\xff\xff\xff\xff\xff\xff\xff\xff\xff\xff\xff\xff\xff\xff\xff\xff\xff\xff\xff\xff\xff\xff\xff\xff\xff\xff\xff\xff\xff\xff\xff\xff\xff\xff\xff\xff\xff\xff\xff\xff\xff\xff\xff\xff\xff\xff\xff\xff\xff\xff\xff\xff\xff\xff\xff\xff\xff\xff\xff\xff\xff\xff\xff\xff\xff\xff\xff\xff\xff\xff\xff\xff\xff\xff\xff\xff\xff\xff\xff\xff\xff\xff\xff\xff\xff\xff\xff\xff\xff\xff\xff\xff\xff\xff\xff\xff\xff\xff\xff\xff\xff\xff\xff\xff\xff\xff\xff\xff\xff\xff\xff\xff\xff\xff\xff\xff\xff\xff\xff\xff\xff\xff\xff\xff\xff\xff\xff\xff\xff\xff\xff\xff\xff\xff\xff\xff\xff\xff\xff\xff\xff\xff\xff\xff\xff\xff\xff\xff\xff\xff\xff\xff\xff\xff\xff\xff\xff\xff\xff\xff\xff\xff\xff\xff\xff\xff\xff\xff\xff\xff\xff\xff\xff\xff\xff\xff\xff\xff\xff\xff\xff\xff\xff\xff\xff\xff\xff\xff\xff\xff\xff\xff\xff\xff\xff\xff\xff\xff\xff\xff\xff\xff\xff\xff\xff\xff\xff\xff\xff\xff\xff\xff\xff\xff\xff\xff\xff\xff\xff\xff\xff\xff\xff\xff\xff\xff\xff\xff\xff\xff\xff\xff\xff\xff\xff\xff\xff\xff\xff\xff\xff\xff\xff\xff\xff\xff\xff\xff\xff\xff\xff\xff\xff\xff\xff\xff\xff\xff\xff\xff\xff\xff\xff\xff\xff\xff\xff\xff\xff\xff\xff\xff\xff\xff\xff\xff\xff\xff\xff\xff\xff\xff\xff\xff\xff\xff\xff\xff\xff\xff\xff\xff\xff\xff\xff\xff\xff\xff\xff\xff\xff\xff\xff\xff\xff\xff\xff\xff\xff\xff\xff\xff\xff\xff\xff\xff\xff\xff\xff\xff\xff\xff\xff\xff\xff\xff\xff\xff\xff\xff\xff\xff\xff\xff\xff\xff\xff\xff\xff\xff\xff\xff\xff\xff\xff\xff\xff\xff\xff\xff\xff\xff\xff\xff\xff\xff\xff\xff\xff\xff\xff\xff\xff\xff\xff\xff\xff\xff\xff\xff\xff\xff\xff\xff\xff\xff\xff\xff\xff\xff\xff\xff\xff\xff\xff\xff\xff\xff\xff\xff\xff\xff\xff\xff\xff\xff\xff\xff\xff\xff\xff\xff\xff\xff\xff\xff\xff\xff\xff\xff\xff\xff\xff\xff\xff\xff\xff\xff\xff\xff\xff\xff\xff\xff\xff\xff\xff\xff\xff\xff\xff\xff\xff\xff\xff\xff\xff\xff\xff\xff\xff\xff\xff\xff\xff\xff\xff\xff\xff\xff\xff\xff\xff\xff\xff\xff\xff\xff\xff\xff\xff\xff\xff\xff\xff\xff\xff\xff\xff\xff\xff\xff\xff\xff\xff\xff\xff\xff\xff\xff\xff\xff\xff\xff\xff\xff\xff\xff\xff\xff\xff\xff\xff\xff\xff\xff\xff\xff\xff\xff\xff\xff\xff\xff\xff\xff\xff\xff\xff\xff\xff\xff\xff\xff\xff\xff\xff\xff\xff\xff\xff\xff\xff\xff\xff\xff\xff\xff\xff\xff\xff\xff\xff\xff\xff\xff\xff\xff\xff\xff\xff\xff\xff\xff\xff\xff\xff\xff\xff\xff\xff\xff\xff\xff\xff\xff\xff\xff\xff\xff\xff\xff\xff\xff\xff\xff\xff\xff\xff\xff\xff\xff\xff\xff\xff\xff\xff\xff\xff\xff\xff\xff\xff\xff\xff\xff\xff\xff\xff\xff\xff\xff\xff\xff\xff\xff\xff\xff\xff\xff\xff\xff\xff\xff\xff\xff\xff\xff\xff\xff\xff\xff\xff\xff\xff\xff\xff\xff\xff\xff\xff\xff\xff\xff\xff\xff\xff\xff\xff\xff\xff\xff\xff\xff\xff\xff\xff\xff\xff\xff\xff\xff\xff\xff\xff\xff\xff\xff\xff\xff\xff\xff\xff\xff\xff\xff\xff\xff\xff\xff\xff\xff\xff\xff\xff\xff\xff\xff\xff\xff\xff\xff\xff\xff\xff\xff\xff\xff\xff\xff\xff\xff\xff\xff\xff\xff\xff\xff\xff\xff\xff\xff\xff\xff\xff\xff\xff\xff\xff\xff\xff\xff\xff\xff\xff\xff\xff\xff\xff\xff\xff\xff\xff\xff\xff\xff\xff\xff\xff\xff\xff\xff\xff\xff\xff\xff\xff\xff\xff\xff\xff\xff\xff\xff\xff\xff\xff\xff\xff\xff\xff\xff\xff\xff\xff\xff\xff\xff\xff\xff\xff\xff\xff\xff\xff\xff\xff\xff\xff\xff\xff\xff\xff\xff\xff\xff\xff\xff\xff\xff\xff\xff\xff\xff\xff\xff\xff\xff\xff\xff\xff\xff\xff\xff\xff\xff\xff\xff\xff\xff\xff\xff\xff\xff\xff\xff\xff\xff\xff\xff\xff\xff\xff\xff\xff\xff\xff\xff\xff\xff\xff\xff\xff\xff\xff\xff\xff\xff\xff\xff\xff\xff\xff\xff\xff\xff\xff\xff\xff\xff\xff\xff\xff\xff\xff\xff\xff\xff\xff\xff\xff\xff\xff\xff\xff\xff\xff\xff\xff\xff\xff\xff\xff\xff\xff\xff\xff\xff\xff\xff\xff\xff\xff\xff\xff\xff\xff\xff\xff\xff\xff\xff\xff\xff\xff\xff\xff\xff\xff\xff\xff\xff\xff\xff\xff\xff\xff\xff\xff\xff\xff\xff\xff\xff\xff\xff\xff\xff\xff\xff\xff\xff\xff\xff\xff\xff\xff\xff\xff\xff\xff\xff\xff\xff\xff\xff\xff\xff\xff\xff\xff\xff\xff\xff\xff\xff\xff\xff\xff\xff\xff\xff\xff\xff\xff\xff\xff\xff\xff\xff\xff\xff\xff\xff\xff\xff\xff\xff\xff\xff\xff\xff\xff\xff\xff\xff\xff\xff\xff\xff\xff\xff\xff\xff\xff\xff\xff\xff\xff\xff\xff\xff\xff\xff\xff\xff\xff\xff\xff\xff\xff\xff\xff\xff\xff\xff\xff\xff\xff\xff\xff\xff\xff\xff\xff\xff\xff\xff\xff\xff\xff\xff\xff\xff\xff\xff\xff\xff\xff\xff\xff\xff\xff\xff\xff\xff\xff\xff\xff\xff\xff\xff\xff\xff\xff\xff\xff\xff\xff\xff\xff\xff\xff\xff\xff\xff\xff\xff\xff\xff\xff\xff\xff\xff\xff\xff\xff\xff\xff\xff\xff\xff\xff\xff\xff\xff\xff\xff\xff\xff\xff\xff\xff\xff\xff\xff\xff\xff\xff\xff\xff\xff\xff\xff\xff\xff\xff\xff\xff\xff\xff\xff\xff\xff\xff\xff\xff\xff\xff\xff\xff\xff\xff\xff\xff\xff\xff\xff\xff\xff\xff\xff\xff\xff\xff\xff\xff\xff\xff\xff\xff\xff\xff\xff\xff\xff\xff\xff\xff\xff\xff\xff\xff\xff\xff\xff\xff\xff\xff\xff\xff\xff\xff\xff\xff\xff\xff\xff\xff\xff\xff\xff\xff\xff\xff\xff\xff\xff\xff\xff\xff\xff\xff\xff\xff\xff\xff\xff\xff\xff\xff\xff\xff\xff\xff\xff\xff\xff\xff\xff\xff\xff\xff\xff\xff\xff\xff\xff\xff\xff\xff\xff\xff\xff\xff\xff\xff\xff\xff\xff\xff\xff\xff\xff\xff\xff\xff\xff\xff\xff\xff\xff\xff\xff\xff\xff\xff\xff\xff\xff\xff\xff\xff\xff\xff\xff\xff\xff\xff\xff\xff\xff\xff\xff\xff\xff\xff\xff\xff\xff\xff\xff\xff\xff\xff\xff\xff\xff\xff\xff\xff\xff\xff\xff\xff\xff\xff\xff\xff\xff\xff\xff\xff\xff\xff\xff\xff\xff\xff\xff\xff\xff\xff\xff\xff\xff\xff\xff\xff\xff\xff\xff\xff\xff\xff\xff\xff\xff\xff\xff\xff\xff\xff\xff\xff\xff\xff\xff\xff\xff\xff\xff\xff\xff\xff\xff\xff\xff\xff\xff\xff\xff\xff\xff\xff\xff\xff\xff\xff\xff\xff\xff\xff\xff\xff\xff\xff\xff\xff\xff\xff\xff\xff\xff\xff\xff\xff\xff\xff\xff\xff\xff\xff\xff\xff\xff\xff\xff\xff\xff\xff\xff\xff\xff\xff\xff\xff\xff\xff\xff\xff\xff\xff\xff\xff\xff\xff\xff\xff\xff\xff\xff\xff\xff\xff\xff\xff\xff\xff\xff\xff\xff\xff\xff\xff\xff\xff\xff\xff\xff\xff\xff\xff\xff\xff\xff\xff\xff\xff\xff\xff\xff\xff\xff\xff\xff\xff\xff\xff\xff\xff\xff\xff\xff\xff\xff\xff\xff\xff\xff\xff\xff\xff\xff\xff\xff\xff\xff\xff\xff\xff\xff\xff\xff\xff\xff\xff\xff\xff\xff\xff\xff\xff\xff\xff\xff\xff\xff\xff\xff\xff\xff\xff\xff\xff\xff\xff\xff\xff\xff\xff\xff\xff\xff\xff\xff\xff\xff\xff\xff\xff\xff\xff\xff\xff\xff\xff\xff\xff\xff\xff\xff\xff\xff\xff\xff\xff\xff\xff\xff\xff\xff\xff\xff\xff\xff\xff\xff\xff\xff\xff\xff\xff\xff\xff\xff\xff\xff\xff\xff\xff\xff\xff\xff\xff\xff\xff\xff\xff\xff\xff\xff\xff\xff\xff\xff\xff\xff\xff\xff\xff\xff\xff\xff\xff\xff\xff\xff\xff\xff\xff\xff\xff\xff\xff\xff\xff\xff\xff\xff\xff\xff\xff\xff\xff\xff\xff\xff\xff\xff\xff\xff\xff\xff\xff\xff\xff\xff\nendstream\nendobj\n5 0 obj\n<< /Type /Page /Parent 2 0 R /MediaBox [0 0 612 792] /Resources << /Font << /F1 3 0 R >> /XObject << /Im1 4 0 R >> >> /Contents 6 0 R >>\nendobj\n6 0 obj\n<< /Length 228 >>\nstream\nBT /F1 12 Tf 50 740 Td (PDF page one alpha.) Tj ET\nBT /F1 12 Tf 50 650 Td (Left column line one) Tj 0 -20 Td (Left column line two) Tj ET\nBT /F1 12 Tf 330 650 Td (Right column line one) Tj 0 -20 Td (Right column line two) Tj ET\n\nendstream\nendobj\n7 0 obj\n<< /Type /Page /Parent 2 0 R /MediaBox [0 0 612 792] /Resources << /Font << /F1 3 0 R >> /XObject << /Im1 4 0 R >> >> /Contents 8 0 R >>\nendobj\n8 0 obj\n<< /Length 183 >>\nstream\nBT /F1 12 Tf 50 740 Td (PDF page two beta.) Tj ET\n50 580 300 60 re S\n200 580 m 200 640 l S\nBT /F1 12 Tf 70 610 Td (Cell A) Tj 170 0 Td (Cell B) Tj ET\nq 144 0 0 96 50 450 cm /Im1 Do Q\n\nendstream\nendobj\nxref\n0 9\n0000000000 65535 f \n0000000015 00000 n \n0000000064 00000 n \n0000000127 00000 n \n0000000197 00000 n \n0000010713 00000 n \n0000010865 00000 n \n0000011144 00000 n \n0000011296 00000 n \ntrailer\n<< /Size 9 /Root 1 0 R >>\nstartxref\n11530\n%%EOF\n-pdf] - AssertionError: assert 'EXTRACTION_E...T_UNAVAILABLE' == 'EXTRACTION_BUDGET_EXCEEDED'
2026-09-14T12:21:15.5656291Z   
2026-09-14T12:21:15.5656545Z   - EXTRACTION_BUDGET_EXCEEDED
2026-09-14T12:21:15.5656778Z   + EXTRACTION_ENVIRONMENT_UNAVAILABLE
2026-09-14T12:21:15.5669800Z FAILED tests/unit/test_document_extraction.py::test_explicit_source_and_text_budgets_can_be_lowered_then_raised[PK\x03\x04\x14\x00\x00\x00\x00\x00\x00\x00!\x00\xa4\xa1N6\xa8\x01\x00\x00\xa8\x01\x00\x00\x13\x00\x00\x00[Content_Types].xml<Types xmlns="http://schemas.openxmlformats.org/package/2006/content-types"><Default Extension="rels" ContentType="application/vnd.openxmlformats-package.relationships+xml"/><Default Extension="xml" ContentType="application/xml"/><Default Extension="png" ContentType="image/png"/><Override PartName="/word/document.xml" ContentType="application/vnd.openxmlformats-officedocument.wordprocessingml.document.main+xml"/></Types>PK\x03\x04\x14\x00\x00\x00\x00\x00\x00\x00!\x00\xdd\xa3$\xf7\xf7\x00\x00\x00\xf7\x00\x00\x00\x0b\x00\x00\x00_rels/.rels<Relationships xmlns="http://schemas.openxmlformats.org/package/2006/relationships"><Relationship Id="rDocument" Type="http://schemas.openxmlformats.org/officeDocument/2006/relationships/officeDocument" Target="word/document.xml"/></Relationships>PK\x03\x04\x14\x00\x00\x00\x00\x00\x00\x00!\x00Wk\xf6j\xd6\x04\x00\x00\xd6\x04\x00\x00\x11\x00\x00\x00word/document.xml<?xml version="1.0" encoding="UTF-8"?>\n<w:document xmlns:w="http://schemas.openxmlformats.org/wordprocessingml/2006/main" xmlns:r="http://schemas.openxmlformats.org/officeDocument/2006/relationships" xmlns:m="http://schemas.openxmlformats.org/officeDocument/2006/math" xmlns:wp="http://schemas.openxmlformats.org/drawingml/2006/wordprocessingDrawing" xmlns:a="http://schemas.openxmlformats.org/drawingml/2006/main">\n<w:body>\n<w:p><w:pPr><w:pStyle w:val="Heading1"/></w:pPr><w:r><w:t>Synthetic DOCX</w:t></w:r></w:p>\n<w:p><w:r><w:t>DOCX paragraph alpha</w:t></w:r></w:p>\n<w:tbl><w:tr><w:tc><w:p><w:r><w:t>Cell A</w:t></w:r></w:p></w:tc><w:tc><w:p><w:r><w:t>Cell B</w:t></w:r></w:p></w:tc></w:tr></w:tbl>\n<w:p><m:oMath><m:f><m:num><m:r><m:t>x</m:t></m:r></m:num><m:den><m:r><m:t>2</m:t></m:r></m:den></m:f></m:oMath></w:p>\n<w:p><w:r><w:drawing><wp:anchor><a:graphic><a:graphicData><a:blip r:embed="rImage"/></a:graphicData></a:graphic></wp:anchor></w:drawing></w:r></w:p>\n<w:p><w:hyperlink r:id="rLink"><w:r><w:t>External reference</w:t></w:r></w:hyperlink><w:r><w:drawing><wp:inline><a:graphic><a:graphicData><a:blip r:link="rRemoteImage"/></a:graphicData></a:graphic></wp:inline></w:drawing></w:r></w:p>\n<w:sectPr/>\n</w:body></w:document>PK\x03\x04\x14\x00\x00\x00\x00\x00\x00\x00!\x00+\xd4\xf6fT\x02\x00\x00T\x02\x00\x00\x1c\x00\x00\x00word/_rels/document.xml.rels<Relationships xmlns="http://schemas.openxmlformats.org/package/2006/relationships"><Relationship Id="rImage" Type="http://schemas.openxmlformats.org/officeDocument/2006/relationships/image" Target="media/synthetic.png"/><Relationship Id="rLink" Type="http://schemas.openxmlformats.org/officeDocument/2006/relationships/hyperlink" Target="https://example.invalid/reference" TargetMode="External"/><Relationship Id="rRemoteImage" Type="http://schemas.openxmlformats.org/officeDocument/2006/relationships/image" Target="https://example.invalid/private-image" TargetMode="External"/></Relationships>PK\x03\x04\x14\x00\x00\x00\x00\x00\x00\x00!\x00N\xee\x14C\xe0\x00\x00\x00\xe0\x00\x00\x00\x18\x00\x00\x00word/media/synthetic.png\x89PNG\r\n\x1a\n\x00\x00\x00\rIHDR\x00\x00\x00H\x00\x00\x000\x08\x02\x00\x00\x00=\xfe\xab\xbc\x00\x00\x00\xa7IDATx\x9c\xed\x96A\x0e\x80 \x0c\x04\xfb\xffO\xeb\xcd\x84\xc4b\xd1\xaeP2s\xa5\xecv.\x8a\x1d\x9bb\xb3\x17P\x81X5\xe4b\x16@\xd2\xab\x08m\n\x10K\xeeU\x846\x05\xbb\x8a\xb9\xc5\x88\xbd\xccW\x84\x86\x8a\x11{\x99\xaf\x08m\nv\xfdx \x96\xdd\xab\x08m\nV\x13\x1b-\xf6\xe6\xd5\x02\xee>\xee\x01b\xfdy\xc4\x92\x91/m\x01\xbeJ\xdc\xf6\x86\x86\x10\xeb\xdfE,\x81\xe1P\xf5BY v]@l.%\x7f\xbe\x11\x10Cl\x11\xe4\x8f\xe0Y \xf6\x18\x84\xd8?,\xb1\x84\x02\xc4\xaa\x81X5\x10\xab\x06b\xd5@\xac\x1a\xdb\x8a\x9d:\xce\x9d]u\x8d0\xdb\x00\x00\x00\x00IEND\xaeB`\x82PK\x01\x02\x14\x03\x14\x00\x00\x00\x00\x00\x00\x00!\x00\xa4\xa1N6\xa8\x01\x00\x00\xa8\x01\x00\x00\x13\x00\x00\x00\x00\x00\x00\x00\x00\x00\x00\x00\x80\x01\x00\x00\x00\x00[Content_Types].xmlPK\x01\x02\x14\x03\x14\x00\x00\x00\x00\x00\x00\x00!\x00\xdd\xa3$\xf7\xf7\x00\x00\x00\xf7\x00\x00\x00\x0b\x00\x00\x00\x00\x00\x00\x00\x00\x00\x00\x00\x80\x01\xd9\x01\x00\x00_rels/.relsPK\x01\x02\x14\x03\x14\x00\x00\x00\x00\x00\x00\x00!\x00Wk\xf6j\xd6\x04\x00\x00\xd6\x04\x00\x00\x11\x00\x00\x00\x00\x00\x00\x00\x00\x00\x00\x00\x80\x01\xf9\x02\x00\x00word/document.xmlPK\x01\x02\x14\x03\x14\x00\x00\x00\x00\x00\x00\x00!\x00+\xd4\xf6fT\x02\x00\x00T\x02\x00\x00\x1c\x00\x00\x00\x00\x00\x00\x00\x00\x00\x00\x00\x80\x01\xfe\x07\x00\x00word/_rels/document.xml.relsPK\x01\x02\x14\x03\x14\x00\x00\x00\x00\x00\x00\x00!\x00N\xee\x14C\xe0\x00\x00\x00\xe0\x00\x00\x00\x18\x00\x00\x00\x00\x00\x00\x00\x00\x00\x00\x00\x80\x01\x8c\n\x00\x00word/media/synthetic.pngPK\x05\x06\x00\x00\x00\x00\x05\x00\x05\x00I\x01\x00\x00\xa2\x0b\x00\x00\x00\x00-docx] - AssertionError: assert 'EXTRACTION_E...T_UNAVAILABLE' == 'EXTRACTION_BUDGET_EXCEEDED'
2026-09-14T12:21:15.5670055Z   
2026-09-14T12:21:15.5670338Z   - EXTRACTION_BUDGET_EXCEEDED
2026-09-14T12:21:15.5670484Z   + EXTRACTION_ENVIRONMENT_UNAVAILABLE
2026-09-14T12:21:15.5671164Z FAILED tests/unit/test_document_extraction.py::test_docx_file_expansion_and_compression_budgets_are_real_and_configurable - AssertionError: assert 'EXTRACTION_E...T_UNAVAILABLE' == 'EXTRACTION_BUDGET_EXCEEDED'
2026-09-14T12:21:15.5671274Z   
2026-09-14T12:21:15.5671441Z   - EXTRACTION_BUDGET_EXCEEDED
2026-09-14T12:21:15.5671622Z   + EXTRACTION_ENVIRONMENT_UNAVAILABLE
2026-09-14T12:21:15.5672162Z FAILED tests/unit/test_document_extraction.py::test_docx_unsafe_xml_in_an_omitted_part_still_fails_closed - AssertionError: assert 'EXTRACTION_E...T_UNAVAILABLE' == 'DOCX_XML_UNSAFE'
2026-09-14T12:21:15.5672302Z   
2026-09-14T12:21:15.5672419Z   - DOCX_XML_UNSAFE
2026-09-14T12:21:15.5672809Z   + EXTRACTION_ENVIRONMENT_UNAVAILABLE
2026-09-14T12:21:15.5673853Z FAILED tests/unit/test_document_extraction.py::test_docx_hidden_deleted_and_field_instruction_text_does_not_become_public_body - services.api.app.application.import_parse_types.ImportParsingError: 文档隔离提取未完成；原件已保留，请查看定位诊断或修正提取环境。
2026-09-14T12:21:15.5800512Z FAILED tests/unit/test_document_extraction.py::test_hidden_style_cascade_cannot_expose_text_to_public_preview[<w:style w:type="character" w:styleId="Secret"><w:rPr><w:vanish/></w:rPr></w:style>] - AssertionError: assert 'EXTRACTION_E...T_UNAVAILABLE' == 'DOCX_HIDDEN_...E_UNSUPPORTED'
2026-09-14T12:21:15.5800733Z   
2026-09-14T12:21:15.5800928Z   - DOCX_HIDDEN_STYLE_UNSUPPORTED
2026-09-14T12:21:15.5801079Z   + EXTRACTION_ENVIRONMENT_UNAVAILABLE
2026-09-14T12:21:15.5802543Z FAILED tests/unit/test_document_extraction.py::test_hidden_style_cascade_cannot_expose_text_to_public_preview[<w:style w:type="paragraph" w:styleId="Base"><w:rPr><w:vanish/></w:rPr></w:style><w:style w:type="paragraph" w:styleId="Derived"><w:basedOn w:val="Base"/></w:style>] - AssertionError: assert 'EXTRACTION_E...T_UNAVAILABLE' == 'DOCX_HIDDEN_...E_UNSUPPORTED'
2026-09-14T12:21:15.5802660Z   
2026-09-14T12:21:15.5802852Z   - DOCX_HIDDEN_STYLE_UNSUPPORTED
2026-09-14T12:21:15.5803009Z   + EXTRACTION_ENVIRONMENT_UNAVAILABLE
2026-09-14T12:21:15.5804181Z FAILED tests/unit/test_document_extraction.py::test_hidden_style_cascade_cannot_expose_text_to_public_preview[<w:docDefaults><w:rPrDefault><w:rPr><w:vanish/></w:rPr></w:rPrDefault></w:docDefaults>] - AssertionError: assert 'EXTRACTION_E...T_UNAVAILABLE' == 'DOCX_HIDDEN_...E_UNSUPPORTED'
2026-09-14T12:21:15.5804294Z   
2026-09-14T12:21:15.5804430Z   - DOCX_HIDDEN_STYLE_UNSUPPORTED
2026-09-14T12:21:15.5804573Z   + EXTRACTION_ENVIRONMENT_UNAVAILABLE
2026-09-14T12:21:15.5805655Z FAILED tests/unit/test_document_extraction.py::test_required_content_type_is_real_docx_and_never_a_macro_document[<bogus/>] - AssertionError: assert 'EXTRACTION_ENVIRONMENT_UNAVAILABLE' in {'DOCX_CONTENT_TYPE_INVALID', 'DOCX_MACRO_UNSUPPORTED'}
2026-09-14T12:21:15.5806383Z  +  where 'EXTRACTION_ENVIRONMENT_UNAVAILABLE' = ImportParsingError('文档隔离提取未完成；原件已保留，请查看定位诊断或修正提取环境。').code
2026-09-14T12:21:15.5807467Z  +    where ImportParsingError('文档隔离提取未完成；原件已保留，请查看定位诊断或修正提取环境。') = <ExceptionInfo ImportParsingError('文档隔离提取未完成；原件已保留，请查看定位诊断或修正提取环境。') tblen=3>.value
2026-09-14T12:21:15.5808607Z FAILED tests/unit/test_document_extraction.py::test_required_content_type_is_real_docx_and_never_a_macro_document[<Types xmlns="http://schemas.openxmlformats.org/package/2006/content-types"/>] - AssertionError: assert 'EXTRACTION_ENVIRONMENT_UNAVAILABLE' in {'DOCX_CONTENT_TYPE_INVALID', 'DOCX_MACRO_UNSUPPORTED'}
2026-09-14T12:21:15.5809169Z  +  where 'EXTRACTION_ENVIRONMENT_UNAVAILABLE' = ImportParsingError('文档隔离提取未完成；原件已保留，请查看定位诊断或修正提取环境。').code
2026-09-14T12:21:15.5809884Z  +    where ImportParsingError('文档隔离提取未完成；原件已保留，请查看定位诊断或修正提取环境。') = <ExceptionInfo ImportParsingError('文档隔离提取未完成；原件已保留，请查看定位诊断或修正提取环境。') tblen=3>.value
2026-09-14T12:21:15.5811968Z FAILED tests/unit/test_document_extraction.py::test_required_content_type_is_real_docx_and_never_a_macro_document[<Types xmlns="http://schemas.openxmlformats.org/package/2006/content-types"><Override PartName="/word/document.xml" ContentType="application/xml"/></Types>] - AssertionError: assert 'EXTRACTION_ENVIRONMENT_UNAVAILABLE' in {'DOCX_CONTENT_TYPE_INVALID', 'DOCX_MACRO_UNSUPPORTED'}
2026-09-14T12:21:15.5812723Z  +  where 'EXTRACTION_ENVIRONMENT_UNAVAILABLE' = ImportParsingError('文档隔离提取未完成；原件已保留，请查看定位诊断或修正提取环境。').code
2026-09-14T12:21:15.5813527Z  +    where ImportParsingError('文档隔离提取未完成；原件已保留，请查看定位诊断或修正提取环境。') = <ExceptionInfo ImportParsingError('文档隔离提取未完成；原件已保留，请查看定位诊断或修正提取环境。') tblen=3>.value
2026-09-14T12:21:15.5815496Z FAILED tests/unit/test_document_extraction.py::test_required_content_type_is_real_docx_and_never_a_macro_document[<Types xmlns="http://schemas.openxmlformats.org/package/2006/content-types"><Override PartName="/word/document.xml" ContentType="application/vnd.ms-word.document.macroEnabled.main+xml"/></Types>] - AssertionError: assert 'EXTRACTION_ENVIRONMENT_UNAVAILABLE' in {'DOCX_CONTENT_TYPE_INVALID', 'DOCX_MACRO_UNSUPPORTED'}
2026-09-14T12:21:15.5816105Z  +  where 'EXTRACTION_ENVIRONMENT_UNAVAILABLE' = ImportParsingError('文档隔离提取未完成；原件已保留，请查看定位诊断或修正提取环境。').code
2026-09-14T12:21:15.5816878Z  +    where ImportParsingError('文档隔离提取未完成；原件已保留，请查看定位诊断或修正提取环境。') = <ExceptionInfo ImportParsingError('文档隔离提取未完成；原件已保留，请查看定位诊断或修正提取环境。') tblen=3>.value
2026-09-14T12:21:15.5818062Z FAILED tests/unit/test_document_extraction.py::test_omitted_private_member_names_are_not_public_diagnostic_text - services.api.app.application.import_parse_types.ImportParsingError: 文档隔离提取未完成；原件已保留，请查看定位诊断或修正提取环境。
2026-09-14T12:21:15.5819002Z FAILED tests/unit/test_document_extraction.py::test_docx_deflate_member_cannot_hide_unconsumed_private_payload - AssertionError: assert 'EXTRACTION_E...T_UNAVAILABLE' == 'DOCX_COMPRES...TRAILING_DATA'
2026-09-14T12:21:15.5819135Z   
2026-09-14T12:21:15.5819304Z   - DOCX_COMPRESSED_TRAILING_DATA
2026-09-14T12:21:15.5819476Z   + EXTRACTION_ENVIRONMENT_UNAVAILABLE
2026-09-14T12:21:15.5821634Z FAILED tests/unit/test_document_extraction.py::test_internal_docx_relationship_cannot_escape_or_silently_point_to_absent_part[../../outside] - AssertionError: assert 'EXTRACTION_E...T_UNAVAILABLE' == 'DOCX_RELATIONSHIP_INVALID'
2026-09-14T12:21:15.5821805Z   
2026-09-14T12:21:15.5821973Z   - DOCX_RELATIONSHIP_INVALID
2026-09-14T12:21:15.5822129Z   + EXTRACTION_ENVIRONMENT_UNAVAILABLE
2026-09-14T12:21:15.5823263Z FAILED tests/unit/test_document_extraction.py::test_internal_docx_relationship_cannot_escape_or_silently_point_to_absent_part[file:///synthetic-private] - AssertionError: assert 'EXTRACTION_E...T_UNAVAILABLE' == 'DOCX_RELATIONSHIP_INVALID'
2026-09-14T12:21:15.5823384Z   
2026-09-14T12:21:15.5823544Z   - DOCX_RELATIONSHIP_INVALID
2026-09-14T12:21:15.5823704Z   + EXTRACTION_ENVIRONMENT_UNAVAILABLE
2026-09-14T12:21:15.5824780Z FAILED tests/unit/test_document_extraction.py::test_internal_docx_relationship_cannot_escape_or_silently_point_to_absent_part[media/missing.png] - AssertionError: assert 'EXTRACTION_E...T_UNAVAILABLE' == 'DOCX_RELATIONSHIP_INVALID'
2026-09-14T12:21:15.5824920Z   
2026-09-14T12:21:15.5825066Z   - DOCX_RELATIONSHIP_INVALID
2026-09-14T12:21:15.5825235Z   + EXTRACTION_ENVIRONMENT_UNAVAILABLE
2026-09-14T12:21:15.5826512Z FAILED tests/unit/test_document_extraction.py::test_docx_explicit_false_hidden_property_keeps_visible_text - services.api.app.application.import_parse_types.ImportParsingError: 文档隔离提取未完成；原件已保留，请查看定位诊断或修正提取环境。
2026-09-14T12:21:15.5827494Z FAILED tests/unit/test_document_extraction.py::test_hidden_styles_at_relationship_selected_nonstandard_part_are_still_rejected - AssertionError: assert 'EXTRACTION_E...T_UNAVAILABLE' == 'DOCX_HIDDEN_...E_UNSUPPORTED'
2026-09-14T12:21:15.5827628Z   
2026-09-14T12:21:15.5827786Z   - DOCX_HIDDEN_STYLE_UNSUPPORTED
2026-09-14T12:21:15.5828001Z   + EXTRACTION_ENVIRONMENT_UNAVAILABLE
2026-09-14T12:21:15.5829060Z FAILED tests/unit/test_document_extraction.py::test_non_xml_extension_hidden_style_part_cannot_bypass_preview_rejection[relationship] - AssertionError: assert 'EXTRACTION_E...T_UNAVAILABLE' == 'DOCX_HIDDEN_...E_UNSUPPORTED'
2026-09-14T12:21:15.5829364Z   
2026-09-14T12:21:15.5829516Z   - DOCX_HIDDEN_STYLE_UNSUPPORTED
2026-09-14T12:21:15.5829686Z   + EXTRACTION_ENVIRONMENT_UNAVAILABLE
2026-09-14T12:21:15.5830911Z FAILED tests/unit/test_document_extraction.py::test_non_xml_extension_hidden_style_part_cannot_bypass_preview_rejection[override] - AssertionError: assert 'EXTRACTION_E...T_UNAVAILABLE' == 'DOCX_HIDDEN_...E_UNSUPPORTED'
2026-09-14T12:21:15.5831027Z   
2026-09-14T12:21:15.5831183Z   - DOCX_HIDDEN_STYLE_UNSUPPORTED
2026-09-14T12:21:15.5831334Z   + EXTRACTION_ENVIRONMENT_UNAVAILABLE
2026-09-14T12:21:15.5832245Z FAILED tests/unit/test_document_extraction.py::test_non_xml_extension_hidden_style_part_cannot_bypass_preview_rejection[default] - AssertionError: assert 'EXTRACTION_E...T_UNAVAILABLE' == 'DOCX_HIDDEN_...E_UNSUPPORTED'
2026-09-14T12:21:15.5832370Z   
2026-09-14T12:21:15.5832515Z   - DOCX_HIDDEN_STYLE_UNSUPPORTED
2026-09-14T12:21:15.5832678Z   + EXTRACTION_ENVIRONMENT_UNAVAILABLE
2026-09-14T12:21:15.5833493Z FAILED tests/unit/test_document_extraction.py::test_non_xml_extension_hidden_style_part_cannot_bypass_preview_rejection[all] - AssertionError: assert 'EXTRACTION_E...T_UNAVAILABLE' == 'DOCX_HIDDEN_...E_UNSUPPORTED'
2026-09-14T12:21:15.5833605Z   
2026-09-14T12:21:15.5833744Z   - DOCX_HIDDEN_STYLE_UNSUPPORTED
2026-09-14T12:21:15.5833882Z   + EXTRACTION_ENVIRONMENT_UNAVAILABLE
2026-09-14T12:21:15.5834662Z FAILED tests/unit/test_document_extraction.py::test_non_xml_extension_key_relationship_target_is_still_parsed_safely[styles] - AssertionError: assert 'EXTRACTION_E...T_UNAVAILABLE' == 'DOCX_XML_UNSAFE'
2026-09-14T12:21:15.5834755Z   
2026-09-14T12:21:15.5834881Z   - DOCX_XML_UNSAFE
2026-09-14T12:21:15.5835027Z   + EXTRACTION_ENVIRONMENT_UNAVAILABLE
2026-09-14T12:21:15.5835854Z FAILED tests/unit/test_document_extraction.py::test_non_xml_extension_key_relationship_target_is_still_parsed_safely[settings] - AssertionError: assert 'EXTRACTION_E...T_UNAVAILABLE' == 'DOCX_XML_UNSAFE'
2026-09-14T12:21:15.5836164Z   
2026-09-14T12:21:15.5836293Z   - DOCX_XML_UNSAFE
2026-09-14T12:21:15.5836465Z   + EXTRACTION_ENVIRONMENT_UNAVAILABLE
2026-09-14T12:21:15.5837196Z FAILED tests/unit/test_document_extraction.py::test_non_xml_extension_key_relationship_target_is_still_parsed_safely[numbering] - AssertionError: assert 'EXTRACTION_E...T_UNAVAILABLE' == 'DOCX_XML_UNSAFE'
2026-09-14T12:21:15.5837305Z   
2026-09-14T12:21:15.5837414Z   - DOCX_XML_UNSAFE
2026-09-14T12:21:15.5837577Z   + EXTRACTION_ENVIRONMENT_UNAVAILABLE
2026-09-14T12:21:15.5838378Z FAILED tests/unit/test_document_extraction.py::test_non_xml_extension_key_relationship_target_is_still_parsed_safely[theme] - AssertionError: assert 'EXTRACTION_E...T_UNAVAILABLE' == 'DOCX_XML_UNSAFE'
2026-09-14T12:21:15.5838480Z   
2026-09-14T12:21:15.5838612Z   - DOCX_XML_UNSAFE
2026-09-14T12:21:15.5838757Z   + EXTRACTION_ENVIRONMENT_UNAVAILABLE
2026-09-14T12:21:15.5839702Z FAILED tests/unit/test_import_parsing.py::test_invalid_encoding_empty_and_malformed_extraction_are_visible_failures[%PDF-1.7-pdf-PDF_MALFORMED] - AssertionError: assert 'EXTRACTION_E...T_UNAVAILABLE' == 'PDF_MALFORMED'
2026-09-14T12:21:15.5839817Z   
2026-09-14T12:21:15.5839950Z   - PDF_MALFORMED
2026-09-14T12:21:15.5840123Z   + EXTRACTION_ENVIRONMENT_UNAVAILABLE
2026-09-14T12:21:15.5841400Z FAILED tests/unit/test_import_parsing.py::test_invalid_encoding_empty_and_malformed_extraction_are_visible_failures[PK-docx-DOCX_CONTAINER_UNSUPPORTED] - AssertionError: assert 'EXTRACTION_E...T_UNAVAILABLE' == 'DOCX_CONTAINER_UNSUPPORTED'
2026-09-14T12:21:15.5841528Z   
2026-09-14T12:21:15.5841680Z   - DOCX_CONTAINER_UNSUPPORTED
2026-09-14T12:21:15.5841845Z   + EXTRACTION_ENVIRONMENT_UNAVAILABLE
2026-09-14T12:21:15.5842921Z FAILED tests/security/test_document_sandbox.py::test_actual_namespace_filesystem_network_exec_and_secret_environment - services.api.app.infrastructure.document_sandbox.DocumentSandboxError: EXTRACTION_ENVIRONMENT_UNAVAILABLE
2026-09-14T12:21:15.5843887Z FAILED tests/security/test_document_sandbox.py::test_real_cpu_wall_and_stream_limits[while True:pass\n-limits0-EXTRACTION_RESOURCE_LIMIT] - AssertionError: assert 'EXTRACTION_E...T_UNAVAILABLE' == 'EXTRACTION_RESOURCE_LIMIT'
2026-09-14T12:21:15.5844200Z   
2026-09-14T12:21:15.5844347Z   - EXTRACTION_RESOURCE_LIMIT
2026-09-14T12:21:15.5844510Z   + EXTRACTION_ENVIRONMENT_UNAVAILABLE
2026-09-14T12:21:15.5845515Z FAILED tests/security/test_document_sandbox.py::test_real_cpu_wall_and_stream_limits[import time\ntime.sleep(10)\n-limits1-EXTRACTION_TIMEOUT] - AssertionError: assert 'EXTRACTION_E...T_UNAVAILABLE' == 'EXTRACTION_TIMEOUT'
2026-09-14T12:21:15.5845628Z   
2026-09-14T12:21:15.5845780Z   - EXTRACTION_TIMEOUT
2026-09-14T12:21:15.5845941Z   + EXTRACTION_ENVIRONMENT_UNAVAILABLE
2026-09-14T12:21:15.5847057Z FAILED tests/security/test_document_sandbox.py::test_real_cpu_wall_and_stream_limits[import os\nwhile True:os.write(1,b'x'*8192)\n-limits2-EXTRACTION_OUTPUT_LIMIT] - AssertionError: assert 'EXTRACTION_E...T_UNAVAILABLE' == 'EXTRACTION_OUTPUT_LIMIT'
2026-09-14T12:21:15.5847191Z   
2026-09-14T12:21:15.5847338Z   - EXTRACTION_OUTPUT_LIMIT
2026-09-14T12:21:15.5847505Z   + EXTRACTION_ENVIRONMENT_UNAVAILABLE
2026-09-14T12:21:15.5848533Z FAILED tests/security/test_document_sandbox.py::test_real_cpu_wall_and_stream_limits[import os\nwhile True:os.write(2,b'x'*8192)\n-limits3-EXTRACTION_OUTPUT_LIMIT] - AssertionError: assert 'EXTRACTION_E...T_UNAVAILABLE' == 'EXTRACTION_OUTPUT_LIMIT'
2026-09-14T12:21:15.5848661Z   
2026-09-14T12:21:15.5848794Z   - EXTRACTION_OUTPUT_LIMIT
2026-09-14T12:21:15.5848952Z   + EXTRACTION_ENVIRONMENT_UNAVAILABLE
2026-09-14T12:21:15.5849829Z FAILED tests/security/test_document_sandbox.py::test_real_memory_limit - services.api.app.infrastructure.document_sandbox.DocumentSandboxError: EXTRACTION_ENVIRONMENT_UNAVAILABLE
2026-09-14T12:21:15.5850486Z FAILED tests/security/test_document_sandbox.py::test_abrupt_api_death_kills_daemon_reaper_and_parser - EOFError
2026-09-14T12:21:15.5851710Z FAILED tests/security/test_document_sandbox.py::test_real_dynamic_extension_dependencies_keep_loader_sonames - services.api.app.infrastructure.document_sandbox.DocumentSandboxError: EXTRACTION_ENVIRONMENT_UNAVAILABLE
2026-09-14T12:21:15.5851988Z ================== 47 failed, 211 passed, 2 warnings in 8.98s ==================
2026-09-14T12:21:15.6830954Z ##[error]Process completed with exit code 1.
2026-09-14T12:21:15.6954983Z Post job cleanup.
2026-09-14T12:21:15.7741329Z [command]/usr/bin/git version
2026-09-14T12:21:15.7782938Z git version 2.55.0
2026-09-14T12:21:15.7830170Z Temporarily overriding HOME='<USER_HOME>/work/_temp/826cd9bc-833f-4fc6-8f4d-43302aef3e47' before making global git config changes
2026-09-14T12:21:15.7831196Z Adding repository directory to the temporary git global config as a safe directory
2026-09-14T12:21:15.7836736Z [command]/usr/bin/git config --global --add safe.directory <USER_HOME>/work/Learning_Workbench/Learning_Workbench
2026-09-14T12:21:15.7865260Z Removing SSH command configuration
2026-09-14T12:21:15.7872188Z [command]/usr/bin/git config --local --name-only --get-regexp core\.sshCommand
2026-09-14T12:21:15.7904939Z [command]/usr/bin/git submodule foreach --recursive sh -c "git config --local --name-only --get-regexp 'core\.sshCommand' && git config --local --unset-all 'core.sshCommand' || :"
2026-09-14T12:21:15.8105515Z Removing HTTP extra header
2026-09-14T12:21:15.8110991Z [command]/usr/bin/git config --local --name-only --get-regexp http\.https\:\/\/github\.com\/\.extraheader
2026-09-14T12:21:15.8141914Z [command]/usr/bin/git submodule foreach --recursive sh -c "git config --local --name-only --get-regexp 'http\.https\:\/\/github\.com\/\.extraheader' && git config --local --unset-all 'http.https://github.com/.extraheader' || :"
2026-09-14T12:21:15.8361080Z Removing includeIf entries pointing to credentials config files
2026-09-14T12:21:15.8382954Z [command]/usr/bin/git config --local --name-only --get-regexp ^includeIf\.gitdir:
2026-09-14T12:21:15.8425423Z includeif.gitdir:<USER_HOME>/work/Learning_Workbench/Learning_Workbench/.git.path
2026-09-14T12:21:15.8426921Z includeif.gitdir:<USER_HOME>/work/Learning_Workbench/Learning_Workbench/.git/worktrees/*.path
2026-09-14T12:21:15.8428036Z includeif.gitdir:/github/workspace/.git.path
2026-09-14T12:21:15.8428774Z includeif.gitdir:/github/workspace/.git/worktrees/*.path
2026-09-14T12:21:15.8432524Z [command]/usr/bin/git config --local --get-all includeif.gitdir:<USER_HOME>/work/Learning_Workbench/Learning_Workbench/.git.path
2026-09-14T12:21:15.8452393Z <USER_HOME>/work/_temp/git-credentials-eca98295-2286-461a-be98-46ccd2b2cbb7.config
2026-09-14T12:21:15.8460796Z [command]/usr/bin/git config --local --unset includeif.gitdir:<USER_HOME>/work/Learning_Workbench/Learning_Workbench/.git.path \/home\/runner\/work\/_temp\/git\-credentials\-eca98295\-2286\-461a\-be98\-46ccd2b2cbb7\.config
2026-09-14T12:21:15.8492408Z [command]/usr/bin/git config --local --get-all includeif.gitdir:<USER_HOME>/work/Learning_Workbench/Learning_Workbench/.git/worktrees/*.path
2026-09-14T12:21:15.8509401Z <USER_HOME>/work/_temp/git-credentials-eca98295-2286-461a-be98-46ccd2b2cbb7.config
2026-09-14T12:21:15.8525274Z [command]/usr/bin/git config --local --unset includeif.gitdir:<USER_HOME>/work/Learning_Workbench/Learning_Workbench/.git/worktrees/*.path \/home\/runner\/work\/_temp\/git\-credentials\-eca98295\-2286\-461a\-be98\-46ccd2b2cbb7\.config
2026-09-14T12:21:15.8554508Z [command]/usr/bin/git config --local --get-all includeif.gitdir:/github/workspace/.git.path
2026-09-14T12:21:15.8586484Z /github/runner_temp/git-credentials-eca98295-2286-461a-be98-46ccd2b2cbb7.config
2026-09-14T12:21:15.8593965Z [command]/usr/bin/git config --local --unset includeif.gitdir:/github/workspace/.git.path \/github\/runner_temp\/git\-credentials\-eca98295\-2286\-461a\-be98\-46ccd2b2cbb7\.config
2026-09-14T12:21:15.8641534Z [command]/usr/bin/git config --local --get-all includeif.gitdir:/github/workspace/.git/worktrees/*.path
2026-09-14T12:21:15.8642151Z /github/runner_temp/git-credentials-eca98295-2286-461a-be98-46ccd2b2cbb7.config
2026-09-14T12:21:15.8644510Z [command]/usr/bin/git config --local --unset includeif.gitdir:/github/workspace/.git/worktrees/*.path \/github\/runner_temp\/git\-credentials\-eca98295\-2286\-461a\-be98\-46ccd2b2cbb7\.config
2026-09-14T12:21:15.8675621Z [command]/usr/bin/git submodule foreach --recursive git config --local --show-origin --name-only --get-regexp remote.origin.url
2026-09-14T12:21:15.8884841Z Removing credentials config '<USER_HOME>/work/_temp/git-credentials-eca98295-2286-461a-be98-46ccd2b2cbb7.config'
2026-09-14T12:21:15.9027018Z Cleaning up orphan processes
