[feat/M6.3-local-control-bootstrap 7bbbbb0e] Record reviewed M6.3 source, exact terminal failures and qualified evidence
 719 files changed, 2351017 insertions(+), 50 deletions(-)
 create mode 100644 progress/evidence/2026-10-05/M6.3-Issue32-actual412-progress-managed-sync/REPORT.json
 create mode 100644 progress/evidence/2026-10-05/M6.3-Issue32-actual412-progress-managed-sync/actual-managed-Issue/READBACK.json
 create mode 100644 progress/evidence/2026-10-05/M6.3-Issue32-actual412-progress-managed-sync/actual-managed-Issue/issue-body.md
 create mode 100644 progress/evidence/2026-10-05/M6.3-Issue32-actual412-progress-managed-sync/actual-managed-Issue/sync.py
 create mode 100644 progress/evidence/2026-10-05/M6.3-Issue32-actual412-progress-managed-sync/manifest.json
 create mode 100644 progress/evidence/2026-10-05/M6.3-Tutor218-bounded-observation-and-independent-readback/REPORT.json
 create mode 100644 progress/evidence/2026-10-05/M6.3-Tutor218-bounded-observation-and-independent-readback/independent/OUTER_ALLOWLIST.json
 create mode 100644 progress/evidence/2026-10-05/M6.3-Tutor218-bounded-observation-and-independent-readback/independent/PUBLICATION_SCAN.json
 create mode 100644 progress/evidence/2026-10-05/M6.3-Tutor218-bounded-observation-and-independent-readback/independent/SAFE_SHARE.json
 create mode 100644 progress/evidence/2026-10-05/M6.3-Tutor218-bounded-observation-and-independent-readback/independent/safe-share/FIXED_SOURCE_INPUTS.json
 create mode 100644 progress/evidence/2026-10-05/M6.3-Tutor218-bounded-observation-and-independent-readback/independent/safe-share/READBACK.json
 create mode 100644 progress/evidence/2026-10-05/M6.3-Tutor218-bounded-observation-and-independent-readback/independent/safe-share/REVIEW.json
 create mode 100644 progress/evidence/2026-10-05/M6.3-Tutor218-bounded-observation-and-independent-readback/independent/safe-share/REVIEW.md
 create mode 100644 progress/evidence/2026-10-05/M6.3-Tutor218-bounded-observation-and-independent-readback/independent/safe-share/verify.py
 create mode 100644 progress/evidence/2026-10-05/M6.3-Tutor218-bounded-observation-and-independent-readback/manifest.json
 create mode 100644 progress/evidence/2026-10-05/M6.3-Tutor218-bounded-observation-and-independent-readback/owner/OUTER_METADATA.json
 create mode 100644 progress/evidence/2026-10-05/M6.3-Tutor218-bounded-observation-and-independent-readback/owner/RAW_MANIFEST.json
 create mode 100644 progress/evidence/2026-10-05/M6.3-Tutor218-bounded-observation-and-independent-readback/owner/SAFE_SHARE.json
 create mode 100644 progress/evidence/2026-10-05/M6.3-Tutor218-bounded-observation-and-independent-readback/owner/SAFE_SHARE/01-old-matcher/inputs-after.json
 create mode 100644 progress/evidence/2026-10-05/M6.3-Tutor218-bounded-observation-and-independent-readback/owner/SAFE_SHARE/01-old-matcher/inputs-before.json
 create mode 100644 progress/evidence/2026-10-05/M6.3-Tutor218-bounded-observation-and-independent-readback/owner/SAFE_SHARE/01-old-matcher/playwright.config.ts
 create mode 100644 progress/evidence/2026-10-05/M6.3-Tutor218-bounded-observation-and-independent-readback/owner/SAFE_SHARE/01-old-matcher/receipt.json
 create mode 100644 progress/evidence/2026-10-05/M6.3-Tutor218-bounded-observation-and-independent-readback/owner/SAFE_SHARE/01-old-matcher/run.log
 create mode 100644 progress/evidence/2026-10-05/M6.3-Tutor218-bounded-observation-and-independent-readback/owner/SAFE_SHARE/01-old-matcher/runner.py
 create mode 100644 progress/evidence/2026-10-05/M6.3-Tutor218-bounded-observation-and-independent-readback/owner/SAFE_SHARE/02-fixed-tutor/artifacts/tutor-explicit-same-Run-co-e37c7--without-upgrading-evidence/tutor-completion-diagnostic.json
 create mode 100644 progress/evidence/2026-10-05/M6.3-Tutor218-bounded-observation-and-independent-readback/owner/SAFE_SHARE/02-fixed-tutor/inputs-after.json
 create mode 100644 progress/evidence/2026-10-05/M6.3-Tutor218-bounded-observation-and-independent-readback/owner/SAFE_SHARE/02-fixed-tutor/inputs-before.json
 create mode 100644 progress/evidence/2026-10-05/M6.3-Tutor218-bounded-observation-and-independent-readback/owner/SAFE_SHARE/02-fixed-tutor/playwright.config.ts
 create mode 100644 progress/evidence/2026-10-05/M6.3-Tutor218-bounded-observation-and-independent-readback/owner/SAFE_SHARE/02-fixed-tutor/receipt.json
 create mode 100644 progress/evidence/2026-10-05/M6.3-Tutor218-bounded-observation-and-independent-readback/owner/SAFE_SHARE/02-fixed-tutor/run.log
 create mode 100644 progress/evidence/2026-10-05/M6.3-Tutor218-bounded-observation-and-independent-readback/owner/SAFE_SHARE/02-fixed-tutor/runner.py
 create mode 100644 progress/evidence/2026-10-05/M6.3-Tutor218-bounded-observation-and-independent-readback/owner/SAFE_SHARE/03-native-types/inputs-after.json
 create mode 100644 progress/evidence/2026-10-05/M6.3-Tutor218-bounded-observation-and-independent-readback/owner/SAFE_SHARE/03-native-types/inputs-before.json
 create mode 100644 progress/evidence/2026-10-05/M6.3-Tutor218-bounded-observation-and-independent-readback/owner/SAFE_SHARE/03-native-types/receipt.json
 create mode 100644 progress/evidence/2026-10-05/M6.3-Tutor218-bounded-observation-and-independent-readback/owner/SAFE_SHARE/03-native-types/run.log
 create mode 100644 progress/evidence/2026-10-05/M6.3-Tutor218-bounded-observation-and-independent-readback/owner/SAFE_SHARE/03-native-types/runner.py
 create mode 100644 progress/evidence/2026-10-05/M6.3-Tutor218-bounded-observation-and-independent-readback/owner/SAFE_SHARE/04-web-strict/inputs-after.json
 create mode 100644 progress/evidence/2026-10-05/M6.3-Tutor218-bounded-observation-and-independent-readback/owner/SAFE_SHARE/04-web-strict/inputs-before.json
 create mode 100644 progress/evidence/2026-10-05/M6.3-Tutor218-bounded-observation-and-independent-readback/owner/SAFE_SHARE/04-web-strict/receipt.json
 create mode 100644 progress/evidence/2026-10-05/M6.3-Tutor218-bounded-observation-and-independent-readback/owner/SAFE_SHARE/04-web-strict/run.log
 create mode 100644 progress/evidence/2026-10-05/M6.3-Tutor218-bounded-observation-and-independent-readback/owner/SAFE_SHARE/04-web-strict/runner.py
 create mode 100644 progress/evidence/2026-10-05/M6.3-Tutor218-bounded-observation-and-independent-readback/owner/SAFE_SHARE/REPORT.md
 create mode 100644 progress/evidence/2026-10-05/M6.3-Tutor218-bounded-observation-and-independent-readback/owner/SAFE_SHARE/SOURCE_BINDING.json
 create mode 100644 progress/evidence/2026-10-05/M6.3-Tutor218-bounded-observation-and-independent-readback/owner/SAFE_SHARE/VERIFY.py
 create mode 100644 progress/evidence/2026-10-05/M6.3-Tutor218-bounded-observation-and-independent-readback/owner/SAFE_SHARE/native-tsconfig.json
 create mode 100644 progress/evidence/2026-10-05/M6.3-Tutor218-bounded-observation-and-independent-readback/owner/SAFE_SHARE/playwright-types.d.ts
 create mode 100644 progress/evidence/2026-10-05/M6.3-Tutor218-bounded-observation-and-independent-readback/owner/SAFE_SHARE/source.diff
 create mode 100644 progress/evidence/2026-10-05/M6.3-Tutor218-bounded-observation-and-independent-readback/owner/SCAN.json
 create mode 100644 progress/evidence/2026-10-05/M6.3-Tutor218-bounded-observation-and-independent-readback/owner/VERIFY.json
 create mode 100644 progress/evidence/2026-10-05/M6.3-Tutor218-bounded-observation-and-independent-readback/owner/VERIFY.log
 create mode 100644 progress/evidence/2026-10-05/M6.3-artifact-UI8f-scope-closure-and-real-loopback-preview/REPORT.json
 create mode 100644 progress/evidence/2026-10-05/M6.3-artifact-UI8f-scope-closure-and-real-loopback-preview/independent/OUTER_METADATA.json
 create mode 100644 progress/evidence/2026-10-05/M6.3-artifact-UI8f-scope-closure-and-real-loopback-preview/independent/SAFE_SHARE.json
 create mode 100644 progress/evidence/2026-10-05/M6.3-artifact-UI8f-scope-closure-and-real-loopback-preview/independent/SAFE_SHARE/FIXED_SOURCE_INPUTS.json
 create mode 100644 progress/evidence/2026-10-05/M6.3-artifact-UI8f-scope-closure-and-real-loopback-preview/independent/SAFE_SHARE/READBACK.json
 create mode 100644 progress/evidence/2026-10-05/M6.3-artifact-UI8f-scope-closure-and-real-loopback-preview/independent/SAFE_SHARE/REVIEW.json
 create mode 100644 progress/evidence/2026-10-05/M6.3-artifact-UI8f-scope-closure-and-real-loopback-preview/independent/SAFE_SHARE/REVIEW.md
 create mode 100644 progress/evidence/2026-10-05/M6.3-artifact-UI8f-scope-closure-and-real-loopback-preview/independent/SAFE_SHARE/VERIFY_READONLY.py
 create mode 100644 progress/evidence/2026-10-05/M6.3-artifact-UI8f-scope-closure-and-real-loopback-preview/manifest.json
 create mode 100644 progress/evidence/2026-10-05/M6.3-artifact-UI8f-scope-closure-and-real-loopback-preview/owner128-explicit/CANDIDATE_SEAL.json
 create mode 100644 progress/evidence/2026-10-05/M6.3-artifact-UI8f-scope-closure-and-real-loopback-preview/owner128-explicit/publication-candidates/FINAL_BINDING.json
 create mode 100644 progress/evidence/2026-10-05/M6.3-artifact-UI8f-scope-closure-and-real-loopback-preview/owner128-explicit/publication-candidates/FULL_GIT_MANIFESTS.json
 create mode 100644 progress/evidence/2026-10-05/M6.3-artifact-UI8f-scope-closure-and-real-loopback-preview/owner128-explicit/publication-candidates/QUALIFICATIONS.md
 create mode 100644 progress/evidence/2026-10-05/M6.3-artifact-UI8f-scope-closure-and-real-loopback-preview/owner128-explicit/publication-candidates/REPORT.md
 create mode 100644 progress/evidence/2026-10-05/M6.3-artifact-UI8f-scope-closure-and-real-loopback-preview/owner128-explicit/publication-candidates/allowlist.json
 create mode 100644 progress/evidence/2026-10-05/M6.3-artifact-UI8f-scope-closure-and-real-loopback-preview/owner128-explicit/publication-candidates/build-fixed-01/command.json
 create mode 100644 progress/evidence/2026-10-05/M6.3-artifact-UI8f-scope-closure-and-real-loopback-preview/owner128-explicit/publication-candidates/build-fixed-01/receipt.json
 create mode 100644 progress/evidence/2026-10-05/M6.3-artifact-UI8f-scope-closure-and-real-loopback-preview/owner128-explicit/publication-candidates/build-fixed-01/run.log
 create mode 100644 progress/evidence/2026-10-05/M6.3-artifact-UI8f-scope-closure-and-real-loopback-preview/owner128-explicit/publication-candidates/build-fixed-01/source-after.json
 create mode 100644 progress/evidence/2026-10-05/M6.3-artifact-UI8f-scope-closure-and-real-loopback-preview/owner128-explicit/publication-candidates/build-fixed-01/source-before.json
 create mode 100644 progress/evidence/2026-10-05/M6.3-artifact-UI8f-scope-closure-and-real-loopback-preview/owner128-explicit/publication-candidates/build-fixed-02/command.json
 create mode 100644 progress/evidence/2026-10-05/M6.3-artifact-UI8f-scope-closure-and-real-loopback-preview/owner128-explicit/publication-candidates/build-fixed-02/receipt.json
 create mode 100644 progress/evidence/2026-10-05/M6.3-artifact-UI8f-scope-closure-and-real-loopback-preview/owner128-explicit/publication-candidates/build-fixed-02/run.log
 create mode 100644 progress/evidence/2026-10-05/M6.3-artifact-UI8f-scope-closure-and-real-loopback-preview/owner128-explicit/publication-candidates/build-fixed-02/source-after.json
 create mode 100644 progress/evidence/2026-10-05/M6.3-artifact-UI8f-scope-closure-and-real-loopback-preview/owner128-explicit/publication-candidates/build-fixed-02/source-before.json
 create mode 100644 progress/evidence/2026-10-05/M6.3-artifact-UI8f-scope-closure-and-real-loopback-preview/owner128-explicit/publication-candidates/focused-fixed-01/command.json
 create mode 100644 progress/evidence/2026-10-05/M6.3-artifact-UI8f-scope-closure-and-real-loopback-preview/owner128-explicit/publication-candidates/focused-fixed-01/receipt.json
 create mode 100644 progress/evidence/2026-10-05/M6.3-artifact-UI8f-scope-closure-and-real-loopback-preview/owner128-explicit/publication-candidates/focused-fixed-01/run.log
 create mode 100644 progress/evidence/2026-10-05/M6.3-artifact-UI8f-scope-closure-and-real-loopback-preview/owner128-explicit/publication-candidates/focused-fixed-01/source-after.json
 create mode 100644 progress/evidence/2026-10-05/M6.3-artifact-UI8f-scope-closure-and-real-loopback-preview/owner128-explicit/publication-candidates/focused-fixed-01/source-before.json
 create mode 100644 progress/evidence/2026-10-05/M6.3-artifact-UI8f-scope-closure-and-real-loopback-preview/owner128-explicit/publication-candidates/focused-fixed-02/command.json
 create mode 100644 progress/evidence/2026-10-05/M6.3-artifact-UI8f-scope-closure-and-real-loopback-preview/owner128-explicit/publication-candidates/focused-fixed-02/receipt.json
 create mode 100644 progress/evidence/2026-10-05/M6.3-artifact-UI8f-scope-closure-and-real-loopback-preview/owner128-explicit/publication-candidates/focused-fixed-02/run.log
 create mode 100644 progress/evidence/2026-10-05/M6.3-artifact-UI8f-scope-closure-and-real-loopback-preview/owner128-explicit/publication-candidates/focused-fixed-02/source-after.json
 create mode 100644 progress/evidence/2026-10-05/M6.3-artifact-UI8f-scope-closure-and-real-loopback-preview/owner128-explicit/publication-candidates/focused-fixed-02/source-before.json
 create mode 100644 progress/evidence/2026-10-05/M6.3-artifact-UI8f-scope-closure-and-real-loopback-preview/owner128-explicit/publication-candidates/fullweb-fixed-01/command.json
 create mode 100644 progress/evidence/2026-10-05/M6.3-artifact-UI8f-scope-closure-and-real-loopback-preview/owner128-explicit/publication-candidates/fullweb-fixed-01/receipt.json
 create mode 100644 progress/evidence/2026-10-05/M6.3-artifact-UI8f-scope-closure-and-real-loopback-preview/owner128-explicit/publication-candidates/fullweb-fixed-01/run.log
 create mode 100644 progress/evidence/2026-10-05/M6.3-artifact-UI8f-scope-closure-and-real-loopback-preview/owner128-explicit/publication-candidates/fullweb-fixed-01/source-after.json
 create mode 100644 progress/evidence/2026-10-05/M6.3-artifact-UI8f-scope-closure-and-real-loopback-preview/owner128-explicit/publication-candidates/fullweb-fixed-01/source-before.json
 create mode 100644 progress/evidence/2026-10-05/M6.3-artifact-UI8f-scope-closure-and-real-loopback-preview/owner128-explicit/publication-candidates/fullweb-fixed-02/command.json
 create mode 100644 progress/evidence/2026-10-05/M6.3-artifact-UI8f-scope-closure-and-real-loopback-preview/owner128-explicit/publication-candidates/fullweb-fixed-02/receipt.json
 create mode 100644 progress/evidence/2026-10-05/M6.3-artifact-UI8f-scope-closure-and-real-loopback-preview/owner128-explicit/publication-candidates/fullweb-fixed-02/run.log
 create mode 100644 progress/evidence/2026-10-05/M6.3-artifact-UI8f-scope-closure-and-real-loopback-preview/owner128-explicit/publication-candidates/fullweb-fixed-02/source-after.json
 create mode 100644 progress/evidence/2026-10-05/M6.3-artifact-UI8f-scope-closure-and-real-loopback-preview/owner128-explicit/publication-candidates/fullweb-fixed-02/source-before.json
 create mode 100644 progress/evidence/2026-10-05/M6.3-artifact-UI8f-scope-closure-and-real-loopback-preview/owner128-explicit/publication-candidates/native-422f-limited/after.json
 create mode 100644 progress/evidence/2026-10-05/M6.3-artifact-UI8f-scope-closure-and-real-loopback-preview/owner128-explicit/publication-candidates/native-422f-limited/before.json
 create mode 100644 progress/evidence/2026-10-05/M6.3-artifact-UI8f-scope-closure-and-real-loopback-preview/owner128-explicit/publication-candidates/native-422f-limited/command.json
 create mode 100644 progress/evidence/2026-10-05/M6.3-artifact-UI8f-scope-closure-and-real-loopback-preview/owner128-explicit/publication-candidates/native-422f-limited/controlled_api.py
 create mode 100644 progress/evidence/2026-10-05/M6.3-artifact-UI8f-scope-closure-and-real-loopback-preview/owner128-explicit/publication-candidates/native-422f-limited/native.mjs
 create mode 100644 progress/evidence/2026-10-05/M6.3-artifact-UI8f-scope-closure-and-real-loopback-preview/owner128-explicit/publication-candidates/native-422f-limited/receipt.json
 create mode 100644 progress/evidence/2026-10-05/M6.3-artifact-UI8f-scope-closure-and-real-loopback-preview/owner128-explicit/publication-candidates/native-422f-limited/run.log
 create mode 100644 progress/evidence/2026-10-05/M6.3-artifact-UI8f-scope-closure-and-real-loopback-preview/owner128-explicit/publication-candidates/native-422f-limited/terminal.json
 create mode 100644 progress/evidence/2026-10-05/M6.3-artifact-UI8f-scope-closure-and-real-loopback-preview/owner128-explicit/publication-candidates/native-8f-fail/SUPPLEMENTAL_AFTER.json
 create mode 100644 progress/evidence/2026-10-05/M6.3-artifact-UI8f-scope-closure-and-real-loopback-preview/owner128-explicit/publication-candidates/native-8f-fail/before.json
 create mode 100644 progress/evidence/2026-10-05/M6.3-artifact-UI8f-scope-closure-and-real-loopback-preview/owner128-explicit/publication-candidates/native-8f-fail/command.json
 create mode 100644 progress/evidence/2026-10-05/M6.3-artifact-UI8f-scope-closure-and-real-loopback-preview/owner128-explicit/publication-candidates/native-8f-fail/controlled_api.py
 create mode 100644 progress/evidence/2026-10-05/M6.3-artifact-UI8f-scope-closure-and-real-loopback-preview/owner128-explicit/publication-candidates/native-8f-fail/failure.json
 create mode 100644 progress/evidence/2026-10-05/M6.3-artifact-UI8f-scope-closure-and-real-loopback-preview/owner128-explicit/publication-candidates/native-8f-fail/native.mjs
 create mode 100644 progress/evidence/2026-10-05/M6.3-artifact-UI8f-scope-closure-and-real-loopback-preview/owner128-explicit/publication-candidates/native-8f-fail/run.log
 create mode 100644 progress/evidence/2026-10-05/M6.3-artifact-UI8f-scope-closure-and-real-loopback-preview/owner128-explicit/publication-candidates/native-8f-fail/terminal.json
 create mode 100644 progress/evidence/2026-10-05/M6.3-artifact-UI8f-scope-closure-and-real-loopback-preview/owner128-explicit/publication-candidates/native-8f-final/HARNESS_CORRECTION.md
 create mode 100644 progress/evidence/2026-10-05/M6.3-artifact-UI8f-scope-closure-and-real-loopback-preview/owner128-explicit/publication-candidates/native-8f-final/after.json
 create mode 100644 progress/evidence/2026-10-05/M6.3-artifact-UI8f-scope-closure-and-real-loopback-preview/owner128-explicit/publication-candidates/native-8f-final/aggregate-current-original-ack-1440.png
 create mode 100644 progress/evidence/2026-10-05/M6.3-artifact-UI8f-scope-closure-and-real-loopback-preview/owner128-explicit/publication-candidates/native-8f-final/aggregate-current-original-ack-390.png
 create mode 100644 progress/evidence/2026-10-05/M6.3-artifact-UI8f-scope-closure-and-real-loopback-preview/owner128-explicit/publication-candidates/native-8f-final/before.json
 create mode 100644 progress/evidence/2026-10-05/M6.3-artifact-UI8f-scope-closure-and-real-loopback-preview/owner128-explicit/publication-candidates/native-8f-final/command.json
 create mode 100644 progress/evidence/2026-10-05/M6.3-artifact-UI8f-scope-closure-and-real-loopback-preview/owner128-explicit/publication-candidates/native-8f-final/controlled_api.py
 create mode 100644 progress/evidence/2026-10-05/M6.3-artifact-UI8f-scope-closure-and-real-loopback-preview/owner128-explicit/publication-candidates/native-8f-final/manifest-failed-unreviewed-1440.png
 create mode 100644 progress/evidence/2026-10-05/M6.3-artifact-UI8f-scope-closure-and-real-loopback-preview/owner128-explicit/publication-candidates/native-8f-final/manifest-failed-unreviewed-390.png
 create mode 100644 progress/evidence/2026-10-05/M6.3-artifact-UI8f-scope-closure-and-real-loopback-preview/owner128-explicit/publication-candidates/native-8f-final/native.mjs
 create mode 100644 progress/evidence/2026-10-05/M6.3-artifact-UI8f-scope-closure-and-real-loopback-preview/owner128-explicit/publication-candidates/native-8f-final/ordinary-import-preview-1440.png
 create mode 100644 progress/evidence/2026-10-05/M6.3-artifact-UI8f-scope-closure-and-real-loopback-preview/owner128-explicit/publication-candidates/native-8f-final/ordinary-import-preview-390.png
 create mode 100644 progress/evidence/2026-10-05/M6.3-artifact-UI8f-scope-closure-and-real-loopback-preview/owner128-explicit/publication-candidates/native-8f-final/receipt.json
 create mode 100644 progress/evidence/2026-10-05/M6.3-artifact-UI8f-scope-closure-and-real-loopback-preview/owner128-explicit/publication-candidates/native-8f-final/run.log
 create mode 100644 progress/evidence/2026-10-05/M6.3-artifact-UI8f-scope-closure-and-real-loopback-preview/owner128-explicit/publication-candidates/native-8f-final/terminal-source.json
 create mode 100644 progress/evidence/2026-10-05/M6.3-artifact-UI8f-scope-closure-and-real-loopback-preview/owner128-explicit/publication-candidates/native-8f-final/terminal.json
 create mode 100644 progress/evidence/2026-10-05/M6.3-artifact-UI8f-scope-closure-and-real-loopback-preview/owner128-explicit/publication-candidates/owner-delta.patch
 create mode 100644 progress/evidence/2026-10-05/M6.3-artifact-UI8f-scope-closure-and-real-loopback-preview/owner128-explicit/publication-candidates/run-v2.py
 create mode 100644 progress/evidence/2026-10-05/M6.3-artifact-UI8f-scope-closure-and-real-loopback-preview/owner128-explicit/publication-candidates/run-v3.py
 create mode 100644 progress/evidence/2026-10-05/M6.3-artifact-UI8f-scope-closure-and-real-loopback-preview/owner128-explicit/publication-candidates/run.py
 create mode 100644 progress/evidence/2026-10-05/M6.3-artifact-UI8f-scope-closure-and-real-loopback-preview/owner128-explicit/publication-candidates/scope-green-01/ArtifactImportNavigation.test.tsx
 create mode 100644 progress/evidence/2026-10-05/M6.3-artifact-UI8f-scope-closure-and-real-loopback-preview/owner128-explicit/publication-candidates/scope-green-01/command.json
 create mode 100644 progress/evidence/2026-10-05/M6.3-artifact-UI8f-scope-closure-and-real-loopback-preview/owner128-explicit/publication-candidates/scope-green-01/receipt.json
 create mode 100644 progress/evidence/2026-10-05/M6.3-artifact-UI8f-scope-closure-and-real-loopback-preview/owner128-explicit/publication-candidates/scope-green-01/run.log
 create mode 100644 progress/evidence/2026-10-05/M6.3-artifact-UI8f-scope-closure-and-real-loopback-preview/owner128-explicit/publication-candidates/scope-green-01/source-after.json
 create mode 100644 progress/evidence/2026-10-05/M6.3-artifact-UI8f-scope-closure-and-real-loopback-preview/owner128-explicit/publication-candidates/scope-green-01/source-before.json
 create mode 100644 progress/evidence/2026-10-05/M6.3-artifact-UI8f-scope-closure-and-real-loopback-preview/owner128-explicit/publication-candidates/scope-red-01/ArtifactImportNavigation.test.tsx
 create mode 100644 progress/evidence/2026-10-05/M6.3-artifact-UI8f-scope-closure-and-real-loopback-preview/owner128-explicit/publication-candidates/scope-red-01/command.json
 create mode 100644 progress/evidence/2026-10-05/M6.3-artifact-UI8f-scope-closure-and-real-loopback-preview/owner128-explicit/publication-candidates/scope-red-01/receipt.json
 create mode 100644 progress/evidence/2026-10-05/M6.3-artifact-UI8f-scope-closure-and-real-loopback-preview/owner128-explicit/publication-candidates/scope-red-01/run.log
 create mode 100644 progress/evidence/2026-10-05/M6.3-artifact-UI8f-scope-closure-and-real-loopback-preview/owner128-explicit/publication-candidates/scope-red-01/source-after.json
 create mode 100644 progress/evidence/2026-10-05/M6.3-artifact-UI8f-scope-closure-and-real-loopback-preview/owner128-explicit/publication-candidates/scope-red-01/source-before.json
 create mode 100644 progress/evidence/2026-10-05/M6.3-artifact-UI8f-scope-closure-and-real-loopback-preview/owner128-explicit/publication-candidates/seal.py
 create mode 100644 progress/evidence/2026-10-05/M6.3-artifact-UI8f-scope-closure-and-real-loopback-preview/owner128-explicit/publication-candidates/source/apps/web/src/features/authoring/AuthoringPanel.tsx
 create mode 100644 progress/evidence/2026-10-05/M6.3-artifact-UI8f-scope-closure-and-real-loopback-preview/owner128-explicit/publication-candidates/source/apps/web/src/features/codex/ArtifactImportNavigation.test.tsx
 create mode 100644 progress/evidence/2026-10-05/M6.3-artifact-UI8f-scope-closure-and-real-loopback-preview/owner128-explicit/publication-candidates/source/apps/web/src/features/codex/CodexArtifactsPanel.test.tsx
 create mode 100644 progress/evidence/2026-10-05/M6.3-artifact-UI8f-scope-closure-and-real-loopback-preview/owner128-explicit/publication-candidates/source/apps/web/src/features/codex/CodexArtifactsPanel.tsx
 create mode 100644 progress/evidence/2026-10-05/M6.3-artifact-UI8f-scope-closure-and-real-loopback-preview/owner128-explicit/publication-candidates/source/apps/web/src/features/codex/CodexCapabilitiesPanel.test.tsx
 create mode 100644 progress/evidence/2026-10-05/M6.3-artifact-UI8f-scope-closure-and-real-loopback-preview/owner128-explicit/publication-candidates/source/apps/web/src/features/codex/CodexCapabilitiesPanel.tsx
 create mode 100644 progress/evidence/2026-10-05/M6.3-artifact-UI8f-scope-closure-and-real-loopback-preview/owner128-explicit/publication-candidates/source/apps/web/src/features/codex/artifactClient.ts
 create mode 100644 progress/evidence/2026-10-05/M6.3-artifact-UI8f-scope-closure-and-real-loopback-preview/owner128-explicit/publication-candidates/source/apps/web/src/features/codex/artifactCommands.test.ts
 create mode 100644 progress/evidence/2026-10-05/M6.3-artifact-UI8f-scope-closure-and-real-loopback-preview/owner128-explicit/publication-candidates/source/apps/web/src/features/codex/artifactCommands.ts
 create mode 100644 progress/evidence/2026-10-05/M6.3-artifact-UI8f-scope-closure-and-real-loopback-preview/owner128-explicit/publication-candidates/source/apps/web/src/features/codex/artifactFixtures.ts
 create mode 100644 progress/evidence/2026-10-05/M6.3-artifact-UI8f-scope-closure-and-real-loopback-preview/owner128-explicit/publication-candidates/source/apps/web/src/features/codex/artifactForms.ts
 create mode 100644 progress/evidence/2026-10-05/M6.3-artifact-UI8f-scope-closure-and-real-loopback-preview/owner128-explicit/publication-candidates/source/apps/web/src/features/codex/artifactMemory.ts
 create mode 100644 progress/evidence/2026-10-05/M6.3-artifact-UI8f-scope-closure-and-real-loopback-preview/owner128-explicit/publication-candidates/source/apps/web/src/features/codex/artifactWire.test.ts
 create mode 100644 progress/evidence/2026-10-05/M6.3-artifact-UI8f-scope-closure-and-real-loopback-preview/owner128-explicit/publication-candidates/source/apps/web/src/features/codex/useCodexArtifacts.ts
 create mode 100644 progress/evidence/2026-10-05/M6.3-artifact-UI8f-scope-closure-and-real-loopback-preview/owner128-explicit/publication-candidates/source/apps/web/src/features/imports/ImportWorkflow.tsx
 create mode 100644 progress/evidence/2026-10-05/M6.3-artifact-UI8f-scope-closure-and-real-loopback-preview/owner128-explicit/publication-candidates/spec-fixed-01/command.json
 create mode 100644 progress/evidence/2026-10-05/M6.3-artifact-UI8f-scope-closure-and-real-loopback-preview/owner128-explicit/publication-candidates/spec-fixed-01/receipt.json
 create mode 100644 progress/evidence/2026-10-05/M6.3-artifact-UI8f-scope-closure-and-real-loopback-preview/owner128-explicit/publication-candidates/spec-fixed-01/run.log
 create mode 100644 progress/evidence/2026-10-05/M6.3-artifact-UI8f-scope-closure-and-real-loopback-preview/owner128-explicit/publication-candidates/spec-fixed-01/source-after.json
 create mode 100644 progress/evidence/2026-10-05/M6.3-artifact-UI8f-scope-closure-and-real-loopback-preview/owner128-explicit/publication-candidates/spec-fixed-01/source-before.json
 create mode 100644 progress/evidence/2026-10-05/M6.3-artifact-UI8f-scope-closure-and-real-loopback-preview/owner128-explicit/publication-candidates/spec-fixed-02/command.json
 create mode 100644 progress/evidence/2026-10-05/M6.3-artifact-UI8f-scope-closure-and-real-loopback-preview/owner128-explicit/publication-candidates/spec-fixed-02/receipt.json
 create mode 100644 progress/evidence/2026-10-05/M6.3-artifact-UI8f-scope-closure-and-real-loopback-preview/owner128-explicit/publication-candidates/spec-fixed-02/run.log
 create mode 100644 progress/evidence/2026-10-05/M6.3-artifact-UI8f-scope-closure-and-real-loopback-preview/owner128-explicit/publication-candidates/spec-fixed-02/source-after.json
 create mode 100644 progress/evidence/2026-10-05/M6.3-artifact-UI8f-scope-closure-and-real-loopback-preview/owner128-explicit/publication-candidates/spec-fixed-02/source-before.json
 create mode 100644 progress/evidence/2026-10-05/M6.3-artifact-UI8f-scope-closure-and-real-loopback-preview/owner128-explicit/publication-candidates/strict-fixed-01/command.json
 create mode 100644 progress/evidence/2026-10-05/M6.3-artifact-UI8f-scope-closure-and-real-loopback-preview/owner128-explicit/publication-candidates/strict-fixed-01/receipt.json
 create mode 100644 progress/evidence/2026-10-05/M6.3-artifact-UI8f-scope-closure-and-real-loopback-preview/owner128-explicit/publication-candidates/strict-fixed-01/run.log
 create mode 100644 progress/evidence/2026-10-05/M6.3-artifact-UI8f-scope-closure-and-real-loopback-preview/owner128-explicit/publication-candidates/strict-fixed-01/source-after.json
 create mode 100644 progress/evidence/2026-10-05/M6.3-artifact-UI8f-scope-closure-and-real-loopback-preview/owner128-explicit/publication-candidates/strict-fixed-01/source-before.json
 create mode 100644 progress/evidence/2026-10-05/M6.3-artifact-UI8f-scope-closure-and-real-loopback-preview/owner128-explicit/publication-candidates/strict-fixed-02/command.json
 create mode 100644 progress/evidence/2026-10-05/M6.3-artifact-UI8f-scope-closure-and-real-loopback-preview/owner128-explicit/publication-candidates/strict-fixed-02/receipt.json
 create mode 100644 progress/evidence/2026-10-05/M6.3-artifact-UI8f-scope-closure-and-real-loopback-preview/owner128-explicit/publication-candidates/strict-fixed-02/run.log
 create mode 100644 progress/evidence/2026-10-05/M6.3-artifact-UI8f-scope-closure-and-real-loopback-preview/owner128-explicit/publication-candidates/strict-fixed-02/source-after.json
 create mode 100644 progress/evidence/2026-10-05/M6.3-artifact-UI8f-scope-closure-and-real-loopback-preview/owner128-explicit/publication-candidates/strict-fixed-02/source-before.json
 create mode 100644 progress/evidence/2026-10-05/M6.3-artifact-UI8f-scope-closure-and-real-loopback-preview/owner128-explicit/publication-candidates/wire-green-01/command.json
 create mode 100644 progress/evidence/2026-10-05/M6.3-artifact-UI8f-scope-closure-and-real-loopback-preview/owner128-explicit/publication-candidates/wire-green-01/receipt.json
 create mode 100644 progress/evidence/2026-10-05/M6.3-artifact-UI8f-scope-closure-and-real-loopback-preview/owner128-explicit/publication-candidates/wire-green-01/run.log
 create mode 100644 progress/evidence/2026-10-05/M6.3-artifact-UI8f-scope-closure-and-real-loopback-preview/owner128-explicit/publication-candidates/wire-green-01/source-after.json
 create mode 100644 progress/evidence/2026-10-05/M6.3-artifact-UI8f-scope-closure-and-real-loopback-preview/owner128-explicit/publication-candidates/wire-green-01/source-before.json
 create mode 100644 progress/evidence/2026-10-05/M6.3-artifact-UI8f-scope-closure-and-real-loopback-preview/owner128-explicit/publication-candidates/wire-red-01/command.json
 create mode 100644 progress/evidence/2026-10-05/M6.3-artifact-UI8f-scope-closure-and-real-loopback-preview/owner128-explicit/publication-candidates/wire-red-01/receipt.json
 create mode 100644 progress/evidence/2026-10-05/M6.3-artifact-UI8f-scope-closure-and-real-loopback-preview/owner128-explicit/publication-candidates/wire-red-01/run.log
 create mode 100644 progress/evidence/2026-10-05/M6.3-artifact-UI8f-scope-closure-and-real-loopback-preview/owner128-explicit/publication-candidates/wire-red-01/source-after.json
 create mode 100644 progress/evidence/2026-10-05/M6.3-artifact-UI8f-scope-closure-and-real-loopback-preview/owner128-explicit/publication-candidates/wire-red-01/source-before.json
 create mode 100644 progress/evidence/2026-10-05/M6.3-artifact-UI8f-scope-closure-and-real-loopback-preview/root-final-visual/READBACK.json
 create mode 100644 progress/evidence/2026-10-05/M6.3-artifact512-original-API-repair-owner-and-root-readback/REPORT.json
 create mode 100644 progress/evidence/2026-10-05/M6.3-artifact512-original-API-repair-owner-and-root-readback/manifest.json
 create mode 100644 progress/evidence/2026-10-05/M6.3-artifact512-original-API-repair-owner-and-root-readback/owner97-explicit/CANDIDATE_SEAL.json
 create mode 100644 progress/evidence/2026-10-05/M6.3-artifact512-original-API-repair-owner-and-root-readback/owner97-explicit/publication-candidates/AUDIT_RECEIPT.json
 create mode 100644 progress/evidence/2026-10-05/M6.3-artifact512-original-API-repair-owner-and-root-readback/owner97-explicit/publication-candidates/FINAL_BINDING.json
 create mode 100644 progress/evidence/2026-10-05/M6.3-artifact512-original-API-repair-owner-and-root-readback/owner97-explicit/publication-candidates/FULL_GIT_MANIFESTS.json
 create mode 100644 progress/evidence/2026-10-05/M6.3-artifact512-original-API-repair-owner-and-root-readback/owner97-explicit/publication-candidates/RED_HISTORY.json
 create mode 100644 progress/evidence/2026-10-05/M6.3-artifact512-original-API-repair-owner-and-root-readback/owner97-explicit/publication-candidates/REPORT.md
 create mode 100644 progress/evidence/2026-10-05/M6.3-artifact512-original-API-repair-owner-and-root-readback/owner97-explicit/publication-candidates/SOURCE_BINDING.json
 create mode 100644 progress/evidence/2026-10-05/M6.3-artifact512-original-API-repair-owner-and-root-readback/owner97-explicit/publication-candidates/allowlist.json
 create mode 100644 progress/evidence/2026-10-05/M6.3-artifact512-original-API-repair-owner-and-root-readback/owner97-explicit/publication-candidates/audit.log
 create mode 100644 progress/evidence/2026-10-05/M6.3-artifact512-original-API-repair-owner-and-root-readback/owner97-explicit/publication-candidates/audit.py
 create mode 100644 progress/evidence/2026-10-05/M6.3-artifact512-original-API-repair-owner-and-root-readback/owner97-explicit/publication-candidates/changes.patch
 create mode 100644 progress/evidence/2026-10-05/M6.3-artifact512-original-API-repair-owner-and-root-readback/owner97-explicit/publication-candidates/delivery-green-01/command.json
 create mode 100644 progress/evidence/2026-10-05/M6.3-artifact512-original-API-repair-owner-and-root-readback/owner97-explicit/publication-candidates/delivery-green-01/receipt.json
 create mode 100644 progress/evidence/2026-10-05/M6.3-artifact512-original-API-repair-owner-and-root-readback/owner97-explicit/publication-candidates/delivery-green-01/run.log
 create mode 100644 progress/evidence/2026-10-05/M6.3-artifact512-original-API-repair-owner-and-root-readback/owner97-explicit/publication-candidates/delivery-green-01/source-after.json
 create mode 100644 progress/evidence/2026-10-05/M6.3-artifact512-original-API-repair-owner-and-root-readback/owner97-explicit/publication-candidates/delivery-green-01/source-before.json
 create mode 100644 progress/evidence/2026-10-05/M6.3-artifact512-original-API-repair-owner-and-root-readback/owner97-explicit/publication-candidates/delivery-green-01/test_codex_artifact_repair_boundaries.py
 create mode 100644 progress/evidence/2026-10-05/M6.3-artifact512-original-API-repair-owner-and-root-readback/owner97-explicit/publication-candidates/delivery-red-01/command.json
 create mode 100644 progress/evidence/2026-10-05/M6.3-artifact512-original-API-repair-owner-and-root-readback/owner97-explicit/publication-candidates/delivery-red-01/receipt.json
 create mode 100644 progress/evidence/2026-10-05/M6.3-artifact512-original-API-repair-owner-and-root-readback/owner97-explicit/publication-candidates/delivery-red-01/source-after.json
 create mode 100644 progress/evidence/2026-10-05/M6.3-artifact512-original-API-repair-owner-and-root-readback/owner97-explicit/publication-candidates/delivery-red-01/source-before.json
 create mode 100644 progress/evidence/2026-10-05/M6.3-artifact512-original-API-repair-owner-and-root-readback/owner97-explicit/publication-candidates/delivery-red-01/test_codex_artifact_repair_boundaries.py
 create mode 100644 progress/evidence/2026-10-05/M6.3-artifact512-original-API-repair-owner-and-root-readback/owner97-explicit/publication-candidates/delivery-red-02/command.json
 create mode 100644 progress/evidence/2026-10-05/M6.3-artifact512-original-API-repair-owner-and-root-readback/owner97-explicit/publication-candidates/delivery-red-02/receipt.json
 create mode 100644 progress/evidence/2026-10-05/M6.3-artifact512-original-API-repair-owner-and-root-readback/owner97-explicit/publication-candidates/delivery-red-02/source-after.json
 create mode 100644 progress/evidence/2026-10-05/M6.3-artifact512-original-API-repair-owner-and-root-readback/owner97-explicit/publication-candidates/delivery-red-02/source-before.json
 create mode 100644 progress/evidence/2026-10-05/M6.3-artifact512-original-API-repair-owner-and-root-readback/owner97-explicit/publication-candidates/delivery-red-02/test_codex_artifact_repair_boundaries.py
 create mode 100644 progress/evidence/2026-10-05/M6.3-artifact512-original-API-repair-owner-and-root-readback/owner97-explicit/publication-candidates/fixed-boundaries-01/command.json
 create mode 100644 progress/evidence/2026-10-05/M6.3-artifact512-original-API-repair-owner-and-root-readback/owner97-explicit/publication-candidates/fixed-boundaries-01/receipt.json
 create mode 100644 progress/evidence/2026-10-05/M6.3-artifact512-original-API-repair-owner-and-root-readback/owner97-explicit/publication-candidates/fixed-boundaries-01/run.log
 create mode 100644 progress/evidence/2026-10-05/M6.3-artifact512-original-API-repair-owner-and-root-readback/owner97-explicit/publication-candidates/fixed-boundaries-01/source-after.json
 create mode 100644 progress/evidence/2026-10-05/M6.3-artifact512-original-API-repair-owner-and-root-readback/owner97-explicit/publication-candidates/fixed-boundaries-01/source-before.json
 create mode 100644 progress/evidence/2026-10-05/M6.3-artifact512-original-API-repair-owner-and-root-readback/owner97-explicit/publication-candidates/fixed-boundaries-01/test_codex_artifact_repair_boundaries.py
 create mode 100644 progress/evidence/2026-10-05/M6.3-artifact512-original-API-repair-owner-and-root-readback/owner97-explicit/publication-candidates/fixed-focused-01/command.json
 create mode 100644 progress/evidence/2026-10-05/M6.3-artifact512-original-API-repair-owner-and-root-readback/owner97-explicit/publication-candidates/fixed-focused-01/receipt.json
 create mode 100644 progress/evidence/2026-10-05/M6.3-artifact512-original-API-repair-owner-and-root-readback/owner97-explicit/publication-candidates/fixed-focused-01/run.log
 create mode 100644 progress/evidence/2026-10-05/M6.3-artifact512-original-API-repair-owner-and-root-readback/owner97-explicit/publication-candidates/fixed-focused-01/source-after.json
 create mode 100644 progress/evidence/2026-10-05/M6.3-artifact512-original-API-repair-owner-and-root-readback/owner97-explicit/publication-candidates/fixed-focused-01/source-before.json
 create mode 100644 progress/evidence/2026-10-05/M6.3-artifact512-original-API-repair-owner-and-root-readback/owner97-explicit/publication-candidates/fixed-focused-01/test_codex_artifact_repair_boundaries.py
 create mode 100644 progress/evidence/2026-10-05/M6.3-artifact512-original-API-repair-owner-and-root-readback/owner97-explicit/publication-candidates/fixed-related-01/command.json
 create mode 100644 progress/evidence/2026-10-05/M6.3-artifact512-original-API-repair-owner-and-root-readback/owner97-explicit/publication-candidates/fixed-related-01/receipt.json
 create mode 100644 progress/evidence/2026-10-05/M6.3-artifact512-original-API-repair-owner-and-root-readback/owner97-explicit/publication-candidates/fixed-related-01/run.log
 create mode 100644 progress/evidence/2026-10-05/M6.3-artifact512-original-API-repair-owner-and-root-readback/owner97-explicit/publication-candidates/fixed-related-01/source-after.json
 create mode 100644 progress/evidence/2026-10-05/M6.3-artifact512-original-API-repair-owner-and-root-readback/owner97-explicit/publication-candidates/fixed-related-01/source-before.json
 create mode 100644 progress/evidence/2026-10-05/M6.3-artifact512-original-API-repair-owner-and-root-readback/owner97-explicit/publication-candidates/fixed-related-01/test_codex_artifact_repair_boundaries.py
 create mode 100644 progress/evidence/2026-10-05/M6.3-artifact512-original-API-repair-owner-and-root-readback/owner97-explicit/publication-candidates/migration-green-01/command.json
 create mode 100644 progress/evidence/2026-10-05/M6.3-artifact512-original-API-repair-owner-and-root-readback/owner97-explicit/publication-candidates/migration-green-01/receipt.json
 create mode 100644 progress/evidence/2026-10-05/M6.3-artifact512-original-API-repair-owner-and-root-readback/owner97-explicit/publication-candidates/migration-green-01/run.log
 create mode 100644 progress/evidence/2026-10-05/M6.3-artifact512-original-API-repair-owner-and-root-readback/owner97-explicit/publication-candidates/migration-green-01/source-after.json
 create mode 100644 progress/evidence/2026-10-05/M6.3-artifact512-original-API-repair-owner-and-root-readback/owner97-explicit/publication-candidates/migration-green-01/source-before.json
 create mode 100644 progress/evidence/2026-10-05/M6.3-artifact512-original-API-repair-owner-and-root-readback/owner97-explicit/publication-candidates/migration-green-01/test_codex_artifact_repair_boundaries.py
 create mode 100644 progress/evidence/2026-10-05/M6.3-artifact512-original-API-repair-owner-and-root-readback/owner97-explicit/publication-candidates/migration-red-01/command.json
 create mode 100644 progress/evidence/2026-10-05/M6.3-artifact512-original-API-repair-owner-and-root-readback/owner97-explicit/publication-candidates/migration-red-01/receipt.json
 create mode 100644 progress/evidence/2026-10-05/M6.3-artifact512-original-API-repair-owner-and-root-readback/owner97-explicit/publication-candidates/migration-red-01/source-after.json
 create mode 100644 progress/evidence/2026-10-05/M6.3-artifact512-original-API-repair-owner-and-root-readback/owner97-explicit/publication-candidates/migration-red-01/source-before.json
 create mode 100644 progress/evidence/2026-10-05/M6.3-artifact512-original-API-repair-owner-and-root-readback/owner97-explicit/publication-candidates/migration-red-01/test_codex_artifact_repair_boundaries.py
 create mode 100644 progress/evidence/2026-10-05/M6.3-artifact512-original-API-repair-owner-and-root-readback/owner97-explicit/publication-candidates/run.py
 create mode 100644 progress/evidence/2026-10-05/M6.3-artifact512-original-API-repair-owner-and-root-readback/owner97-explicit/publication-candidates/source/migrations/0035_codex_import_immutable.sql
 create mode 100644 progress/evidence/2026-10-05/M6.3-artifact512-original-API-repair-owner-and-root-readback/owner97-explicit/publication-candidates/source/services/api/app/application/artifacts.py
 create mode 100644 progress/evidence/2026-10-05/M6.3-artifact512-original-API-repair-owner-and-root-readback/owner97-explicit/publication-candidates/source/services/api/app/application/codex_artifacts.py
 create mode 100644 progress/evidence/2026-10-05/M6.3-artifact512-original-API-repair-owner-and-root-readback/owner97-explicit/publication-candidates/source/services/api/app/main.py
 create mode 100644 progress/evidence/2026-10-05/M6.3-artifact512-original-API-repair-owner-and-root-readback/owner97-explicit/publication-candidates/source/tests/integration/test_codex_artifact_repair_boundaries.py
 create mode 100644 progress/evidence/2026-10-05/M6.3-artifact512-original-API-repair-owner-and-root-readback/owner97-explicit/publication-candidates/source/tests/integration/test_codex_import_owner.py
 create mode 100644 progress/evidence/2026-10-05/M6.3-artifact512-original-API-repair-owner-and-root-readback/owner97-explicit/publication-candidates/static-diff-01/command.json
 create mode 100644 progress/evidence/2026-10-05/M6.3-artifact512-original-API-repair-owner-and-root-readback/owner97-explicit/publication-candidates/static-diff-01/receipt.json
 create mode 100644 progress/evidence/2026-10-05/M6.3-artifact512-original-API-repair-owner-and-root-readback/owner97-explicit/publication-candidates/static-diff-01/run.log
 create mode 100644 progress/evidence/2026-10-05/M6.3-artifact512-original-API-repair-owner-and-root-readback/owner97-explicit/publication-candidates/static-diff-01/source-after.json
 create mode 100644 progress/evidence/2026-10-05/M6.3-artifact512-original-API-repair-owner-and-root-readback/owner97-explicit/publication-candidates/static-diff-01/source-before.json
 create mode 100644 progress/evidence/2026-10-05/M6.3-artifact512-original-API-repair-owner-and-root-readback/owner97-explicit/publication-candidates/static-diff-01/test_codex_artifact_repair_boundaries.py
 create mode 100644 progress/evidence/2026-10-05/M6.3-artifact512-original-API-repair-owner-and-root-readback/owner97-explicit/publication-candidates/static-generated-01/command.json
 create mode 100644 progress/evidence/2026-10-05/M6.3-artifact512-original-API-repair-owner-and-root-readback/owner97-explicit/publication-candidates/static-generated-01/receipt.json
 create mode 100644 progress/evidence/2026-10-05/M6.3-artifact512-original-API-repair-owner-and-root-readback/owner97-explicit/publication-candidates/static-generated-01/run.log
 create mode 100644 progress/evidence/2026-10-05/M6.3-artifact512-original-API-repair-owner-and-root-readback/owner97-explicit/publication-candidates/static-generated-01/source-after.json
 create mode 100644 progress/evidence/2026-10-05/M6.3-artifact512-original-API-repair-owner-and-root-readback/owner97-explicit/publication-candidates/static-generated-01/source-before.json
 create mode 100644 progress/evidence/2026-10-05/M6.3-artifact512-original-API-repair-owner-and-root-readback/owner97-explicit/publication-candidates/static-generated-01/test_codex_artifact_repair_boundaries.py
 create mode 100644 progress/evidence/2026-10-05/M6.3-artifact512-original-API-repair-owner-and-root-readback/owner97-explicit/publication-candidates/static-mypy-01/command.json
 create mode 100644 progress/evidence/2026-10-05/M6.3-artifact512-original-API-repair-owner-and-root-readback/owner97-explicit/publication-candidates/static-mypy-01/receipt.json
 create mode 100644 progress/evidence/2026-10-05/M6.3-artifact512-original-API-repair-owner-and-root-readback/owner97-explicit/publication-candidates/static-mypy-01/run.log
 create mode 100644 progress/evidence/2026-10-05/M6.3-artifact512-original-API-repair-owner-and-root-readback/owner97-explicit/publication-candidates/static-mypy-01/source-after.json
 create mode 100644 progress/evidence/2026-10-05/M6.3-artifact512-original-API-repair-owner-and-root-readback/owner97-explicit/publication-candidates/static-mypy-01/source-before.json
 create mode 100644 progress/evidence/2026-10-05/M6.3-artifact512-original-API-repair-owner-and-root-readback/owner97-explicit/publication-candidates/static-mypy-01/test_codex_artifact_repair_boundaries.py
 create mode 100644 progress/evidence/2026-10-05/M6.3-artifact512-original-API-repair-owner-and-root-readback/owner97-explicit/publication-candidates/static-ruff-01/command.json
 create mode 100644 progress/evidence/2026-10-05/M6.3-artifact512-original-API-repair-owner-and-root-readback/owner97-explicit/publication-candidates/static-ruff-01/receipt.json
 create mode 100644 progress/evidence/2026-10-05/M6.3-artifact512-original-API-repair-owner-and-root-readback/owner97-explicit/publication-candidates/static-ruff-01/run.log
 create mode 100644 progress/evidence/2026-10-05/M6.3-artifact512-original-API-repair-owner-and-root-readback/owner97-explicit/publication-candidates/static-ruff-01/source-after.json
 create mode 100644 progress/evidence/2026-10-05/M6.3-artifact512-original-API-repair-owner-and-root-readback/owner97-explicit/publication-candidates/static-ruff-01/source-before.json
 create mode 100644 progress/evidence/2026-10-05/M6.3-artifact512-original-API-repair-owner-and-root-readback/owner97-explicit/publication-candidates/static-ruff-01/test_codex_artifact_repair_boundaries.py
 create mode 100644 progress/evidence/2026-10-05/M6.3-artifact512-original-API-repair-owner-and-root-readback/owner97-explicit/publication-candidates/static-spec-01/command.json
 create mode 100644 progress/evidence/2026-10-05/M6.3-artifact512-original-API-repair-owner-and-root-readback/owner97-explicit/publication-candidates/static-spec-01/receipt.json
 create mode 100644 progress/evidence/2026-10-05/M6.3-artifact512-original-API-repair-owner-and-root-readback/owner97-explicit/publication-candidates/static-spec-01/run.log
 create mode 100644 progress/evidence/2026-10-05/M6.3-artifact512-original-API-repair-owner-and-root-readback/owner97-explicit/publication-candidates/static-spec-01/source-after.json
 create mode 100644 progress/evidence/2026-10-05/M6.3-artifact512-original-API-repair-owner-and-root-readback/owner97-explicit/publication-candidates/static-spec-01/source-before.json
 create mode 100644 progress/evidence/2026-10-05/M6.3-artifact512-original-API-repair-owner-and-root-readback/owner97-explicit/publication-candidates/static-spec-01/test_codex_artifact_repair_boundaries.py
 create mode 100644 progress/evidence/2026-10-05/M6.3-artifact512-original-API-repair-owner-and-root-readback/owner97-explicit/publication-candidates/static-typescript-01/command.json
 create mode 100644 progress/evidence/2026-10-05/M6.3-artifact512-original-API-repair-owner-and-root-readback/owner97-explicit/publication-candidates/static-typescript-01/receipt.json
 create mode 100644 progress/evidence/2026-10-05/M6.3-artifact512-original-API-repair-owner-and-root-readback/owner97-explicit/publication-candidates/static-typescript-01/run.log
 create mode 100644 progress/evidence/2026-10-05/M6.3-artifact512-original-API-repair-owner-and-root-readback/owner97-explicit/publication-candidates/static-typescript-01/source-after.json
 create mode 100644 progress/evidence/2026-10-05/M6.3-artifact512-original-API-repair-owner-and-root-readback/owner97-explicit/publication-candidates/static-typescript-01/source-before.json
 create mode 100644 progress/evidence/2026-10-05/M6.3-artifact512-original-API-repair-owner-and-root-readback/owner97-explicit/publication-candidates/static-typescript-01/test_codex_artifact_repair_boundaries.py
 create mode 100644 progress/evidence/2026-10-05/M6.3-artifact512-original-API-repair-owner-and-root-readback/root/READBACK.json
 create mode 100644 progress/evidence/2026-10-05/M6.3-artifact512-original-API-repair-owner-and-root-readback/root/verify_candidates.py
 create mode 100644 progress/evidence/2026-10-05/M6.3-artifact512-original-API-repair-owner-and-root-readback/root/verify_owner_runs.py
 create mode 100644 progress/evidence/2026-10-05/M6.3-combination4353-Python-terminal-and-Web-original-failure/REPORT.json
 create mode 100644 progress/evidence/2026-10-05/M6.3-combination4353-Python-terminal-and-Web-original-failure/manifest.json
 create mode 100644 progress/evidence/2026-10-05/M6.3-combination4353-Python-terminal-and-Web-original-failure/original-full-python/full-python/after.json
 create mode 100644 progress/evidence/2026-10-05/M6.3-combination4353-Python-terminal-and-Web-original-failure/original-full-python/full-python/before.json
 create mode 100644 progress/evidence/2026-10-05/M6.3-combination4353-Python-terminal-and-Web-original-failure/original-full-python/full-python/command.json
 create mode 100644 progress/evidence/2026-10-05/M6.3-combination4353-Python-terminal-and-Web-original-failure/original-full-python/full-python/receipt.json
 create mode 100644 progress/evidence/2026-10-05/M6.3-combination4353-Python-terminal-and-Web-original-failure/original-full-python/full-python/run.log
 create mode 100644 progress/evidence/2026-10-05/M6.3-combination4353-Python-terminal-and-Web-original-failure/original-full-web/full-web/after.json
 create mode 100644 progress/evidence/2026-10-05/M6.3-combination4353-Python-terminal-and-Web-original-failure/original-full-web/full-web/before.json
 create mode 100644 progress/evidence/2026-10-05/M6.3-combination4353-Python-terminal-and-Web-original-failure/original-full-web/full-web/command.json
 create mode 100644 progress/evidence/2026-10-05/M6.3-combination4353-Python-terminal-and-Web-original-failure/original-full-web/full-web/receipt.json
 create mode 100644 progress/evidence/2026-10-05/M6.3-combination4353-Python-terminal-and-Web-original-failure/original-runner/run.py
 create mode 100644 progress/evidence/2026-10-05/M6.3-combination4353-Python-terminal-and-Web-original-failure/original-static-build/static-build/after.json
 create mode 100644 progress/evidence/2026-10-05/M6.3-combination4353-Python-terminal-and-Web-original-failure/original-static-build/static-build/before.json
 create mode 100644 progress/evidence/2026-10-05/M6.3-combination4353-Python-terminal-and-Web-original-failure/original-static-build/static-build/command.json
 create mode 100644 progress/evidence/2026-10-05/M6.3-combination4353-Python-terminal-and-Web-original-failure/original-static-build/static-build/receipt.json
 create mode 100644 progress/evidence/2026-10-05/M6.3-combination4353-Python-terminal-and-Web-original-failure/original-static-build/static-build/run.log
 create mode 100644 progress/evidence/2026-10-05/M6.3-combination4353-Python-terminal-and-Web-original-failure/original-static-diff/static-diff/after.json
 create mode 100644 progress/evidence/2026-10-05/M6.3-combination4353-Python-terminal-and-Web-original-failure/original-static-diff/static-diff/before.json
 create mode 100644 progress/evidence/2026-10-05/M6.3-combination4353-Python-terminal-and-Web-original-failure/original-static-diff/static-diff/command.json
 create mode 100644 progress/evidence/2026-10-05/M6.3-combination4353-Python-terminal-and-Web-original-failure/original-static-diff/static-diff/receipt.json
 create mode 100644 progress/evidence/2026-10-05/M6.3-combination4353-Python-terminal-and-Web-original-failure/original-static-diff/static-diff/run.log
 create mode 100644 progress/evidence/2026-10-05/M6.3-combination4353-Python-terminal-and-Web-original-failure/original-static-generated/static-generated/after.json
 create mode 100644 progress/evidence/2026-10-05/M6.3-combination4353-Python-terminal-and-Web-original-failure/original-static-generated/static-generated/before.json
 create mode 100644 progress/evidence/2026-10-05/M6.3-combination4353-Python-terminal-and-Web-original-failure/original-static-generated/static-generated/command.json
 create mode 100644 progress/evidence/2026-10-05/M6.3-combination4353-Python-terminal-and-Web-original-failure/original-static-generated/static-generated/receipt.json
 create mode 100644 progress/evidence/2026-10-05/M6.3-combination4353-Python-terminal-and-Web-original-failure/original-static-generated/static-generated/run.log
 create mode 100644 progress/evidence/2026-10-05/M6.3-combination4353-Python-terminal-and-Web-original-failure/original-static-mypy/static-mypy/after.json
 create mode 100644 progress/evidence/2026-10-05/M6.3-combination4353-Python-terminal-and-Web-original-failure/original-static-mypy/static-mypy/before.json
 create mode 100644 progress/evidence/2026-10-05/M6.3-combination4353-Python-terminal-and-Web-original-failure/original-static-mypy/static-mypy/command.json
 create mode 100644 progress/evidence/2026-10-05/M6.3-combination4353-Python-terminal-and-Web-original-failure/original-static-mypy/static-mypy/receipt.json
 create mode 100644 progress/evidence/2026-10-05/M6.3-combination4353-Python-terminal-and-Web-original-failure/original-static-mypy/static-mypy/run.log
 create mode 100644 progress/evidence/2026-10-05/M6.3-combination4353-Python-terminal-and-Web-original-failure/original-static-ruff/static-ruff/after.json
 create mode 100644 progress/evidence/2026-10-05/M6.3-combination4353-Python-terminal-and-Web-original-failure/original-static-ruff/static-ruff/before.json
 create mode 100644 progress/evidence/2026-10-05/M6.3-combination4353-Python-terminal-and-Web-original-failure/original-static-ruff/static-ruff/command.json
 create mode 100644 progress/evidence/2026-10-05/M6.3-combination4353-Python-terminal-and-Web-original-failure/original-static-ruff/static-ruff/receipt.json
 create mode 100644 progress/evidence/2026-10-05/M6.3-combination4353-Python-terminal-and-Web-original-failure/original-static-ruff/static-ruff/run.log
 create mode 100644 progress/evidence/2026-10-05/M6.3-combination4353-Python-terminal-and-Web-original-failure/original-static-spec/static-spec/after.json
 create mode 100644 progress/evidence/2026-10-05/M6.3-combination4353-Python-terminal-and-Web-original-failure/original-static-spec/static-spec/before.json
 create mode 100644 progress/evidence/2026-10-05/M6.3-combination4353-Python-terminal-and-Web-original-failure/original-static-spec/static-spec/command.json
 create mode 100644 progress/evidence/2026-10-05/M6.3-combination4353-Python-terminal-and-Web-original-failure/original-static-spec/static-spec/receipt.json
 create mode 100644 progress/evidence/2026-10-05/M6.3-combination4353-Python-terminal-and-Web-original-failure/original-static-spec/static-spec/run.log
 create mode 100644 progress/evidence/2026-10-05/M6.3-combination4353-Python-terminal-and-Web-original-failure/original-static-strict/static-strict/after.json
 create mode 100644 progress/evidence/2026-10-05/M6.3-combination4353-Python-terminal-and-Web-original-failure/original-static-strict/static-strict/before.json
 create mode 100644 progress/evidence/2026-10-05/M6.3-combination4353-Python-terminal-and-Web-original-failure/original-static-strict/static-strict/command.json
 create mode 100644 progress/evidence/2026-10-05/M6.3-combination4353-Python-terminal-and-Web-original-failure/original-static-strict/static-strict/receipt.json
 create mode 100644 progress/evidence/2026-10-05/M6.3-combination4353-Python-terminal-and-Web-original-failure/original-static-strict/static-strict/run.log
 create mode 100644 progress/evidence/2026-10-05/M6.3-combination4353-Python-terminal-and-Web-original-failure/root-terminal-readback/READBACK.json
 create mode 100644 progress/evidence/2026-10-05/M6.3-event-UI80b-closed-read-channel-and-independent-readback/REPORT.json
 create mode 100644 progress/evidence/2026-10-05/M6.3-event-UI80b-closed-read-channel-and-independent-readback/independent/OUTER_ALLOWLIST.json
 create mode 100644 progress/evidence/2026-10-05/M6.3-event-UI80b-closed-read-channel-and-independent-readback/independent/PUBLICATION_SCAN.json
 create mode 100644 progress/evidence/2026-10-05/M6.3-event-UI80b-closed-read-channel-and-independent-readback/independent/SAFE_SHARE.json
 create mode 100644 progress/evidence/2026-10-05/M6.3-event-UI80b-closed-read-channel-and-independent-readback/independent/safe-share/FIXED_SOURCE_INPUTS.json
 create mode 100644 progress/evidence/2026-10-05/M6.3-event-UI80b-closed-read-channel-and-independent-readback/independent/safe-share/READBACK.json
 create mode 100644 progress/evidence/2026-10-05/M6.3-event-UI80b-closed-read-channel-and-independent-readback/independent/safe-share/REVIEW.md
 create mode 100644 progress/evidence/2026-10-05/M6.3-event-UI80b-closed-read-channel-and-independent-readback/manifest.json
 create mode 100644 progress/evidence/2026-10-05/M6.3-event-UI80b-closed-read-channel-and-independent-readback/owner55-explicit/OUTER_MANIFEST.json
 create mode 100644 progress/evidence/2026-10-05/M6.3-event-UI80b-closed-read-channel-and-independent-readback/owner55-explicit/RAW_MANIFEST.json
 create mode 100644 progress/evidence/2026-10-05/M6.3-event-UI80b-closed-read-channel-and-independent-readback/owner55-explicit/SAFE_SHARE.json
 create mode 100644 progress/evidence/2026-10-05/M6.3-event-UI80b-closed-read-channel-and-independent-readback/owner55-explicit/SAFE_SHARE/REPORT.md
 create mode 100644 progress/evidence/2026-10-05/M6.3-event-UI80b-closed-read-channel-and-independent-readback/owner55-explicit/SAFE_SHARE/SELF_REVIEW.md
 create mode 100644 progress/evidence/2026-10-05/M6.3-event-UI80b-closed-read-channel-and-independent-readback/owner55-explicit/SAFE_SHARE/SOURCE_BINDING.json
 create mode 100644 progress/evidence/2026-10-05/M6.3-event-UI80b-closed-read-channel-and-independent-readback/owner55-explicit/SAFE_SHARE/fixed-80b405a9/build.log
 create mode 100644 progress/evidence/2026-10-05/M6.3-event-UI80b-closed-read-channel-and-independent-readback/owner55-explicit/SAFE_SHARE/fixed-80b405a9/focused.log
 create mode 100644 progress/evidence/2026-10-05/M6.3-event-UI80b-closed-read-channel-and-independent-readback/owner55-explicit/SAFE_SHARE/fixed-80b405a9/inputs-after.json
 create mode 100644 progress/evidence/2026-10-05/M6.3-event-UI80b-closed-read-channel-and-independent-readback/owner55-explicit/SAFE_SHARE/fixed-80b405a9/inputs-before.json
 create mode 100644 progress/evidence/2026-10-05/M6.3-event-UI80b-closed-read-channel-and-independent-readback/owner55-explicit/SAFE_SHARE/fixed-80b405a9/receipt.json
 create mode 100644 progress/evidence/2026-10-05/M6.3-event-UI80b-closed-read-channel-and-independent-readback/owner55-explicit/SAFE_SHARE/fixed-80b405a9/results.json
 create mode 100644 progress/evidence/2026-10-05/M6.3-event-UI80b-closed-read-channel-and-independent-readback/owner55-explicit/SAFE_SHARE/fixed-80b405a9/run.py
 create mode 100644 progress/evidence/2026-10-05/M6.3-event-UI80b-closed-read-channel-and-independent-readback/owner55-explicit/SAFE_SHARE/fixed-80b405a9/strict.log
 create mode 100644 progress/evidence/2026-10-05/M6.3-event-UI80b-closed-read-channel-and-independent-readback/owner55-explicit/SAFE_SHARE/fixed-80b405a9/web.log
 create mode 100644 progress/evidence/2026-10-05/M6.3-event-UI80b-closed-read-channel-and-independent-readback/owner55-explicit/SAFE_SHARE/native-02-80b405a9/inputs-after.json
 create mode 100644 progress/evidence/2026-10-05/M6.3-event-UI80b-closed-read-channel-and-independent-readback/owner55-explicit/SAFE_SHARE/native-02-80b405a9/inputs-before.json
 create mode 100644 progress/evidence/2026-10-05/M6.3-event-UI80b-closed-read-channel-and-independent-readback/owner55-explicit/SAFE_SHARE/native-02-80b405a9/receipt.json
 create mode 100644 progress/evidence/2026-10-05/M6.3-event-UI80b-closed-read-channel-and-independent-readback/owner55-explicit/SAFE_SHARE/native-02-80b405a9/results.json
 create mode 100644 progress/evidence/2026-10-05/M6.3-event-UI80b-closed-read-channel-and-independent-readback/owner55-explicit/SAFE_SHARE/native-02-80b405a9/run.py
 create mode 100644 progress/evidence/2026-10-05/M6.3-event-UI80b-closed-read-channel-and-independent-readback/owner55-explicit/SAFE_SHARE/native-03-80b405a9/inputs-after.json
 create mode 100644 progress/evidence/2026-10-05/M6.3-event-UI80b-closed-read-channel-and-independent-readback/owner55-explicit/SAFE_SHARE/native-03-80b405a9/inputs-before.json
 create mode 100644 progress/evidence/2026-10-05/M6.3-event-UI80b-closed-read-channel-and-independent-readback/owner55-explicit/SAFE_SHARE/native-03-80b405a9/receipt.json
 create mode 100644 progress/evidence/2026-10-05/M6.3-event-UI80b-closed-read-channel-and-independent-readback/owner55-explicit/SAFE_SHARE/native-03-80b405a9/results.json
 create mode 100644 progress/evidence/2026-10-05/M6.3-event-UI80b-closed-read-channel-and-independent-readback/owner55-explicit/SAFE_SHARE/native-03-80b405a9/run.py
 create mode 100644 progress/evidence/2026-10-05/M6.3-event-UI80b-closed-read-channel-and-independent-readback/owner55-explicit/SAFE_SHARE/native-04-80b405a9/artifacts/event-reader-actual-browse-02e1c-h-actor-and-only-issues-GET/codex-events-actual.json
 create mode 100644 progress/evidence/2026-10-05/M6.3-event-UI80b-closed-read-channel-and-independent-readback/owner55-explicit/SAFE_SHARE/native-04-80b405a9/artifacts/event-reader-actual-browse-02e1c-h-actor-and-only-issues-GET/events-1440.png
 create mode 100644 progress/evidence/2026-10-05/M6.3-event-UI80b-closed-read-channel-and-independent-readback/owner55-explicit/SAFE_SHARE/native-04-80b405a9/artifacts/event-reader-actual-browse-02e1c-h-actor-and-only-issues-GET/events-390.png
 create mode 100644 progress/evidence/2026-10-05/M6.3-event-UI80b-closed-read-channel-and-independent-readback/owner55-explicit/SAFE_SHARE/native-04-80b405a9/event-harness.tsx
 create mode 100644 progress/evidence/2026-10-05/M6.3-event-UI80b-closed-read-channel-and-independent-readback/owner55-explicit/SAFE_SHARE/native-04-80b405a9/event-reader.spec.ts
 create mode 100644 progress/evidence/2026-10-05/M6.3-event-UI80b-closed-read-channel-and-independent-readback/owner55-explicit/SAFE_SHARE/native-04-80b405a9/inputs-after.json
 create mode 100644 progress/evidence/2026-10-05/M6.3-event-UI80b-closed-read-channel-and-independent-readback/owner55-explicit/SAFE_SHARE/native-04-80b405a9/inputs-before.json
 create mode 100644 progress/evidence/2026-10-05/M6.3-event-UI80b-closed-read-channel-and-independent-readback/owner55-explicit/SAFE_SHARE/native-04-80b405a9/native.log
 create mode 100644 progress/evidence/2026-10-05/M6.3-event-UI80b-closed-read-channel-and-independent-readback/owner55-explicit/SAFE_SHARE/native-04-80b405a9/package.json
 create mode 100644 progress/evidence/2026-10-05/M6.3-event-UI80b-closed-read-channel-and-independent-readback/owner55-explicit/SAFE_SHARE/native-04-80b405a9/playwright.config.ts
 create mode 100644 progress/evidence/2026-10-05/M6.3-event-UI80b-closed-read-channel-and-independent-readback/owner55-explicit/SAFE_SHARE/native-04-80b405a9/receipt.json
 create mode 100644 progress/evidence/2026-10-05/M6.3-event-UI80b-closed-read-channel-and-independent-readback/owner55-explicit/SAFE_SHARE/native-04-80b405a9/results.json
 create mode 100644 progress/evidence/2026-10-05/M6.3-event-UI80b-closed-read-channel-and-independent-readback/owner55-explicit/SAFE_SHARE/native-04-80b405a9/run.py
 create mode 100644 progress/evidence/2026-10-05/M6.3-event-UI80b-closed-read-channel-and-independent-readback/owner55-explicit/SAFE_SHARE/native-80b405a9/inputs-after.json
 create mode 100644 progress/evidence/2026-10-05/M6.3-event-UI80b-closed-read-channel-and-independent-readback/owner55-explicit/SAFE_SHARE/native-80b405a9/inputs-before.json
 create mode 100644 progress/evidence/2026-10-05/M6.3-event-UI80b-closed-read-channel-and-independent-readback/owner55-explicit/SAFE_SHARE/native-80b405a9/receipt.json
 create mode 100644 progress/evidence/2026-10-05/M6.3-event-UI80b-closed-read-channel-and-independent-readback/owner55-explicit/SAFE_SHARE/native-80b405a9/results.json
 create mode 100644 progress/evidence/2026-10-05/M6.3-event-UI80b-closed-read-channel-and-independent-readback/owner55-explicit/SAFE_SHARE/native-80b405a9/run.py
 create mode 100644 progress/evidence/2026-10-05/M6.3-event-UI80b-closed-read-channel-and-independent-readback/owner55-explicit/SAFE_SHARE/native-types-05/inputs-after.json
 create mode 100644 progress/evidence/2026-10-05/M6.3-event-UI80b-closed-read-channel-and-independent-readback/owner55-explicit/SAFE_SHARE/native-types-05/inputs-before.json
 create mode 100644 progress/evidence/2026-10-05/M6.3-event-UI80b-closed-read-channel-and-independent-readback/owner55-explicit/SAFE_SHARE/native-types-05/native-types.log
 create mode 100644 progress/evidence/2026-10-05/M6.3-event-UI80b-closed-read-channel-and-independent-readback/owner55-explicit/SAFE_SHARE/native-types-05/playwright-types.d.ts
 create mode 100644 progress/evidence/2026-10-05/M6.3-event-UI80b-closed-read-channel-and-independent-readback/owner55-explicit/SAFE_SHARE/native-types-05/receipt.json
 create mode 100644 progress/evidence/2026-10-05/M6.3-event-UI80b-closed-read-channel-and-independent-readback/owner55-explicit/SAFE_SHARE/native-types-05/results.json
 create mode 100644 progress/evidence/2026-10-05/M6.3-event-UI80b-closed-read-channel-and-independent-readback/owner55-explicit/SAFE_SHARE/native-types-05/run.py
 create mode 100644 progress/evidence/2026-10-05/M6.3-event-UI80b-closed-read-channel-and-independent-readback/owner55-explicit/SAFE_SHARE/native-types-05/tsconfig.json
 create mode 100644 progress/evidence/2026-10-05/M6.3-event-UI80b-closed-read-channel-and-independent-readback/owner55-explicit/SAFE_SHARE/source-80b405a9/CodexTurnEventsPanel.test.tsx
 create mode 100644 progress/evidence/2026-10-05/M6.3-event-UI80b-closed-read-channel-and-independent-readback/owner55-explicit/SAFE_SHARE/source-80b405a9/CodexTurnEventsPanel.tsx
 create mode 100644 progress/evidence/2026-10-05/M6.3-event-UI80b-closed-read-channel-and-independent-readback/owner55-explicit/SAFE_SHARE/source-80b405a9/CodexTurnPanel.tsx
 create mode 100644 progress/evidence/2026-10-05/M6.3-event-UI80b-closed-read-channel-and-independent-readback/owner55-explicit/SAFE_SHARE/source-80b405a9/turnEventClient.test.ts
 create mode 100644 progress/evidence/2026-10-05/M6.3-event-UI80b-closed-read-channel-and-independent-readback/owner55-explicit/SAFE_SHARE/source-80b405a9/turnEventClient.ts
 create mode 100644 progress/evidence/2026-10-05/M6.3-event-UI80b-closed-read-channel-and-independent-readback/owner55-explicit/SAFE_SHARE/source-80b405a9/turnEventSchema.ts
 create mode 100644 progress/evidence/2026-10-05/M6.3-event-UI80b-closed-read-channel-and-independent-readback/owner55-explicit/SAFE_SHARE/source-80b405a9/useCodexTurnEvents.ts
 create mode 100644 progress/evidence/2026-10-05/M6.3-event-UI80b-closed-read-channel-and-independent-readback/owner55-explicit/SCAN.json
 create mode 100644 progress/evidence/2026-10-05/M6.3-event-UI80b-closed-read-channel-and-independent-readback/owner55-explicit/SEAL_INPUTS.json
 create mode 100644 progress/evidence/2026-10-05/M6.3-event-UI80b-closed-read-channel-and-independent-readback/owner55-explicit/VERIFY.py
 create mode 100644 progress/evidence/2026-10-05/M6.3-form-notice-race-original-counterexample-and-AA-closure/REPORT.json
 create mode 100644 progress/evidence/2026-10-05/M6.3-form-notice-race-original-counterexample-and-AA-closure/all-codex-regression/all-codex-regression/after.json
 create mode 100644 progress/evidence/2026-10-05/M6.3-form-notice-race-original-counterexample-and-AA-closure/all-codex-regression/all-codex-regression/before.json
 create mode 100644 progress/evidence/2026-10-05/M6.3-form-notice-race-original-counterexample-and-AA-closure/all-codex-regression/all-codex-regression/command.json
 create mode 100644 progress/evidence/2026-10-05/M6.3-form-notice-race-original-counterexample-and-AA-closure/all-codex-regression/all-codex-regression/receipt.json
 create mode 100644 progress/evidence/2026-10-05/M6.3-form-notice-race-original-counterexample-and-AA-closure/all-codex-regression/all-codex-regression/run.log
 create mode 100644 progress/evidence/2026-10-05/M6.3-form-notice-race-original-counterexample-and-AA-closure/delayed-save-green/delayed-save-green/after.json
 create mode 100644 progress/evidence/2026-10-05/M6.3-form-notice-race-original-counterexample-and-AA-closure/delayed-save-green/delayed-save-green/before.json
 create mode 100644 progress/evidence/2026-10-05/M6.3-form-notice-race-original-counterexample-and-AA-closure/delayed-save-green/delayed-save-green/command.json
 create mode 100644 progress/evidence/2026-10-05/M6.3-form-notice-race-original-counterexample-and-AA-closure/delayed-save-green/delayed-save-green/receipt.json
 create mode 100644 progress/evidence/2026-10-05/M6.3-form-notice-race-original-counterexample-and-AA-closure/delayed-save-green/delayed-save-green/run.log
 create mode 100644 progress/evidence/2026-10-05/M6.3-form-notice-race-original-counterexample-and-AA-closure/delayed-save-red/delayed-save-red/after.json
 create mode 100644 progress/evidence/2026-10-05/M6.3-form-notice-race-original-counterexample-and-AA-closure/delayed-save-red/delayed-save-red/before.json
 create mode 100644 progress/evidence/2026-10-05/M6.3-form-notice-race-original-counterexample-and-AA-closure/delayed-save-red/delayed-save-red/command.json
 create mode 100644 progress/evidence/2026-10-05/M6.3-form-notice-race-original-counterexample-and-AA-closure/delayed-save-red/delayed-save-red/receipt.json
 create mode 100644 progress/evidence/2026-10-05/M6.3-form-notice-race-original-counterexample-and-AA-closure/fixed-build/fixed-build/after.json
 create mode 100644 progress/evidence/2026-10-05/M6.3-form-notice-race-original-counterexample-and-AA-closure/fixed-build/fixed-build/before.json
 create mode 100644 progress/evidence/2026-10-05/M6.3-form-notice-race-original-counterexample-and-AA-closure/fixed-build/fixed-build/command.json
 create mode 100644 progress/evidence/2026-10-05/M6.3-form-notice-race-original-counterexample-and-AA-closure/fixed-build/fixed-build/receipt.json
 create mode 100644 progress/evidence/2026-10-05/M6.3-form-notice-race-original-counterexample-and-AA-closure/fixed-build/fixed-build/run.log
 create mode 100644 progress/evidence/2026-10-05/M6.3-form-notice-race-original-counterexample-and-AA-closure/fixed-full-web/fixed-full-web/after.json
 create mode 100644 progress/evidence/2026-10-05/M6.3-form-notice-race-original-counterexample-and-AA-closure/fixed-full-web/fixed-full-web/before.json
 create mode 100644 progress/evidence/2026-10-05/M6.3-form-notice-race-original-counterexample-and-AA-closure/fixed-full-web/fixed-full-web/command.json
 create mode 100644 progress/evidence/2026-10-05/M6.3-form-notice-race-original-counterexample-and-AA-closure/fixed-full-web/fixed-full-web/receipt.json
 create mode 100644 progress/evidence/2026-10-05/M6.3-form-notice-race-original-counterexample-and-AA-closure/fixed-full-web/fixed-full-web/run.log
 create mode 100644 progress/evidence/2026-10-05/M6.3-form-notice-race-original-counterexample-and-AA-closure/fixed-strict/fixed-strict/after.json
 create mode 100644 progress/evidence/2026-10-05/M6.3-form-notice-race-original-counterexample-and-AA-closure/fixed-strict/fixed-strict/before.json
 create mode 100644 progress/evidence/2026-10-05/M6.3-form-notice-race-original-counterexample-and-AA-closure/fixed-strict/fixed-strict/command.json
 create mode 100644 progress/evidence/2026-10-05/M6.3-form-notice-race-original-counterexample-and-AA-closure/fixed-strict/fixed-strict/receipt.json
 create mode 100644 progress/evidence/2026-10-05/M6.3-form-notice-race-original-counterexample-and-AA-closure/fixed-strict/fixed-strict/run.log
 create mode 100644 progress/evidence/2026-10-05/M6.3-form-notice-race-original-counterexample-and-AA-closure/independent/OUTER_ALLOWLIST.json
 create mode 100644 progress/evidence/2026-10-05/M6.3-form-notice-race-original-counterexample-and-AA-closure/independent/PUBLICATION_SCAN.json
 create mode 100644 progress/evidence/2026-10-05/M6.3-form-notice-race-original-counterexample-and-AA-closure/independent/SAFE_SHARE.json
 create mode 100644 progress/evidence/2026-10-05/M6.3-form-notice-race-original-counterexample-and-AA-closure/independent/safe-share/FIXED_SOURCE_INPUTS.json
 create mode 100644 progress/evidence/2026-10-05/M6.3-form-notice-race-original-counterexample-and-AA-closure/independent/safe-share/READBACK.json
 create mode 100644 progress/evidence/2026-10-05/M6.3-form-notice-race-original-counterexample-and-AA-closure/independent/safe-share/REVIEW.json
 create mode 100644 progress/evidence/2026-10-05/M6.3-form-notice-race-original-counterexample-and-AA-closure/independent/safe-share/REVIEW.md
 create mode 100644 progress/evidence/2026-10-05/M6.3-form-notice-race-original-counterexample-and-AA-closure/independent/safe-share/verify.py
 create mode 100644 progress/evidence/2026-10-05/M6.3-form-notice-race-original-counterexample-and-AA-closure/manifest.json
 create mode 100644 progress/evidence/2026-10-05/M6.3-form-notice-race-original-counterexample-and-AA-closure/root-race-runner/run.py
 create mode 100644 progress/evidence/2026-10-05/M6.3-generic-approval43-exact-owner-evidence-and-root-native-readback/REPORT.json
 create mode 100644 progress/evidence/2026-10-05/M6.3-generic-approval43-exact-owner-evidence-and-root-native-readback/manifest.json
 create mode 100644 progress/evidence/2026-10-05/M6.3-generic-approval43-exact-owner-evidence-and-root-native-readback/owner93-explicit/PACKAGE_SEAL.json
 create mode 100644 progress/evidence/2026-10-05/M6.3-generic-approval43-exact-owner-evidence-and-root-native-readback/owner93-explicit/PUBLIC_CANDIDATES.json
 create mode 100644 progress/evidence/2026-10-05/M6.3-generic-approval43-exact-owner-evidence-and-root-native-readback/owner93-explicit/safe-candidates/gates/closure-build/command.json
 create mode 100644 progress/evidence/2026-10-05/M6.3-generic-approval43-exact-owner-evidence-and-root-native-readback/owner93-explicit/safe-candidates/gates/closure-build/receipt.json
 create mode 100644 progress/evidence/2026-10-05/M6.3-generic-approval43-exact-owner-evidence-and-root-native-readback/owner93-explicit/safe-candidates/gates/closure-build/run.log
 create mode 100644 progress/evidence/2026-10-05/M6.3-generic-approval43-exact-owner-evidence-and-root-native-readback/owner93-explicit/safe-candidates/gates/closure-build/source-after.json
 create mode 100644 progress/evidence/2026-10-05/M6.3-generic-approval43-exact-owner-evidence-and-root-native-readback/owner93-explicit/safe-candidates/gates/closure-build/source-before.json
 create mode 100644 progress/evidence/2026-10-05/M6.3-generic-approval43-exact-owner-evidence-and-root-native-readback/owner93-explicit/safe-candidates/gates/closure-full-web/command.json
 create mode 100644 progress/evidence/2026-10-05/M6.3-generic-approval43-exact-owner-evidence-and-root-native-readback/owner93-explicit/safe-candidates/gates/closure-full-web/receipt.json
 create mode 100644 progress/evidence/2026-10-05/M6.3-generic-approval43-exact-owner-evidence-and-root-native-readback/owner93-explicit/safe-candidates/gates/closure-full-web/run.log
 create mode 100644 progress/evidence/2026-10-05/M6.3-generic-approval43-exact-owner-evidence-and-root-native-readback/owner93-explicit/safe-candidates/gates/closure-full-web/source-after.json
 create mode 100644 progress/evidence/2026-10-05/M6.3-generic-approval43-exact-owner-evidence-and-root-native-readback/owner93-explicit/safe-candidates/gates/closure-full-web/source-before.json
 create mode 100644 progress/evidence/2026-10-05/M6.3-generic-approval43-exact-owner-evidence-and-root-native-readback/owner93-explicit/safe-candidates/gates/closure-spec/command.json
 create mode 100644 progress/evidence/2026-10-05/M6.3-generic-approval43-exact-owner-evidence-and-root-native-readback/owner93-explicit/safe-candidates/gates/closure-spec/receipt.json
 create mode 100644 progress/evidence/2026-10-05/M6.3-generic-approval43-exact-owner-evidence-and-root-native-readback/owner93-explicit/safe-candidates/gates/closure-spec/run.log
 create mode 100644 progress/evidence/2026-10-05/M6.3-generic-approval43-exact-owner-evidence-and-root-native-readback/owner93-explicit/safe-candidates/gates/closure-spec/source-after.json
 create mode 100644 progress/evidence/2026-10-05/M6.3-generic-approval43-exact-owner-evidence-and-root-native-readback/owner93-explicit/safe-candidates/gates/closure-spec/source-before.json
 create mode 100644 progress/evidence/2026-10-05/M6.3-generic-approval43-exact-owner-evidence-and-root-native-readback/owner93-explicit/safe-candidates/gates/closure-strict/command.json
 create mode 100644 progress/evidence/2026-10-05/M6.3-generic-approval43-exact-owner-evidence-and-root-native-readback/owner93-explicit/safe-candidates/gates/closure-strict/receipt.json
 create mode 100644 progress/evidence/2026-10-05/M6.3-generic-approval43-exact-owner-evidence-and-root-native-readback/owner93-explicit/safe-candidates/gates/closure-strict/run.log
 create mode 100644 progress/evidence/2026-10-05/M6.3-generic-approval43-exact-owner-evidence-and-root-native-readback/owner93-explicit/safe-candidates/gates/closure-strict/source-after.json
 create mode 100644 progress/evidence/2026-10-05/M6.3-generic-approval43-exact-owner-evidence-and-root-native-readback/owner93-explicit/safe-candidates/gates/closure-strict/source-before.json
 create mode 100644 progress/evidence/2026-10-05/M6.3-generic-approval43-exact-owner-evidence-and-root-native-readback/owner93-explicit/safe-candidates/gates/green-safe-decline/command.json
 create mode 100644 progress/evidence/2026-10-05/M6.3-generic-approval43-exact-owner-evidence-and-root-native-readback/owner93-explicit/safe-candidates/gates/green-safe-decline/receipt.json
 create mode 100644 progress/evidence/2026-10-05/M6.3-generic-approval43-exact-owner-evidence-and-root-native-readback/owner93-explicit/safe-candidates/gates/green-safe-decline/run.log
 create mode 100644 progress/evidence/2026-10-05/M6.3-generic-approval43-exact-owner-evidence-and-root-native-readback/owner93-explicit/safe-candidates/gates/green-safe-decline/source-after.json
 create mode 100644 progress/evidence/2026-10-05/M6.3-generic-approval43-exact-owner-evidence-and-root-native-readback/owner93-explicit/safe-candidates/gates/green-safe-decline/source-before.json
 create mode 100644 progress/evidence/2026-10-05/M6.3-generic-approval43-exact-owner-evidence-and-root-native-readback/owner93-explicit/safe-candidates/gates/red-safe-decline-02/command.json
 create mode 100644 progress/evidence/2026-10-05/M6.3-generic-approval43-exact-owner-evidence-and-root-native-readback/owner93-explicit/safe-candidates/gates/red-safe-decline-02/receipt.json
 create mode 100644 progress/evidence/2026-10-05/M6.3-generic-approval43-exact-owner-evidence-and-root-native-readback/owner93-explicit/safe-candidates/gates/red-safe-decline-02/source-after.json
 create mode 100644 progress/evidence/2026-10-05/M6.3-generic-approval43-exact-owner-evidence-and-root-native-readback/owner93-explicit/safe-candidates/gates/red-safe-decline-02/source-before.json
 create mode 100644 progress/evidence/2026-10-05/M6.3-generic-approval43-exact-owner-evidence-and-root-native-readback/owner93-explicit/safe-candidates/historical/ERRATUM_SAFE_DECLINE.json
 create mode 100644 progress/evidence/2026-10-05/M6.3-generic-approval43-exact-owner-evidence-and-root-native-readback/owner93-explicit/safe-candidates/native/counter-green/after.json
 create mode 100644 progress/evidence/2026-10-05/M6.3-generic-approval43-exact-owner-evidence-and-root-native-readback/owner93-explicit/safe-candidates/native/counter-green/before.json
 create mode 100644 progress/evidence/2026-10-05/M6.3-generic-approval43-exact-owner-evidence-and-root-native-readback/owner93-explicit/safe-candidates/native/counter-green/command.json
 create mode 100644 progress/evidence/2026-10-05/M6.3-generic-approval43-exact-owner-evidence-and-root-native-readback/owner93-explicit/safe-candidates/native/counter-green/controlled_api.py
 create mode 100644 progress/evidence/2026-10-05/M6.3-generic-approval43-exact-owner-evidence-and-root-native-readback/owner93-explicit/safe-candidates/native/counter-green/counter-observation.json
 create mode 100644 progress/evidence/2026-10-05/M6.3-generic-approval43-exact-owner-evidence-and-root-native-readback/owner93-explicit/safe-candidates/native/counter-green/native.mjs
 create mode 100644 progress/evidence/2026-10-05/M6.3-generic-approval43-exact-owner-evidence-and-root-native-readback/owner93-explicit/safe-candidates/native/counter-green/receipt.json
 create mode 100644 progress/evidence/2026-10-05/M6.3-generic-approval43-exact-owner-evidence-and-root-native-readback/owner93-explicit/safe-candidates/native/counter-green/run-receipt.json
 create mode 100644 progress/evidence/2026-10-05/M6.3-generic-approval43-exact-owner-evidence-and-root-native-readback/owner93-explicit/safe-candidates/native/counter-green/run.log
 create mode 100644 progress/evidence/2026-10-05/M6.3-generic-approval43-exact-owner-evidence-and-root-native-readback/owner93-explicit/safe-candidates/native/counter-green/run.py
 create mode 100644 progress/evidence/2026-10-05/M6.3-generic-approval43-exact-owner-evidence-and-root-native-readback/owner93-explicit/safe-candidates/native/counter-green/safe-decline-after-actual-403-1440.png
 create mode 100644 progress/evidence/2026-10-05/M6.3-generic-approval43-exact-owner-evidence-and-root-native-readback/owner93-explicit/safe-candidates/native/counter-green/safe-decline-after-actual-403-390.png
 create mode 100644 progress/evidence/2026-10-05/M6.3-generic-approval43-exact-owner-evidence-and-root-native-readback/owner93-explicit/safe-candidates/native/counter-green/terminal-source.json
 create mode 100644 progress/evidence/2026-10-05/M6.3-generic-approval43-exact-owner-evidence-and-root-native-readback/owner93-explicit/safe-candidates/native/counter-red/before.json
 create mode 100644 progress/evidence/2026-10-05/M6.3-generic-approval43-exact-owner-evidence-and-root-native-readback/owner93-explicit/safe-candidates/native/counter-red/command.json
 create mode 100644 progress/evidence/2026-10-05/M6.3-generic-approval43-exact-owner-evidence-and-root-native-readback/owner93-explicit/safe-candidates/native/counter-red/controlled_api.py
 create mode 100644 progress/evidence/2026-10-05/M6.3-generic-approval43-exact-owner-evidence-and-root-native-readback/owner93-explicit/safe-candidates/native/counter-red/counter-observation.json
 create mode 100644 progress/evidence/2026-10-05/M6.3-generic-approval43-exact-owner-evidence-and-root-native-readback/owner93-explicit/safe-candidates/native/counter-red/failure.json
 create mode 100644 progress/evidence/2026-10-05/M6.3-generic-approval43-exact-owner-evidence-and-root-native-readback/owner93-explicit/safe-candidates/native/counter-red/native.mjs
 create mode 100644 progress/evidence/2026-10-05/M6.3-generic-approval43-exact-owner-evidence-and-root-native-readback/owner93-explicit/safe-candidates/native/counter-red/run-receipt.json
 create mode 100644 progress/evidence/2026-10-05/M6.3-generic-approval43-exact-owner-evidence-and-root-native-readback/owner93-explicit/safe-candidates/native/counter-red/run.py
 create mode 100644 progress/evidence/2026-10-05/M6.3-generic-approval43-exact-owner-evidence-and-root-native-readback/owner93-explicit/safe-candidates/native/counter-red/safe-decline-after-actual-403-1440.png
 create mode 100644 progress/evidence/2026-10-05/M6.3-generic-approval43-exact-owner-evidence-and-root-native-readback/owner93-explicit/safe-candidates/native/counter-red/safe-decline-after-actual-403-390.png
 create mode 100644 progress/evidence/2026-10-05/M6.3-generic-approval43-exact-owner-evidence-and-root-native-readback/owner93-explicit/safe-candidates/native/counter-red/terminal-source.json
 create mode 100644 progress/evidence/2026-10-05/M6.3-generic-approval43-exact-owner-evidence-and-root-native-readback/owner93-explicit/safe-candidates/native/final-positive/after.json
 create mode 100644 progress/evidence/2026-10-05/M6.3-generic-approval43-exact-owner-evidence-and-root-native-readback/owner93-explicit/safe-candidates/native/final-positive/before.json
 create mode 100644 progress/evidence/2026-10-05/M6.3-generic-approval43-exact-owner-evidence-and-root-native-readback/owner93-explicit/safe-candidates/native/final-positive/command.json
 create mode 100644 progress/evidence/2026-10-05/M6.3-generic-approval43-exact-owner-evidence-and-root-native-readback/owner93-explicit/safe-candidates/native/final-positive/complete-memory-operation-1440.png
 create mode 100644 progress/evidence/2026-10-05/M6.3-generic-approval43-exact-owner-evidence-and-root-native-readback/owner93-explicit/safe-candidates/native/final-positive/complete-memory-operation-390.png
 create mode 100644 progress/evidence/2026-10-05/M6.3-generic-approval43-exact-owner-evidence-and-root-native-readback/owner93-explicit/safe-candidates/native/final-positive/controlled_api.py
 create mode 100644 progress/evidence/2026-10-05/M6.3-generic-approval43-exact-owner-evidence-and-root-native-readback/owner93-explicit/safe-candidates/native/final-positive/independent-completed-original-ack-1440.png
 create mode 100644 progress/evidence/2026-10-05/M6.3-generic-approval43-exact-owner-evidence-and-root-native-readback/owner93-explicit/safe-candidates/native/final-positive/independent-completed-original-ack-390.png
 create mode 100644 progress/evidence/2026-10-05/M6.3-generic-approval43-exact-owner-evidence-and-root-native-readback/owner93-explicit/safe-candidates/native/final-positive/learner-safe-decline-empty-registry-1440.png
 create mode 100644 progress/evidence/2026-10-05/M6.3-generic-approval43-exact-owner-evidence-and-root-native-readback/owner93-explicit/safe-candidates/native/final-positive/learner-safe-decline-empty-registry-390.png
 create mode 100644 progress/evidence/2026-10-05/M6.3-generic-approval43-exact-owner-evidence-and-root-native-readback/owner93-explicit/safe-candidates/native/final-positive/native.mjs
 create mode 100644 progress/evidence/2026-10-05/M6.3-generic-approval43-exact-owner-evidence-and-root-native-readback/owner93-explicit/safe-candidates/native/final-positive/receipt.json
 create mode 100644 progress/evidence/2026-10-05/M6.3-generic-approval43-exact-owner-evidence-and-root-native-readback/owner93-explicit/safe-candidates/native/final-positive/run-receipt.json
 create mode 100644 progress/evidence/2026-10-05/M6.3-generic-approval43-exact-owner-evidence-and-root-native-readback/owner93-explicit/safe-candidates/native/final-positive/run.log
 create mode 100644 progress/evidence/2026-10-05/M6.3-generic-approval43-exact-owner-evidence-and-root-native-readback/owner93-explicit/safe-candidates/native/final-positive/run.py
 create mode 100644 progress/evidence/2026-10-05/M6.3-generic-approval43-exact-owner-evidence-and-root-native-readback/owner93-explicit/safe-candidates/native/final-positive/terminal-source.json
 create mode 100644 progress/evidence/2026-10-05/M6.3-generic-approval43-exact-owner-evidence-and-root-native-readback/owner93-explicit/safe-candidates/source/apps/web/src/features/authoring/AuthoringPanel.tsx
 create mode 100644 progress/evidence/2026-10-05/M6.3-generic-approval43-exact-owner-evidence-and-root-native-readback/owner93-explicit/safe-candidates/source/apps/web/src/features/codex/CodexApprovalsPanel.test.tsx
 create mode 100644 progress/evidence/2026-10-05/M6.3-generic-approval43-exact-owner-evidence-and-root-native-readback/owner93-explicit/safe-candidates/source/apps/web/src/features/codex/CodexApprovalsPanel.tsx
 create mode 100644 progress/evidence/2026-10-05/M6.3-generic-approval43-exact-owner-evidence-and-root-native-readback/owner93-explicit/safe-candidates/source/apps/web/src/features/codex/approvalClient.ts
 create mode 100644 progress/evidence/2026-10-05/M6.3-generic-approval43-exact-owner-evidence-and-root-native-readback/owner93-explicit/safe-candidates/source/apps/web/src/features/codex/approvalCommands.test.ts
 create mode 100644 progress/evidence/2026-10-05/M6.3-generic-approval43-exact-owner-evidence-and-root-native-readback/owner93-explicit/safe-candidates/source/apps/web/src/features/codex/approvalCommands.ts
 create mode 100644 progress/evidence/2026-10-05/M6.3-generic-approval43-exact-owner-evidence-and-root-native-readback/owner93-explicit/safe-candidates/source/apps/web/src/features/codex/approvalFixtures.ts
 create mode 100644 progress/evidence/2026-10-05/M6.3-generic-approval43-exact-owner-evidence-and-root-native-readback/owner93-explicit/safe-candidates/source/apps/web/src/features/codex/approvalForms.ts
 create mode 100644 progress/evidence/2026-10-05/M6.3-generic-approval43-exact-owner-evidence-and-root-native-readback/owner93-explicit/safe-candidates/source/apps/web/src/features/codex/approvalMemory.ts
 create mode 100644 progress/evidence/2026-10-05/M6.3-generic-approval43-exact-owner-evidence-and-root-native-readback/owner93-explicit/safe-candidates/source/apps/web/src/features/codex/approvalWire.test.ts
 create mode 100644 progress/evidence/2026-10-05/M6.3-generic-approval43-exact-owner-evidence-and-root-native-readback/owner93-explicit/safe-candidates/source/apps/web/src/features/codex/useCodexApprovals.ts
 create mode 100644 progress/evidence/2026-10-05/M6.3-generic-approval43-exact-owner-evidence-and-root-native-readback/owner93-explicit/safe-candidates/summary/FINAL_BINDING.json
 create mode 100644 progress/evidence/2026-10-05/M6.3-generic-approval43-exact-owner-evidence-and-root-native-readback/owner93-explicit/safe-candidates/summary/FULL_GIT_MANIFESTS.json
 create mode 100644 progress/evidence/2026-10-05/M6.3-generic-approval43-exact-owner-evidence-and-root-native-readback/owner93-explicit/safe-candidates/summary/GATE_BINDINGS.json
 create mode 100644 progress/evidence/2026-10-05/M6.3-generic-approval43-exact-owner-evidence-and-root-native-readback/owner93-explicit/safe-candidates/summary/NATIVE_BINDINGS.json
 create mode 100644 progress/evidence/2026-10-05/M6.3-generic-approval43-exact-owner-evidence-and-root-native-readback/owner93-explicit/safe-candidates/summary/PREFLIGHT_FAILURE.json
 create mode 100644 progress/evidence/2026-10-05/M6.3-generic-approval43-exact-owner-evidence-and-root-native-readback/owner93-explicit/safe-candidates/summary/QUALIFICATIONS.json
 create mode 100644 progress/evidence/2026-10-05/M6.3-generic-approval43-exact-owner-evidence-and-root-native-readback/owner93-explicit/safe-candidates/summary/REPORT.md
 create mode 100644 progress/evidence/2026-10-05/M6.3-generic-approval43-exact-owner-evidence-and-root-native-readback/owner93-explicit/safe-candidates/summary/owner-delta.patch
 create mode 100644 progress/evidence/2026-10-05/M6.3-generic-approval43-exact-owner-evidence-and-root-native-readback/owner93-explicit/safe-candidates/summary/p2-delta.patch
 create mode 100644 progress/evidence/2026-10-05/M6.3-generic-approval43-exact-owner-evidence-and-root-native-readback/owner93-explicit/safe-candidates/summary/package_candidates.py
 create mode 100644 progress/evidence/2026-10-05/M6.3-generic-approval43-exact-owner-evidence-and-root-native-readback/owner93-explicit/safe-candidates/summary/run.py
 create mode 100644 progress/evidence/2026-10-05/M6.3-generic-approval43-exact-owner-evidence-and-root-native-readback/owner93-explicit/safe-candidates/summary/seal.py
 create mode 100644 progress/evidence/2026-10-05/M6.3-generic-approval43-exact-owner-evidence-and-root-native-readback/root/READBACK.json
 create mode 100644 progress/evidence/2026-10-05/M6.3-generic-approval43-exact-owner-evidence-and-root-native-readback/root/verify.py
 create mode 100644 progress/evidence/2026-10-05/M6.3-generic-approval43-independent-P2-closure-original9e-open-preserved/REPORT.json
 create mode 100644 progress/evidence/2026-10-05/M6.3-generic-approval43-independent-P2-closure-original9e-open-preserved/independent-five-exact/OUTER_METADATA.json
 create mode 100644 progress/evidence/2026-10-05/M6.3-generic-approval43-independent-P2-closure-original9e-open-preserved/independent-five-exact/SAFE_SHARE.json
 create mode 100644 progress/evidence/2026-10-05/M6.3-generic-approval43-independent-P2-closure-original9e-open-preserved/independent-five-exact/SAFE_SHARE/FIXED_SOURCE_INPUTS.json
 create mode 100644 progress/evidence/2026-10-05/M6.3-generic-approval43-independent-P2-closure-original9e-open-preserved/independent-five-exact/SAFE_SHARE/READBACK.json
 create mode 100644 progress/evidence/2026-10-05/M6.3-generic-approval43-independent-P2-closure-original9e-open-preserved/independent-five-exact/SAFE_SHARE/REVIEW.json
 create mode 100644 progress/evidence/2026-10-05/M6.3-generic-approval43-independent-P2-closure-original9e-open-preserved/independent-five-exact/SAFE_SHARE/REVIEW.md
 create mode 100644 progress/evidence/2026-10-05/M6.3-generic-approval43-independent-P2-closure-original9e-open-preserved/independent-five-exact/SAFE_SHARE/VERIFY_READONLY.py
 create mode 100644 progress/evidence/2026-10-05/M6.3-generic-approval43-independent-P2-closure-original9e-open-preserved/manifest.json
 create mode 100644 progress/evidence/2026-10-05/M6.3-generic-approval9e-independent-P2-open-original/REPORT.json
 create mode 100644 progress/evidence/2026-10-05/M6.3-generic-approval9e-independent-P2-open-original/independent-open/OUTER_METADATA.json
 create mode 100644 progress/evidence/2026-10-05/M6.3-generic-approval9e-independent-P2-open-original/independent-open/SAFE_SHARE.json
 create mode 100644 progress/evidence/2026-10-05/M6.3-generic-approval9e-independent-P2-open-original/independent-open/SAFE_SHARE/FIXED_SOURCE_INPUTS.json
 create mode 100644 progress/evidence/2026-10-05/M6.3-generic-approval9e-independent-P2-open-original/independent-open/SAFE_SHARE/READBACK.json
 create mode 100644 progress/evidence/2026-10-05/M6.3-generic-approval9e-independent-P2-open-original/independent-open/SAFE_SHARE/REVIEW.json
 create mode 100644 progress/evidence/2026-10-05/M6.3-generic-approval9e-independent-P2-open-original/independent-open/SAFE_SHARE/REVIEW.md
 create mode 100644 progress/evidence/2026-10-05/M6.3-generic-approval9e-independent-P2-open-original/independent-open/SAFE_SHARE/VERIFY_READONLY.py
 create mode 100644 progress/evidence/2026-10-05/M6.3-generic-approval9e-independent-P2-open-original/manifest.json
 create mode 100644 progress/evidence/2026-10-05/M6.3-integration412-independent-source-and-backend-continuity/REPORT.json
 create mode 100644 progress/evidence/2026-10-05/M6.3-integration412-independent-source-and-backend-continuity/independent/OUTER_METADATA.json
 create mode 100644 progress/evidence/2026-10-05/M6.3-integration412-independent-source-and-backend-continuity/independent/SAFE_SHARE.json
 create mode 100644 progress/evidence/2026-10-05/M6.3-integration412-independent-source-and-backend-continuity/independent/SAFE_SHARE/FIXED_SOURCE_INPUTS.json
 create mode 100644 progress/evidence/2026-10-05/M6.3-integration412-independent-source-and-backend-continuity/independent/SAFE_SHARE/READBACK.json
 create mode 100644 progress/evidence/2026-10-05/M6.3-integration412-independent-source-and-backend-continuity/independent/SAFE_SHARE/REVIEW.json
 create mode 100644 progress/evidence/2026-10-05/M6.3-integration412-independent-source-and-backend-continuity/independent/SAFE_SHARE/REVIEW.md
 create mode 100644 progress/evidence/2026-10-05/M6.3-integration412-independent-source-and-backend-continuity/independent/SAFE_SHARE/VERIFY_READONLY.py
 create mode 100644 progress/evidence/2026-10-05/M6.3-integration412-independent-source-and-backend-continuity/manifest.json
 create mode 100644 progress/evidence/2026-10-05/M6.3-original-native412-terminal-failure-and-review-route-lifecycle-repair/REPORT.json
 create mode 100644 progress/evidence/2026-10-05/M6.3-original-native412-terminal-failure-and-review-route-lifecycle-repair/manifest.json
 create mode 100644 progress/evidence/2026-10-05/M6.3-original-native412-terminal-failure-and-review-route-lifecycle-repair/owner68-exact/OUTER_ALLOWLIST.json
 create mode 100644 progress/evidence/2026-10-05/M6.3-original-native412-terminal-failure-and-review-route-lifecycle-repair/owner68-exact/PUBLICATION_SCAN.json
 create mode 100644 progress/evidence/2026-10-05/M6.3-original-native412-terminal-failure-and-review-route-lifecycle-repair/owner68-exact/SAFE_SHARE.json
 create mode 100644 progress/evidence/2026-10-05/M6.3-original-native412-terminal-failure-and-review-route-lifecycle-repair/owner68-exact/publication-candidates/controlled-static-route-order/actual-tracked-diff.patch
 create mode 100644 progress/evidence/2026-10-05/M6.3-original-native412-terminal-failure-and-review-route-lifecycle-repair/owner68-exact/publication-candidates/controlled-static-route-order/command.json
 create mode 100644 progress/evidence/2026-10-05/M6.3-original-native412-terminal-failure-and-review-route-lifecycle-repair/owner68-exact/publication-candidates/controlled-static-route-order/inputs-after.json
 create mode 100644 progress/evidence/2026-10-05/M6.3-original-native412-terminal-failure-and-review-route-lifecycle-repair/owner68-exact/publication-candidates/controlled-static-route-order/inputs-before.json
 create mode 100644 progress/evidence/2026-10-05/M6.3-original-native412-terminal-failure-and-review-route-lifecycle-repair/owner68-exact/publication-candidates/controlled-static-route-order/native.log
 create mode 100644 progress/evidence/2026-10-05/M6.3-original-native412-terminal-failure-and-review-route-lifecycle-repair/owner68-exact/publication-candidates/controlled-static-route-order/receipt.json
 create mode 100644 progress/evidence/2026-10-05/M6.3-original-native412-terminal-failure-and-review-route-lifecycle-repair/owner68-exact/publication-candidates/controlled-static-route-order/route-order-result.json
 create mode 100644 progress/evidence/2026-10-05/M6.3-original-native412-terminal-failure-and-review-route-lifecycle-repair/owner68-exact/publication-candidates/controlled-static-route-order/route-order.mjs
 create mode 100644 progress/evidence/2026-10-05/M6.3-original-native412-terminal-failure-and-review-route-lifecycle-repair/owner68-exact/publication-candidates/controlled-static-route-order/run.py
 create mode 100644 progress/evidence/2026-10-05/M6.3-original-native412-terminal-failure-and-review-route-lifecycle-repair/owner68-exact/publication-candidates/diagnosis/ORIGINAL_FULL_READBACK.json
 create mode 100644 progress/evidence/2026-10-05/M6.3-original-native412-terminal-failure-and-review-route-lifecycle-repair/owner68-exact/publication-candidates/diagnosis/READBACK.json
 create mode 100644 progress/evidence/2026-10-05/M6.3-original-native412-terminal-failure-and-review-route-lifecycle-repair/owner68-exact/publication-candidates/diagnosis/REPORT.md
 create mode 100644 progress/evidence/2026-10-05/M6.3-original-native412-terminal-failure-and-review-route-lifecycle-repair/owner68-exact/publication-candidates/diagnosis/SOURCE_DELTA.json
 create mode 100644 progress/evidence/2026-10-05/M6.3-original-native412-terminal-failure-and-review-route-lifecycle-repair/owner68-exact/publication-candidates/diagnosis/original-full-failure-excerpt.raw.txt
 create mode 100644 progress/evidence/2026-10-05/M6.3-original-native412-terminal-failure-and-review-route-lifecycle-repair/owner68-exact/publication-candidates/diagnosis/source-after-review.spec.ts
 create mode 100644 progress/evidence/2026-10-05/M6.3-original-native412-terminal-failure-and-review-route-lifecycle-repair/owner68-exact/publication-candidates/diagnosis/source-before-review.spec.ts
 create mode 100644 progress/evidence/2026-10-05/M6.3-original-native412-terminal-failure-and-review-route-lifecycle-repair/owner68-exact/publication-candidates/diagnosis/source-delta.patch
 create mode 100644 progress/evidence/2026-10-05/M6.3-original-native412-terminal-failure-and-review-route-lifecycle-repair/owner68-exact/publication-candidates/fixed-d69-native-review/actual-tracked-diff.patch
 create mode 100644 progress/evidence/2026-10-05/M6.3-original-native412-terminal-failure-and-review-route-lifecycle-repair/owner68-exact/publication-candidates/fixed-d69-native-review/command.json
 create mode 100644 progress/evidence/2026-10-05/M6.3-original-native412-terminal-failure-and-review-route-lifecycle-repair/owner68-exact/publication-candidates/fixed-d69-native-review/inputs-after.json
 create mode 100644 progress/evidence/2026-10-05/M6.3-original-native412-terminal-failure-and-review-route-lifecycle-repair/owner68-exact/publication-candidates/fixed-d69-native-review/inputs-before.json
 create mode 100644 progress/evidence/2026-10-05/M6.3-original-native412-terminal-failure-and-review-route-lifecycle-repair/owner68-exact/publication-candidates/fixed-d69-native-review/native.log
 create mode 100644 progress/evidence/2026-10-05/M6.3-original-native412-terminal-failure-and-review-route-lifecycle-repair/owner68-exact/publication-candidates/fixed-d69-native-review/receipt.json
 create mode 100644 progress/evidence/2026-10-05/M6.3-original-native412-terminal-failure-and-review-route-lifecycle-repair/owner68-exact/publication-candidates/fixed-d69-native-review/run.py
 create mode 100644 progress/evidence/2026-10-05/M6.3-original-native412-terminal-failure-and-review-route-lifecycle-repair/owner68-exact/publication-candidates/fixed-d69-optional-and-required-gates/diff-check/after.json
 create mode 100644 progress/evidence/2026-10-05/M6.3-original-native412-terminal-failure-and-review-route-lifecycle-repair/owner68-exact/publication-candidates/fixed-d69-optional-and-required-gates/diff-check/before.json
 create mode 100644 progress/evidence/2026-10-05/M6.3-original-native412-terminal-failure-and-review-route-lifecycle-repair/owner68-exact/publication-candidates/fixed-d69-optional-and-required-gates/diff-check/command.json
 create mode 100644 progress/evidence/2026-10-05/M6.3-original-native412-terminal-failure-and-review-route-lifecycle-repair/owner68-exact/publication-candidates/fixed-d69-optional-and-required-gates/diff-check/receipt.json
 create mode 100644 progress/evidence/2026-10-05/M6.3-original-native412-terminal-failure-and-review-route-lifecycle-repair/owner68-exact/publication-candidates/fixed-d69-optional-and-required-gates/diff-check/run.log
 create mode 100644 progress/evidence/2026-10-05/M6.3-original-native412-terminal-failure-and-review-route-lifecycle-repair/owner68-exact/publication-candidates/fixed-d69-optional-and-required-gates/review-strict-official-declaration/after.json
 create mode 100644 progress/evidence/2026-10-05/M6.3-original-native412-terminal-failure-and-review-route-lifecycle-repair/owner68-exact/publication-candidates/fixed-d69-optional-and-required-gates/review-strict-official-declaration/before.json
 create mode 100644 progress/evidence/2026-10-05/M6.3-original-native412-terminal-failure-and-review-route-lifecycle-repair/owner68-exact/publication-candidates/fixed-d69-optional-and-required-gates/review-strict-official-declaration/command.json
 create mode 100644 progress/evidence/2026-10-05/M6.3-original-native412-terminal-failure-and-review-route-lifecycle-repair/owner68-exact/publication-candidates/fixed-d69-optional-and-required-gates/review-strict-official-declaration/receipt.json
 create mode 100644 progress/evidence/2026-10-05/M6.3-original-native412-terminal-failure-and-review-route-lifecycle-repair/owner68-exact/publication-candidates/fixed-d69-optional-and-required-gates/review-strict-official-declaration/run.log
 create mode 100644 progress/evidence/2026-10-05/M6.3-original-native412-terminal-failure-and-review-route-lifecycle-repair/owner68-exact/publication-candidates/fixed-d69-optional-and-required-gates/review-strict-type-root/after.json
 create mode 100644 progress/evidence/2026-10-05/M6.3-original-native412-terminal-failure-and-review-route-lifecycle-repair/owner68-exact/publication-candidates/fixed-d69-optional-and-required-gates/review-strict-type-root/before.json
 create mode 100644 progress/evidence/2026-10-05/M6.3-original-native412-terminal-failure-and-review-route-lifecycle-repair/owner68-exact/publication-candidates/fixed-d69-optional-and-required-gates/review-strict-type-root/command.json
 create mode 100644 progress/evidence/2026-10-05/M6.3-original-native412-terminal-failure-and-review-route-lifecycle-repair/owner68-exact/publication-candidates/fixed-d69-optional-and-required-gates/review-strict-type-root/receipt.json
 create mode 100644 progress/evidence/2026-10-05/M6.3-original-native412-terminal-failure-and-review-route-lifecycle-repair/owner68-exact/publication-candidates/fixed-d69-optional-and-required-gates/review-strict-type-root/run.log
 create mode 100644 progress/evidence/2026-10-05/M6.3-original-native412-terminal-failure-and-review-route-lifecycle-repair/owner68-exact/publication-candidates/fixed-d69-optional-and-required-gates/review-strict/after.json
 create mode 100644 progress/evidence/2026-10-05/M6.3-original-native412-terminal-failure-and-review-route-lifecycle-repair/owner68-exact/publication-candidates/fixed-d69-optional-and-required-gates/review-strict/before.json
 create mode 100644 progress/evidence/2026-10-05/M6.3-original-native412-terminal-failure-and-review-route-lifecycle-repair/owner68-exact/publication-candidates/fixed-d69-optional-and-required-gates/review-strict/command.json
 create mode 100644 progress/evidence/2026-10-05/M6.3-original-native412-terminal-failure-and-review-route-lifecycle-repair/owner68-exact/publication-candidates/fixed-d69-optional-and-required-gates/review-strict/receipt.json
 create mode 100644 progress/evidence/2026-10-05/M6.3-original-native412-terminal-failure-and-review-route-lifecycle-repair/owner68-exact/publication-candidates/fixed-d69-optional-and-required-gates/review-strict/run.log
 create mode 100644 progress/evidence/2026-10-05/M6.3-original-native412-terminal-failure-and-review-route-lifecycle-repair/owner68-exact/publication-candidates/fixed-d69-optional-and-required-gates/web-strict/after.json
 create mode 100644 progress/evidence/2026-10-05/M6.3-original-native412-terminal-failure-and-review-route-lifecycle-repair/owner68-exact/publication-candidates/fixed-d69-optional-and-required-gates/web-strict/before.json
 create mode 100644 progress/evidence/2026-10-05/M6.3-original-native412-terminal-failure-and-review-route-lifecycle-repair/owner68-exact/publication-candidates/fixed-d69-optional-and-required-gates/web-strict/command.json
 create mode 100644 progress/evidence/2026-10-05/M6.3-original-native412-terminal-failure-and-review-route-lifecycle-repair/owner68-exact/publication-candidates/fixed-d69-optional-and-required-gates/web-strict/receipt.json
 create mode 100644 progress/evidence/2026-10-05/M6.3-original-native412-terminal-failure-and-review-route-lifecycle-repair/owner68-exact/publication-candidates/fixed-d69-optional-and-required-gates/web-strict/run.log
 create mode 100644 progress/evidence/2026-10-05/M6.3-original-native412-terminal-failure-and-review-route-lifecycle-repair/owner68-exact/publication-candidates/fixed-d69-private-gate-tooling/playwright-declaration-bridge.d.ts
 create mode 100644 progress/evidence/2026-10-05/M6.3-original-native412-terminal-failure-and-review-route-lifecycle-repair/owner68-exact/publication-candidates/fixed-d69-private-gate-tooling/review-strict-config.json
 create mode 100644 progress/evidence/2026-10-05/M6.3-original-native412-terminal-failure-and-review-route-lifecycle-repair/owner68-exact/publication-candidates/fixed-d69-private-gate-tooling/run-static.py
 create mode 100644 progress/evidence/2026-10-05/M6.3-original-native412-terminal-failure-and-review-route-lifecycle-repair/owner68-exact/publication-candidates/original-full-native412/actual-tracked-diff.patch
 create mode 100644 progress/evidence/2026-10-05/M6.3-original-native412-terminal-failure-and-review-route-lifecycle-repair/owner68-exact/publication-candidates/original-full-native412/command.json
 create mode 100644 progress/evidence/2026-10-05/M6.3-original-native412-terminal-failure-and-review-route-lifecycle-repair/owner68-exact/publication-candidates/original-full-native412/generated-output-changes.json
 create mode 100644 progress/evidence/2026-10-05/M6.3-original-native412-terminal-failure-and-review-route-lifecycle-repair/owner68-exact/publication-candidates/original-full-native412/generated-output-paths.json
 create mode 100644 progress/evidence/2026-10-05/M6.3-original-native412-terminal-failure-and-review-route-lifecycle-repair/owner68-exact/publication-candidates/original-full-native412/inputs-after.json
 create mode 100644 progress/evidence/2026-10-05/M6.3-original-native412-terminal-failure-and-review-route-lifecycle-repair/owner68-exact/publication-candidates/original-full-native412/inputs-before.json
 create mode 100644 progress/evidence/2026-10-05/M6.3-original-native412-terminal-failure-and-review-route-lifecycle-repair/owner68-exact/publication-candidates/original-full-native412/receipt.json
 create mode 100644 progress/evidence/2026-10-05/M6.3-original-native412-terminal-failure-and-review-route-lifecycle-repair/owner68-exact/publication-candidates/original-full-native412/run.py
 create mode 100644 progress/evidence/2026-10-05/M6.3-original-native412-terminal-failure-and-review-route-lifecycle-repair/owner68-exact/publication-candidates/original412-single-test-observation/PREFLIGHT01_NOT_RUN.json
 create mode 100644 progress/evidence/2026-10-05/M6.3-original-native412-terminal-failure-and-review-route-lifecycle-repair/owner68-exact/publication-candidates/original412-single-test-observation/actual-tracked-diff.patch
 create mode 100644 progress/evidence/2026-10-05/M6.3-original-native412-terminal-failure-and-review-route-lifecycle-repair/owner68-exact/publication-candidates/original412-single-test-observation/command.json
 create mode 100644 progress/evidence/2026-10-05/M6.3-original-native412-terminal-failure-and-review-route-lifecycle-repair/owner68-exact/publication-candidates/original412-single-test-observation/inputs-after.json
 create mode 100644 progress/evidence/2026-10-05/M6.3-original-native412-terminal-failure-and-review-route-lifecycle-repair/owner68-exact/publication-candidates/original412-single-test-observation/inputs-before.json
 create mode 100644 progress/evidence/2026-10-05/M6.3-original-native412-terminal-failure-and-review-route-lifecycle-repair/owner68-exact/publication-candidates/original412-single-test-observation/native.log
 create mode 100644 progress/evidence/2026-10-05/M6.3-original-native412-terminal-failure-and-review-route-lifecycle-repair/owner68-exact/publication-candidates/original412-single-test-observation/receipt.json
 create mode 100644 progress/evidence/2026-10-05/M6.3-original-native412-terminal-failure-and-review-route-lifecycle-repair/owner68-exact/publication-candidates/original412-single-test-observation/run.py
 create mode 100644 progress/evidence/2026-10-05/M6.3-reviewed-four-source-merges-and412-Web-static/REPORT.json
 create mode 100644 progress/evidence/2026-10-05/M6.3-reviewed-four-source-merges-and412-Web-static/fixed-full-web/full-web/after.json
 create mode 100644 progress/evidence/2026-10-05/M6.3-reviewed-four-source-merges-and412-Web-static/fixed-full-web/full-web/before.json
 create mode 100644 progress/evidence/2026-10-05/M6.3-reviewed-four-source-merges-and412-Web-static/fixed-full-web/full-web/command.json
 create mode 100644 progress/evidence/2026-10-05/M6.3-reviewed-four-source-merges-and412-Web-static/fixed-full-web/full-web/receipt.json
 create mode 100644 progress/evidence/2026-10-05/M6.3-reviewed-four-source-merges-and412-Web-static/fixed-full-web/full-web/run.log
 create mode 100644 progress/evidence/2026-10-05/M6.3-reviewed-four-source-merges-and412-Web-static/fixed-runner/run.py
 create mode 100644 progress/evidence/2026-10-05/M6.3-reviewed-four-source-merges-and412-Web-static/fixed-static-build/static-build/after.json
 create mode 100644 progress/evidence/2026-10-05/M6.3-reviewed-four-source-merges-and412-Web-static/fixed-static-build/static-build/before.json
 create mode 100644 progress/evidence/2026-10-05/M6.3-reviewed-four-source-merges-and412-Web-static/fixed-static-build/static-build/command.json
 create mode 100644 progress/evidence/2026-10-05/M6.3-reviewed-four-source-merges-and412-Web-static/fixed-static-build/static-build/receipt.json
 create mode 100644 progress/evidence/2026-10-05/M6.3-reviewed-four-source-merges-and412-Web-static/fixed-static-build/static-build/run.log
 create mode 100644 progress/evidence/2026-10-05/M6.3-reviewed-four-source-merges-and412-Web-static/fixed-static-diff/static-diff/after.json
 create mode 100644 progress/evidence/2026-10-05/M6.3-reviewed-four-source-merges-and412-Web-static/fixed-static-diff/static-diff/before.json
 create mode 100644 progress/evidence/2026-10-05/M6.3-reviewed-four-source-merges-and412-Web-static/fixed-static-diff/static-diff/command.json
 create mode 100644 progress/evidence/2026-10-05/M6.3-reviewed-four-source-merges-and412-Web-static/fixed-static-diff/static-diff/receipt.json
 create mode 100644 progress/evidence/2026-10-05/M6.3-reviewed-four-source-merges-and412-Web-static/fixed-static-diff/static-diff/run.log
 create mode 100644 progress/evidence/2026-10-05/M6.3-reviewed-four-source-merges-and412-Web-static/fixed-static-generated/static-generated/after.json
 create mode 100644 progress/evidence/2026-10-05/M6.3-reviewed-four-source-merges-and412-Web-static/fixed-static-generated/static-generated/before.json
 create mode 100644 progress/evidence/2026-10-05/M6.3-reviewed-four-source-merges-and412-Web-static/fixed-static-generated/static-generated/command.json
 create mode 100644 progress/evidence/2026-10-05/M6.3-reviewed-four-source-merges-and412-Web-static/fixed-static-generated/static-generated/receipt.json
 create mode 100644 progress/evidence/2026-10-05/M6.3-reviewed-four-source-merges-and412-Web-static/fixed-static-generated/static-generated/run.log
 create mode 100644 progress/evidence/2026-10-05/M6.3-reviewed-four-source-merges-and412-Web-static/fixed-static-mypy/static-mypy/after.json
 create mode 100644 progress/evidence/2026-10-05/M6.3-reviewed-four-source-merges-and412-Web-static/fixed-static-mypy/static-mypy/before.json
 create mode 100644 progress/evidence/2026-10-05/M6.3-reviewed-four-source-merges-and412-Web-static/fixed-static-mypy/static-mypy/command.json
 create mode 100644 progress/evidence/2026-10-05/M6.3-reviewed-four-source-merges-and412-Web-static/fixed-static-mypy/static-mypy/receipt.json
 create mode 100644 progress/evidence/2026-10-05/M6.3-reviewed-four-source-merges-and412-Web-static/fixed-static-mypy/static-mypy/run.log
 create mode 100644 progress/evidence/2026-10-05/M6.3-reviewed-four-source-merges-and412-Web-static/fixed-static-ruff/static-ruff/after.json
 create mode 100644 progress/evidence/2026-10-05/M6.3-reviewed-four-source-merges-and412-Web-static/fixed-static-ruff/static-ruff/before.json
 create mode 100644 progress/evidence/2026-10-05/M6.3-reviewed-four-source-merges-and412-Web-static/fixed-static-ruff/static-ruff/command.json
 create mode 100644 progress/evidence/2026-10-05/M6.3-reviewed-four-source-merges-and412-Web-static/fixed-static-ruff/static-ruff/receipt.json
 create mode 100644 progress/evidence/2026-10-05/M6.3-reviewed-four-source-merges-and412-Web-static/fixed-static-ruff/static-ruff/run.log
 create mode 100644 progress/evidence/2026-10-05/M6.3-reviewed-four-source-merges-and412-Web-static/fixed-static-spec/static-spec/after.json
 create mode 100644 progress/evidence/2026-10-05/M6.3-reviewed-four-source-merges-and412-Web-static/fixed-static-spec/static-spec/before.json
 create mode 100644 progress/evidence/2026-10-05/M6.3-reviewed-four-source-merges-and412-Web-static/fixed-static-spec/static-spec/command.json
 create mode 100644 progress/evidence/2026-10-05/M6.3-reviewed-four-source-merges-and412-Web-static/fixed-static-spec/static-spec/receipt.json
 create mode 100644 progress/evidence/2026-10-05/M6.3-reviewed-four-source-merges-and412-Web-static/fixed-static-spec/static-spec/run.log
 create mode 100644 progress/evidence/2026-10-05/M6.3-reviewed-four-source-merges-and412-Web-static/fixed-static-strict/static-strict/after.json
 create mode 100644 progress/evidence/2026-10-05/M6.3-reviewed-four-source-merges-and412-Web-static/fixed-static-strict/static-strict/before.json
 create mode 100644 progress/evidence/2026-10-05/M6.3-reviewed-four-source-merges-and412-Web-static/fixed-static-strict/static-strict/command.json
 create mode 100644 progress/evidence/2026-10-05/M6.3-reviewed-four-source-merges-and412-Web-static/fixed-static-strict/static-strict/receipt.json
 create mode 100644 progress/evidence/2026-10-05/M6.3-reviewed-four-source-merges-and412-Web-static/fixed-static-strict/static-strict/run.log
 create mode 100644 progress/evidence/2026-10-05/M6.3-reviewed-four-source-merges-and412-Web-static/m63-artifact8f-event80b-canonical-integration-oct05/SOURCE_FUSION.json
 create mode 100644 progress/evidence/2026-10-05/M6.3-reviewed-four-source-merges-and412-Web-static/m63-artifact8f-event80b-canonical-integration-oct05/artifact-ui-after.json
 create mode 100644 progress/evidence/2026-10-05/M6.3-reviewed-four-source-merges-and412-Web-static/m63-artifact8f-event80b-canonical-integration-oct05/artifact-ui-command.json
 create mode 100644 progress/evidence/2026-10-05/M6.3-reviewed-four-source-merges-and412-Web-static/m63-artifact8f-event80b-canonical-integration-oct05/artifact-ui-stderr.log
 create mode 100644 progress/evidence/2026-10-05/M6.3-reviewed-four-source-merges-and412-Web-static/m63-artifact8f-event80b-canonical-integration-oct05/artifact-ui-stdout.log
 create mode 100644 progress/evidence/2026-10-05/M6.3-reviewed-four-source-merges-and412-Web-static/m63-artifact8f-event80b-canonical-integration-oct05/before.json
 create mode 100644 progress/evidence/2026-10-05/M6.3-reviewed-four-source-merges-and412-Web-static/m63-artifact8f-event80b-canonical-integration-oct05/event-ui-after.json
 create mode 100644 progress/evidence/2026-10-05/M6.3-reviewed-four-source-merges-and412-Web-static/m63-artifact8f-event80b-canonical-integration-oct05/event-ui-command.json
 create mode 100644 progress/evidence/2026-10-05/M6.3-reviewed-four-source-merges-and412-Web-static/m63-artifact8f-event80b-canonical-integration-oct05/event-ui-stderr.log
 create mode 100644 progress/evidence/2026-10-05/M6.3-reviewed-four-source-merges-and412-Web-static/m63-artifact8f-event80b-canonical-integration-oct05/event-ui-stdout.log
 create mode 100644 progress/evidence/2026-10-05/M6.3-reviewed-four-source-merges-and412-Web-static/m63-artifact8f-event80b-canonical-integration-oct05/integrate.py
 create mode 100644 progress/evidence/2026-10-05/M6.3-reviewed-four-source-merges-and412-Web-static/m63-reviewed-aa218-canonical-integration-oct05/SOURCE_FUSION.json
 create mode 100644 progress/evidence/2026-10-05/M6.3-reviewed-four-source-merges-and412-Web-static/m63-reviewed-aa218-canonical-integration-oct05/before.json
 create mode 100644 progress/evidence/2026-10-05/M6.3-reviewed-four-source-merges-and412-Web-static/m63-reviewed-aa218-canonical-integration-oct05/form-status-race-after.json
 create mode 100644 progress/evidence/2026-10-05/M6.3-reviewed-four-source-merges-and412-Web-static/m63-reviewed-aa218-canonical-integration-oct05/form-status-race-command.json
 create mode 100644 progress/evidence/2026-10-05/M6.3-reviewed-four-source-merges-and412-Web-static/m63-reviewed-aa218-canonical-integration-oct05/form-status-race-stderr.log
 create mode 100644 progress/evidence/2026-10-05/M6.3-reviewed-four-source-merges-and412-Web-static/m63-reviewed-aa218-canonical-integration-oct05/form-status-race-stdout.log
 create mode 100644 progress/evidence/2026-10-05/M6.3-reviewed-four-source-merges-and412-Web-static/m63-reviewed-aa218-canonical-integration-oct05/tutor-observation-after.json
 create mode 100644 progress/evidence/2026-10-05/M6.3-reviewed-four-source-merges-and412-Web-static/m63-reviewed-aa218-canonical-integration-oct05/tutor-observation-command.json
 create mode 100644 progress/evidence/2026-10-05/M6.3-reviewed-four-source-merges-and412-Web-static/m63-reviewed-aa218-canonical-integration-oct05/tutor-observation-stderr.log
 create mode 100644 progress/evidence/2026-10-05/M6.3-reviewed-four-source-merges-and412-Web-static/m63-reviewed-aa218-canonical-integration-oct05/tutor-observation-stdout.log
 create mode 100644 progress/evidence/2026-10-05/M6.3-reviewed-four-source-merges-and412-Web-static/manifest.json
